2025-02-10 20:38:53 [main] INFO : Please select vehicle type from menu
2025-02-10 20:38:53 [main] INFO : 1 CAR
2025-02-10 20:38:53 [main] INFO : 2 BIKE
2025-02-10 20:38:53 [main] INFO : Incorrect input provided
2025-02-10 20:38:53 [main] ERROR: Error parsing user input for type of vehicle
java.lang.IllegalArgumentException: Entered input is invalid
	at com.parkit.parkingsystem.service.ParkingService.getVehichleType(ParkingService.java:142) ~[classes/:?]
	at com.parkit.parkingsystem.service.ParkingService.getNextParkingNumberIfAvailable(ParkingService.java:112) ~[classes/:?]
	at com.parkit.parkingsystem.ParkingServiceTest.testGetNextParkingNumberIfAvailableParkingNumberNotFound(ParkingServiceTest.java:133) ~[test-classes/:?]
	at jdk.internal.reflect.DirectMethodHandleAccessor.invoke(DirectMethodHandleAccessor.java:103) ~[?:?]
	at java.lang.reflect.Method.invoke(Method.java:580) ~[?:?]
	at org.junit.platform.commons.util.ReflectionUtils.invokeMethod(ReflectionUtils.java:688) ~[junit-platform-commons-1.7.2.jar:1.7.2]
	at org.junit.jupiter.engine.execution.MethodInvocation.proceed(MethodInvocation.java:60) ~[junit-jupiter-engine-5.7.2.jar:5.7.2]
	at org.junit.jupiter.engine.execution.InvocationInterceptorChain$ValidatingInvocation.proceed(InvocationInterceptorChain.java:131) ~[junit-jupiter-engine-5.7.2.jar:5.7.2]
	at org.junit.jupiter.engine.extension.TimeoutExtension.intercept(TimeoutExtension.java:149) ~[junit-jupiter-engine-5.7.2.jar:5.7.2]
	at org.junit.jupiter.engine.extension.TimeoutExtension.interceptTestableMethod(TimeoutExtension.java:140) ~[junit-jupiter-engine-5.7.2.jar:5.7.2]
	at org.junit.jupiter.engine.extension.TimeoutExtension.interceptTestMethod(TimeoutExtension.java:84) ~[junit-jupiter-engine-5.7.2.jar:5.7.2]
	at org.junit.jupiter.engine.execution.ExecutableInvoker$ReflectiveInterceptorCall.lambda$ofVoidMethod$0(ExecutableInvoker.java:115) ~[junit-jupiter-engine-5.7.2.jar:5.7.2]
	at org.junit.jupiter.engine.execution.ExecutableInvoker.lambda$invoke$0(ExecutableInvoker.java:105) ~[junit-jupiter-engine-5.7.2.jar:5.7.2]
	at org.junit.jupiter.engine.execution.InvocationInterceptorChain$InterceptedInvocation.proceed(InvocationInterceptorChain.java:106) ~[junit-jupiter-engine-5.7.2.jar:5.7.2]
	at org.junit.jupiter.engine.execution.InvocationInterceptorChain.proceed(InvocationInterceptorChain.java:64) ~[junit-jupiter-engine-5.7.2.jar:5.7.2]
	at org.junit.jupiter.engine.execution.InvocationInterceptorChain.chainAndInvoke(InvocationInterceptorChain.java:45) ~[junit-jupiter-engine-5.7.2.jar:5.7.2]
	at org.junit.jupiter.engine.execution.InvocationInterceptorChain.invoke(InvocationInterceptorChain.java:37) ~[junit-jupiter-engine-5.7.2.jar:5.7.2]
	at org.junit.jupiter.engine.execution.ExecutableInvoker.invoke(ExecutableInvoker.java:104) ~[junit-jupiter-engine-5.7.2.jar:5.7.2]
	at org.junit.jupiter.engine.execution.ExecutableInvoker.invoke(ExecutableInvoker.java:98) ~[junit-jupiter-engine-5.7.2.jar:5.7.2]
	at org.junit.jupiter.engine.descriptor.TestMethodTestDescriptor.lambda$invokeTestMethod$6(TestMethodTestDescriptor.java:210) ~[junit-jupiter-engine-5.7.2.jar:5.7.2]
	at org.junit.platform.engine.support.hierarchical.ThrowableCollector.execute(ThrowableCollector.java:73) ~[junit-platform-engine-1.7.2.jar:1.7.2]
	at org.junit.jupiter.engine.descriptor.TestMethodTestDescriptor.invokeTestMethod(TestMethodTestDescriptor.java:206) ~[junit-jupiter-engine-5.7.2.jar:5.7.2]
	at org.junit.jupiter.engine.descriptor.TestMethodTestDescriptor.execute(TestMethodTestDescriptor.java:131) ~[junit-jupiter-engine-5.7.2.jar:5.7.2]
	at org.junit.jupiter.engine.descriptor.TestMethodTestDescriptor.execute(TestMethodTestDescriptor.java:65) ~[junit-jupiter-engine-5.7.2.jar:5.7.2]
	at org.junit.platform.engine.support.hierarchical.NodeTestTask.lambda$executeRecursively$5(NodeTestTask.java:139) ~[junit-platform-engine-1.7.2.jar:1.7.2]
	at org.junit.platform.engine.support.hierarchical.ThrowableCollector.execute(ThrowableCollector.java:73) ~[junit-platform-engine-1.7.2.jar:1.7.2]
	at org.junit.platform.engine.support.hierarchical.NodeTestTask.lambda$executeRecursively$7(NodeTestTask.java:129) ~[junit-platform-engine-1.7.2.jar:1.7.2]
	at org.junit.platform.engine.support.hierarchical.Node.around(Node.java:137) ~[junit-platform-engine-1.7.2.jar:1.7.2]
	at org.junit.platform.engine.support.hierarchical.NodeTestTask.lambda$executeRecursively$8(NodeTestTask.java:127) ~[junit-platform-engine-1.7.2.jar:1.7.2]
	at org.junit.platform.engine.support.hierarchical.ThrowableCollector.execute(ThrowableCollector.java:73) ~[junit-platform-engine-1.7.2.jar:1.7.2]
	at org.junit.platform.engine.support.hierarchical.NodeTestTask.executeRecursively(NodeTestTask.java:126) ~[junit-platform-engine-1.7.2.jar:1.7.2]
	at org.junit.platform.engine.support.hierarchical.NodeTestTask.execute(NodeTestTask.java:84) ~[junit-platform-engine-1.7.2.jar:1.7.2]
	at java.util.ArrayList.forEach(ArrayList.java:1597) ~[?:?]
	at org.junit.platform.engine.support.hierarchical.SameThreadHierarchicalTestExecutorService.invokeAll(SameThreadHierarchicalTestExecutorService.java:38) ~[junit-platform-engine-1.7.2.jar:1.7.2]
	at org.junit.platform.engine.support.hierarchical.NodeTestTask.lambda$executeRecursively$5(NodeTestTask.java:143) ~[junit-platform-engine-1.7.2.jar:1.7.2]
	at org.junit.platform.engine.support.hierarchical.ThrowableCollector.execute(ThrowableCollector.java:73) ~[junit-platform-engine-1.7.2.jar:1.7.2]
	at org.junit.platform.engine.support.hierarchical.NodeTestTask.lambda$executeRecursively$7(NodeTestTask.java:129) ~[junit-platform-engine-1.7.2.jar:1.7.2]
	at org.junit.platform.engine.support.hierarchical.Node.around(Node.java:137) ~[junit-platform-engine-1.7.2.jar:1.7.2]
	at org.junit.platform.engine.support.hierarchical.NodeTestTask.lambda$executeRecursively$8(NodeTestTask.java:127) ~[junit-platform-engine-1.7.2.jar:1.7.2]
	at org.junit.platform.engine.support.hierarchical.ThrowableCollector.execute(ThrowableCollector.java:73) ~[junit-platform-engine-1.7.2.jar:1.7.2]
	at org.junit.platform.engine.support.hierarchical.NodeTestTask.executeRecursively(NodeTestTask.java:126) ~[junit-platform-engine-1.7.2.jar:1.7.2]
	at org.junit.platform.engine.support.hierarchical.NodeTestTask.execute(NodeTestTask.java:84) ~[junit-platform-engine-1.7.2.jar:1.7.2]
	at java.util.ArrayList.forEach(ArrayList.java:1597) ~[?:?]
	at org.junit.platform.engine.support.hierarchical.SameThreadHierarchicalTestExecutorService.invokeAll(SameThreadHierarchicalTestExecutorService.java:38) ~[junit-platform-engine-1.7.2.jar:1.7.2]
	at org.junit.platform.engine.support.hierarchical.NodeTestTask.lambda$executeRecursively$5(NodeTestTask.java:143) ~[junit-platform-engine-1.7.2.jar:1.7.2]
	at org.junit.platform.engine.support.hierarchical.ThrowableCollector.execute(ThrowableCollector.java:73) ~[junit-platform-engine-1.7.2.jar:1.7.2]
	at org.junit.platform.engine.support.hierarchical.NodeTestTask.lambda$executeRecursively$7(NodeTestTask.java:129) ~[junit-platform-engine-1.7.2.jar:1.7.2]
	at org.junit.platform.engine.support.hierarchical.Node.around(Node.java:137) ~[junit-platform-engine-1.7.2.jar:1.7.2]
	at org.junit.platform.engine.support.hierarchical.NodeTestTask.lambda$executeRecursively$8(NodeTestTask.java:127) ~[junit-platform-engine-1.7.2.jar:1.7.2]
	at org.junit.platform.engine.support.hierarchical.ThrowableCollector.execute(ThrowableCollector.java:73) [junit-platform-engine-1.7.2.jar:1.7.2]
	at org.junit.platform.engine.support.hierarchical.NodeTestTask.executeRecursively(NodeTestTask.java:126) [junit-platform-engine-1.7.2.jar:1.7.2]
	at org.junit.platform.engine.support.hierarchical.NodeTestTask.execute(NodeTestTask.java:84) [junit-platform-engine-1.7.2.jar:1.7.2]
	at org.junit.platform.engine.support.hierarchical.SameThreadHierarchicalTestExecutorService.submit(SameThreadHierarchicalTestExecutorService.java:32) [junit-platform-engine-1.7.2.jar:1.7.2]
	at org.junit.platform.engine.support.hierarchical.HierarchicalTestExecutor.execute(HierarchicalTestExecutor.java:57) [junit-platform-engine-1.7.2.jar:1.7.2]
	at org.junit.platform.engine.support.hierarchical.HierarchicalTestEngine.execute(HierarchicalTestEngine.java:51) [junit-platform-engine-1.7.2.jar:1.7.2]
	at org.junit.platform.launcher.core.DefaultLauncher.execute(DefaultLauncher.java:170) [junit-platform-launcher-1.2.0.jar:1.2.0]
	at org.junit.platform.launcher.core.DefaultLauncher.execute(DefaultLauncher.java:154) [junit-platform-launcher-1.2.0.jar:1.2.0]
	at org.junit.platform.launcher.core.DefaultLauncher.execute(DefaultLauncher.java:90) [junit-platform-launcher-1.2.0.jar:1.2.0]
	at org.junit.platform.surefire.provider.JUnitPlatformProvider.invokeAllTests(JUnitPlatformProvider.java:132) [junit-platform-surefire-provider-1.2.0.jar:1.2.0]
	at org.junit.platform.surefire.provider.JUnitPlatformProvider.invoke(JUnitPlatformProvider.java:111) [junit-platform-surefire-provider-1.2.0.jar:1.2.0]
	at org.apache.maven.surefire.booter.ForkedBooter.invokeProviderInSameClassLoader(ForkedBooter.java:379) [surefire-booter-2.21.0.jar:2.21.0]
	at org.apache.maven.surefire.booter.ForkedBooter.runSuitesInProcess(ForkedBooter.java:340) [surefire-booter-2.21.0.jar:2.21.0]
	at org.apache.maven.surefire.booter.ForkedBooter.execute(ForkedBooter.java:125) [surefire-booter-2.21.0.jar:2.21.0]
	at org.apache.maven.surefire.booter.ForkedBooter.main(ForkedBooter.java:413) [surefire-booter-2.21.0.jar:2.21.0]
2025-02-10 20:38:53 [main] ERROR: Unable to process exiting vehicle
java.lang.NullPointerException: Cannot invoke "Object.getClass()" because "date" is null
	at java.util.Date.getMillisOf(Date.java:956) ~[?:?]
	at java.util.Date.before(Date.java:915) ~[?:?]
	at com.parkit.parkingsystem.service.FareCalculatorService.calculateFare(FareCalculatorService.java:15) ~[classes/:?]
	at com.parkit.parkingsystem.service.ParkingService.processExitingVehicle(ParkingService.java:155) ~[classes/:?]
	at com.parkit.parkingsystem.ParkingServiceTest.processExitingVehicleTestUnableUpdate(ParkingServiceTest.java:107) ~[test-classes/:?]
	at jdk.internal.reflect.DirectMethodHandleAccessor.invoke(DirectMethodHandleAccessor.java:103) ~[?:?]
	at java.lang.reflect.Method.invoke(Method.java:580) ~[?:?]
	at org.junit.platform.commons.util.ReflectionUtils.invokeMethod(ReflectionUtils.java:688) ~[junit-platform-commons-1.7.2.jar:1.7.2]
	at org.junit.jupiter.engine.execution.MethodInvocation.proceed(MethodInvocation.java:60) ~[junit-jupiter-engine-5.7.2.jar:5.7.2]
	at org.junit.jupiter.engine.execution.InvocationInterceptorChain$ValidatingInvocation.proceed(InvocationInterceptorChain.java:131) ~[junit-jupiter-engine-5.7.2.jar:5.7.2]
	at org.junit.jupiter.engine.extension.TimeoutExtension.intercept(TimeoutExtension.java:149) ~[junit-jupiter-engine-5.7.2.jar:5.7.2]
	at org.junit.jupiter.engine.extension.TimeoutExtension.interceptTestableMethod(TimeoutExtension.java:140) ~[junit-jupiter-engine-5.7.2.jar:5.7.2]
	at org.junit.jupiter.engine.extension.TimeoutExtension.interceptTestMethod(TimeoutExtension.java:84) ~[junit-jupiter-engine-5.7.2.jar:5.7.2]
	at org.junit.jupiter.engine.execution.ExecutableInvoker$ReflectiveInterceptorCall.lambda$ofVoidMethod$0(ExecutableInvoker.java:115) ~[junit-jupiter-engine-5.7.2.jar:5.7.2]
	at org.junit.jupiter.engine.execution.ExecutableInvoker.lambda$invoke$0(ExecutableInvoker.java:105) ~[junit-jupiter-engine-5.7.2.jar:5.7.2]
	at org.junit.jupiter.engine.execution.InvocationInterceptorChain$InterceptedInvocation.proceed(InvocationInterceptorChain.java:106) ~[junit-jupiter-engine-5.7.2.jar:5.7.2]
	at org.junit.jupiter.engine.execution.InvocationInterceptorChain.proceed(InvocationInterceptorChain.java:64) ~[junit-jupiter-engine-5.7.2.jar:5.7.2]
	at org.junit.jupiter.engine.execution.InvocationInterceptorChain.chainAndInvoke(InvocationInterceptorChain.java:45) ~[junit-jupiter-engine-5.7.2.jar:5.7.2]
	at org.junit.jupiter.engine.execution.InvocationInterceptorChain.invoke(InvocationInterceptorChain.java:37) ~[junit-jupiter-engine-5.7.2.jar:5.7.2]
	at org.junit.jupiter.engine.execution.ExecutableInvoker.invoke(ExecutableInvoker.java:104) ~[junit-jupiter-engine-5.7.2.jar:5.7.2]
	at org.junit.jupiter.engine.execution.ExecutableInvoker.invoke(ExecutableInvoker.java:98) ~[junit-jupiter-engine-5.7.2.jar:5.7.2]
	at org.junit.jupiter.engine.descriptor.TestMethodTestDescriptor.lambda$invokeTestMethod$6(TestMethodTestDescriptor.java:210) ~[junit-jupiter-engine-5.7.2.jar:5.7.2]
	at org.junit.platform.engine.support.hierarchical.ThrowableCollector.execute(ThrowableCollector.java:73) ~[junit-platform-engine-1.7.2.jar:1.7.2]
	at org.junit.jupiter.engine.descriptor.TestMethodTestDescriptor.invokeTestMethod(TestMethodTestDescriptor.java:206) ~[junit-jupiter-engine-5.7.2.jar:5.7.2]
	at org.junit.jupiter.engine.descriptor.TestMethodTestDescriptor.execute(TestMethodTestDescriptor.java:131) ~[junit-jupiter-engine-5.7.2.jar:5.7.2]
	at org.junit.jupiter.engine.descriptor.TestMethodTestDescriptor.execute(TestMethodTestDescriptor.java:65) ~[junit-jupiter-engine-5.7.2.jar:5.7.2]
	at org.junit.platform.engine.support.hierarchical.NodeTestTask.lambda$executeRecursively$5(NodeTestTask.java:139) ~[junit-platform-engine-1.7.2.jar:1.7.2]
	at org.junit.platform.engine.support.hierarchical.ThrowableCollector.execute(ThrowableCollector.java:73) ~[junit-platform-engine-1.7.2.jar:1.7.2]
	at org.junit.platform.engine.support.hierarchical.NodeTestTask.lambda$executeRecursively$7(NodeTestTask.java:129) ~[junit-platform-engine-1.7.2.jar:1.7.2]
	at org.junit.platform.engine.support.hierarchical.Node.around(Node.java:137) ~[junit-platform-engine-1.7.2.jar:1.7.2]
	at org.junit.platform.engine.support.hierarchical.NodeTestTask.lambda$executeRecursively$8(NodeTestTask.java:127) ~[junit-platform-engine-1.7.2.jar:1.7.2]
	at org.junit.platform.engine.support.hierarchical.ThrowableCollector.execute(ThrowableCollector.java:73) ~[junit-platform-engine-1.7.2.jar:1.7.2]
	at org.junit.platform.engine.support.hierarchical.NodeTestTask.executeRecursively(NodeTestTask.java:126) ~[junit-platform-engine-1.7.2.jar:1.7.2]
	at org.junit.platform.engine.support.hierarchical.NodeTestTask.execute(NodeTestTask.java:84) ~[junit-platform-engine-1.7.2.jar:1.7.2]
	at java.util.ArrayList.forEach(ArrayList.java:1597) ~[?:?]
	at org.junit.platform.engine.support.hierarchical.SameThreadHierarchicalTestExecutorService.invokeAll(SameThreadHierarchicalTestExecutorService.java:38) ~[junit-platform-engine-1.7.2.jar:1.7.2]
	at org.junit.platform.engine.support.hierarchical.NodeTestTask.lambda$executeRecursively$5(NodeTestTask.java:143) ~[junit-platform-engine-1.7.2.jar:1.7.2]
	at org.junit.platform.engine.support.hierarchical.ThrowableCollector.execute(ThrowableCollector.java:73) ~[junit-platform-engine-1.7.2.jar:1.7.2]
	at org.junit.platform.engine.support.hierarchical.NodeTestTask.lambda$executeRecursively$7(NodeTestTask.java:129) ~[junit-platform-engine-1.7.2.jar:1.7.2]
	at org.junit.platform.engine.support.hierarchical.Node.around(Node.java:137) ~[junit-platform-engine-1.7.2.jar:1.7.2]
	at org.junit.platform.engine.support.hierarchical.NodeTestTask.lambda$executeRecursively$8(NodeTestTask.java:127) ~[junit-platform-engine-1.7.2.jar:1.7.2]
	at org.junit.platform.engine.support.hierarchical.ThrowableCollector.execute(ThrowableCollector.java:73) ~[junit-platform-engine-1.7.2.jar:1.7.2]
	at org.junit.platform.engine.support.hierarchical.NodeTestTask.executeRecursively(NodeTestTask.java:126) ~[junit-platform-engine-1.7.2.jar:1.7.2]
	at org.junit.platform.engine.support.hierarchical.NodeTestTask.execute(NodeTestTask.java:84) ~[junit-platform-engine-1.7.2.jar:1.7.2]
	at java.util.ArrayList.forEach(ArrayList.java:1597) ~[?:?]
	at org.junit.platform.engine.support.hierarchical.SameThreadHierarchicalTestExecutorService.invokeAll(SameThreadHierarchicalTestExecutorService.java:38) ~[junit-platform-engine-1.7.2.jar:1.7.2]
	at org.junit.platform.engine.support.hierarchical.NodeTestTask.lambda$executeRecursively$5(NodeTestTask.java:143) ~[junit-platform-engine-1.7.2.jar:1.7.2]
	at org.junit.platform.engine.support.hierarchical.ThrowableCollector.execute(ThrowableCollector.java:73) ~[junit-platform-engine-1.7.2.jar:1.7.2]
	at org.junit.platform.engine.support.hierarchical.NodeTestTask.lambda$executeRecursively$7(NodeTestTask.java:129) ~[junit-platform-engine-1.7.2.jar:1.7.2]
	at org.junit.platform.engine.support.hierarchical.Node.around(Node.java:137) ~[junit-platform-engine-1.7.2.jar:1.7.2]
	at org.junit.platform.engine.support.hierarchical.NodeTestTask.lambda$executeRecursively$8(NodeTestTask.java:127) ~[junit-platform-engine-1.7.2.jar:1.7.2]
	at org.junit.platform.engine.support.hierarchical.ThrowableCollector.execute(ThrowableCollector.java:73) [junit-platform-engine-1.7.2.jar:1.7.2]
	at org.junit.platform.engine.support.hierarchical.NodeTestTask.executeRecursively(NodeTestTask.java:126) [junit-platform-engine-1.7.2.jar:1.7.2]
	at org.junit.platform.engine.support.hierarchical.NodeTestTask.execute(NodeTestTask.java:84) [junit-platform-engine-1.7.2.jar:1.7.2]
	at org.junit.platform.engine.support.hierarchical.SameThreadHierarchicalTestExecutorService.submit(SameThreadHierarchicalTestExecutorService.java:32) [junit-platform-engine-1.7.2.jar:1.7.2]
	at org.junit.platform.engine.support.hierarchical.HierarchicalTestExecutor.execute(HierarchicalTestExecutor.java:57) [junit-platform-engine-1.7.2.jar:1.7.2]
	at org.junit.platform.engine.support.hierarchical.HierarchicalTestEngine.execute(HierarchicalTestEngine.java:51) [junit-platform-engine-1.7.2.jar:1.7.2]
	at org.junit.platform.launcher.core.DefaultLauncher.execute(DefaultLauncher.java:170) [junit-platform-launcher-1.2.0.jar:1.2.0]
	at org.junit.platform.launcher.core.DefaultLauncher.execute(DefaultLauncher.java:154) [junit-platform-launcher-1.2.0.jar:1.2.0]
	at org.junit.platform.launcher.core.DefaultLauncher.execute(DefaultLauncher.java:90) [junit-platform-launcher-1.2.0.jar:1.2.0]
	at org.junit.platform.surefire.provider.JUnitPlatformProvider.invokeAllTests(JUnitPlatformProvider.java:132) [junit-platform-surefire-provider-1.2.0.jar:1.2.0]
	at org.junit.platform.surefire.provider.JUnitPlatformProvider.invoke(JUnitPlatformProvider.java:111) [junit-platform-surefire-provider-1.2.0.jar:1.2.0]
	at org.apache.maven.surefire.booter.ForkedBooter.invokeProviderInSameClassLoader(ForkedBooter.java:379) [surefire-booter-2.21.0.jar:2.21.0]
	at org.apache.maven.surefire.booter.ForkedBooter.runSuitesInProcess(ForkedBooter.java:340) [surefire-booter-2.21.0.jar:2.21.0]
	at org.apache.maven.surefire.booter.ForkedBooter.execute(ForkedBooter.java:125) [surefire-booter-2.21.0.jar:2.21.0]
	at org.apache.maven.surefire.booter.ForkedBooter.main(ForkedBooter.java:413) [surefire-booter-2.21.0.jar:2.21.0]
2025-02-10 20:38:54 [main] INFO : Please select vehicle type from menu
2025-02-10 20:38:54 [main] INFO : 1 CAR
2025-02-10 20:38:54 [main] INFO : 2 BIKE
2025-02-10 20:38:54 [main] ERROR: Error fetching parking number from DB. Parking slots might be full
2025-02-10 20:38:54 [main] INFO : Please select vehicle type from menu
2025-02-10 20:38:54 [main] INFO : 1 CAR
2025-02-10 20:38:54 [main] INFO : 2 BIKE
2025-02-10 20:38:54 [main] INFO : Next available parking number is: 1
2025-02-10 20:38:54 [main] ERROR: Unable to process exiting vehicle
java.lang.NullPointerException: Cannot invoke "Object.getClass()" because "date" is null
	at java.util.Date.getMillisOf(Date.java:956) ~[?:?]
	at java.util.Date.before(Date.java:915) ~[?:?]
	at com.parkit.parkingsystem.service.FareCalculatorService.calculateFare(FareCalculatorService.java:15) ~[classes/:?]
	at com.parkit.parkingsystem.service.ParkingService.processExitingVehicle(ParkingService.java:155) ~[classes/:?]
	at com.parkit.parkingsystem.ParkingServiceTest.processExitingVehicleTest(ParkingServiceTest.java:70) ~[test-classes/:?]
	at jdk.internal.reflect.DirectMethodHandleAccessor.invoke(DirectMethodHandleAccessor.java:103) ~[?:?]
	at java.lang.reflect.Method.invoke(Method.java:580) ~[?:?]
	at org.junit.platform.commons.util.ReflectionUtils.invokeMethod(ReflectionUtils.java:688) ~[junit-platform-commons-1.7.2.jar:1.7.2]
	at org.junit.jupiter.engine.execution.MethodInvocation.proceed(MethodInvocation.java:60) ~[junit-jupiter-engine-5.7.2.jar:5.7.2]
	at org.junit.jupiter.engine.execution.InvocationInterceptorChain$ValidatingInvocation.proceed(InvocationInterceptorChain.java:131) ~[junit-jupiter-engine-5.7.2.jar:5.7.2]
	at org.junit.jupiter.engine.extension.TimeoutExtension.intercept(TimeoutExtension.java:149) ~[junit-jupiter-engine-5.7.2.jar:5.7.2]
	at org.junit.jupiter.engine.extension.TimeoutExtension.interceptTestableMethod(TimeoutExtension.java:140) ~[junit-jupiter-engine-5.7.2.jar:5.7.2]
	at org.junit.jupiter.engine.extension.TimeoutExtension.interceptTestMethod(TimeoutExtension.java:84) ~[junit-jupiter-engine-5.7.2.jar:5.7.2]
	at org.junit.jupiter.engine.execution.ExecutableInvoker$ReflectiveInterceptorCall.lambda$ofVoidMethod$0(ExecutableInvoker.java:115) ~[junit-jupiter-engine-5.7.2.jar:5.7.2]
	at org.junit.jupiter.engine.execution.ExecutableInvoker.lambda$invoke$0(ExecutableInvoker.java:105) ~[junit-jupiter-engine-5.7.2.jar:5.7.2]
	at org.junit.jupiter.engine.execution.InvocationInterceptorChain$InterceptedInvocation.proceed(InvocationInterceptorChain.java:106) ~[junit-jupiter-engine-5.7.2.jar:5.7.2]
	at org.junit.jupiter.engine.execution.InvocationInterceptorChain.proceed(InvocationInterceptorChain.java:64) ~[junit-jupiter-engine-5.7.2.jar:5.7.2]
	at org.junit.jupiter.engine.execution.InvocationInterceptorChain.chainAndInvoke(InvocationInterceptorChain.java:45) ~[junit-jupiter-engine-5.7.2.jar:5.7.2]
	at org.junit.jupiter.engine.execution.InvocationInterceptorChain.invoke(InvocationInterceptorChain.java:37) ~[junit-jupiter-engine-5.7.2.jar:5.7.2]
	at org.junit.jupiter.engine.execution.ExecutableInvoker.invoke(ExecutableInvoker.java:104) ~[junit-jupiter-engine-5.7.2.jar:5.7.2]
	at org.junit.jupiter.engine.execution.ExecutableInvoker.invoke(ExecutableInvoker.java:98) ~[junit-jupiter-engine-5.7.2.jar:5.7.2]
	at org.junit.jupiter.engine.descriptor.TestMethodTestDescriptor.lambda$invokeTestMethod$6(TestMethodTestDescriptor.java:210) ~[junit-jupiter-engine-5.7.2.jar:5.7.2]
	at org.junit.platform.engine.support.hierarchical.ThrowableCollector.execute(ThrowableCollector.java:73) ~[junit-platform-engine-1.7.2.jar:1.7.2]
	at org.junit.jupiter.engine.descriptor.TestMethodTestDescriptor.invokeTestMethod(TestMethodTestDescriptor.java:206) ~[junit-jupiter-engine-5.7.2.jar:5.7.2]
	at org.junit.jupiter.engine.descriptor.TestMethodTestDescriptor.execute(TestMethodTestDescriptor.java:131) ~[junit-jupiter-engine-5.7.2.jar:5.7.2]
	at org.junit.jupiter.engine.descriptor.TestMethodTestDescriptor.execute(TestMethodTestDescriptor.java:65) ~[junit-jupiter-engine-5.7.2.jar:5.7.2]
	at org.junit.platform.engine.support.hierarchical.NodeTestTask.lambda$executeRecursively$5(NodeTestTask.java:139) ~[junit-platform-engine-1.7.2.jar:1.7.2]
	at org.junit.platform.engine.support.hierarchical.ThrowableCollector.execute(ThrowableCollector.java:73) ~[junit-platform-engine-1.7.2.jar:1.7.2]
	at org.junit.platform.engine.support.hierarchical.NodeTestTask.lambda$executeRecursively$7(NodeTestTask.java:129) ~[junit-platform-engine-1.7.2.jar:1.7.2]
	at org.junit.platform.engine.support.hierarchical.Node.around(Node.java:137) ~[junit-platform-engine-1.7.2.jar:1.7.2]
	at org.junit.platform.engine.support.hierarchical.NodeTestTask.lambda$executeRecursively$8(NodeTestTask.java:127) ~[junit-platform-engine-1.7.2.jar:1.7.2]
	at org.junit.platform.engine.support.hierarchical.ThrowableCollector.execute(ThrowableCollector.java:73) ~[junit-platform-engine-1.7.2.jar:1.7.2]
	at org.junit.platform.engine.support.hierarchical.NodeTestTask.executeRecursively(NodeTestTask.java:126) ~[junit-platform-engine-1.7.2.jar:1.7.2]
	at org.junit.platform.engine.support.hierarchical.NodeTestTask.execute(NodeTestTask.java:84) ~[junit-platform-engine-1.7.2.jar:1.7.2]
	at java.util.ArrayList.forEach(ArrayList.java:1597) ~[?:?]
	at org.junit.platform.engine.support.hierarchical.SameThreadHierarchicalTestExecutorService.invokeAll(SameThreadHierarchicalTestExecutorService.java:38) ~[junit-platform-engine-1.7.2.jar:1.7.2]
	at org.junit.platform.engine.support.hierarchical.NodeTestTask.lambda$executeRecursively$5(NodeTestTask.java:143) ~[junit-platform-engine-1.7.2.jar:1.7.2]
	at org.junit.platform.engine.support.hierarchical.ThrowableCollector.execute(ThrowableCollector.java:73) ~[junit-platform-engine-1.7.2.jar:1.7.2]
	at org.junit.platform.engine.support.hierarchical.NodeTestTask.lambda$executeRecursively$7(NodeTestTask.java:129) ~[junit-platform-engine-1.7.2.jar:1.7.2]
	at org.junit.platform.engine.support.hierarchical.Node.around(Node.java:137) ~[junit-platform-engine-1.7.2.jar:1.7.2]
	at org.junit.platform.engine.support.hierarchical.NodeTestTask.lambda$executeRecursively$8(NodeTestTask.java:127) ~[junit-platform-engine-1.7.2.jar:1.7.2]
	at org.junit.platform.engine.support.hierarchical.ThrowableCollector.execute(ThrowableCollector.java:73) ~[junit-platform-engine-1.7.2.jar:1.7.2]
	at org.junit.platform.engine.support.hierarchical.NodeTestTask.executeRecursively(NodeTestTask.java:126) ~[junit-platform-engine-1.7.2.jar:1.7.2]
	at org.junit.platform.engine.support.hierarchical.NodeTestTask.execute(NodeTestTask.java:84) ~[junit-platform-engine-1.7.2.jar:1.7.2]
	at java.util.ArrayList.forEach(ArrayList.java:1597) ~[?:?]
	at org.junit.platform.engine.support.hierarchical.SameThreadHierarchicalTestExecutorService.invokeAll(SameThreadHierarchicalTestExecutorService.java:38) ~[junit-platform-engine-1.7.2.jar:1.7.2]
	at org.junit.platform.engine.support.hierarchical.NodeTestTask.lambda$executeRecursively$5(NodeTestTask.java:143) ~[junit-platform-engine-1.7.2.jar:1.7.2]
	at org.junit.platform.engine.support.hierarchical.ThrowableCollector.execute(ThrowableCollector.java:73) ~[junit-platform-engine-1.7.2.jar:1.7.2]
	at org.junit.platform.engine.support.hierarchical.NodeTestTask.lambda$executeRecursively$7(NodeTestTask.java:129) ~[junit-platform-engine-1.7.2.jar:1.7.2]
	at org.junit.platform.engine.support.hierarchical.Node.around(Node.java:137) ~[junit-platform-engine-1.7.2.jar:1.7.2]
	at org.junit.platform.engine.support.hierarchical.NodeTestTask.lambda$executeRecursively$8(NodeTestTask.java:127) ~[junit-platform-engine-1.7.2.jar:1.7.2]
	at org.junit.platform.engine.support.hierarchical.ThrowableCollector.execute(ThrowableCollector.java:73) [junit-platform-engine-1.7.2.jar:1.7.2]
	at org.junit.platform.engine.support.hierarchical.NodeTestTask.executeRecursively(NodeTestTask.java:126) [junit-platform-engine-1.7.2.jar:1.7.2]
	at org.junit.platform.engine.support.hierarchical.NodeTestTask.execute(NodeTestTask.java:84) [junit-platform-engine-1.7.2.jar:1.7.2]
	at org.junit.platform.engine.support.hierarchical.SameThreadHierarchicalTestExecutorService.submit(SameThreadHierarchicalTestExecutorService.java:32) [junit-platform-engine-1.7.2.jar:1.7.2]
	at org.junit.platform.engine.support.hierarchical.HierarchicalTestExecutor.execute(HierarchicalTestExecutor.java:57) [junit-platform-engine-1.7.2.jar:1.7.2]
	at org.junit.platform.engine.support.hierarchical.HierarchicalTestEngine.execute(HierarchicalTestEngine.java:51) [junit-platform-engine-1.7.2.jar:1.7.2]
	at org.junit.platform.launcher.core.DefaultLauncher.execute(DefaultLauncher.java:170) [junit-platform-launcher-1.2.0.jar:1.2.0]
	at org.junit.platform.launcher.core.DefaultLauncher.execute(DefaultLauncher.java:154) [junit-platform-launcher-1.2.0.jar:1.2.0]
	at org.junit.platform.launcher.core.DefaultLauncher.execute(DefaultLauncher.java:90) [junit-platform-launcher-1.2.0.jar:1.2.0]
	at org.junit.platform.surefire.provider.JUnitPlatformProvider.invokeAllTests(JUnitPlatformProvider.java:132) [junit-platform-surefire-provider-1.2.0.jar:1.2.0]
	at org.junit.platform.surefire.provider.JUnitPlatformProvider.invoke(JUnitPlatformProvider.java:111) [junit-platform-surefire-provider-1.2.0.jar:1.2.0]
	at org.apache.maven.surefire.booter.ForkedBooter.invokeProviderInSameClassLoader(ForkedBooter.java:379) [surefire-booter-2.21.0.jar:2.21.0]
	at org.apache.maven.surefire.booter.ForkedBooter.runSuitesInProcess(ForkedBooter.java:340) [surefire-booter-2.21.0.jar:2.21.0]
	at org.apache.maven.surefire.booter.ForkedBooter.execute(ForkedBooter.java:125) [surefire-booter-2.21.0.jar:2.21.0]
	at org.apache.maven.surefire.booter.ForkedBooter.main(ForkedBooter.java:413) [surefire-booter-2.21.0.jar:2.21.0]
2025-02-10 20:38:54 [main] INFO : Generated Ticket and saved in DB
2025-02-10 20:38:54 [main] INFO : Please park your vehicle in spot number: 1
2025-02-10 20:38:54 [main] INFO : Recorded in-time for vehicle number: ABCDEF is: 2025-02-10T20:38:54.362+1100
2025-02-10 20:38:54 [main] ERROR: Unable to process incoming vehicle
java.lang.NullPointerException: Cannot invoke "java.util.Date.toString()" because the return value of "com.parkit.parkingsystem.model.Ticket.getOutTime()" is null
	at com.parkit.parkingsystem.service.FareCalculatorService.calculateFare(FareCalculatorService.java:16) ~[classes/:?]
	at com.parkit.parkingsystem.service.ParkingService.processIncomingVehicle(ParkingService.java:95) ~[classes/:?]
	at com.parkit.parkingsystem.ParkingServiceTest.testProcessIncomingVehicle(ParkingServiceTest.java:86) ~[test-classes/:?]
	at jdk.internal.reflect.DirectMethodHandleAccessor.invoke(DirectMethodHandleAccessor.java:103) ~[?:?]
	at java.lang.reflect.Method.invoke(Method.java:580) ~[?:?]
	at org.junit.platform.commons.util.ReflectionUtils.invokeMethod(ReflectionUtils.java:688) ~[junit-platform-commons-1.7.2.jar:1.7.2]
	at org.junit.jupiter.engine.execution.MethodInvocation.proceed(MethodInvocation.java:60) ~[junit-jupiter-engine-5.7.2.jar:5.7.2]
	at org.junit.jupiter.engine.execution.InvocationInterceptorChain$ValidatingInvocation.proceed(InvocationInterceptorChain.java:131) ~[junit-jupiter-engine-5.7.2.jar:5.7.2]
	at org.junit.jupiter.engine.extension.TimeoutExtension.intercept(TimeoutExtension.java:149) ~[junit-jupiter-engine-5.7.2.jar:5.7.2]
	at org.junit.jupiter.engine.extension.TimeoutExtension.interceptTestableMethod(TimeoutExtension.java:140) ~[junit-jupiter-engine-5.7.2.jar:5.7.2]
	at org.junit.jupiter.engine.extension.TimeoutExtension.interceptTestMethod(TimeoutExtension.java:84) ~[junit-jupiter-engine-5.7.2.jar:5.7.2]
	at org.junit.jupiter.engine.execution.ExecutableInvoker$ReflectiveInterceptorCall.lambda$ofVoidMethod$0(ExecutableInvoker.java:115) ~[junit-jupiter-engine-5.7.2.jar:5.7.2]
	at org.junit.jupiter.engine.execution.ExecutableInvoker.lambda$invoke$0(ExecutableInvoker.java:105) ~[junit-jupiter-engine-5.7.2.jar:5.7.2]
	at org.junit.jupiter.engine.execution.InvocationInterceptorChain$InterceptedInvocation.proceed(InvocationInterceptorChain.java:106) ~[junit-jupiter-engine-5.7.2.jar:5.7.2]
	at org.junit.jupiter.engine.execution.InvocationInterceptorChain.proceed(InvocationInterceptorChain.java:64) ~[junit-jupiter-engine-5.7.2.jar:5.7.2]
	at org.junit.jupiter.engine.execution.InvocationInterceptorChain.chainAndInvoke(InvocationInterceptorChain.java:45) ~[junit-jupiter-engine-5.7.2.jar:5.7.2]
	at org.junit.jupiter.engine.execution.InvocationInterceptorChain.invoke(InvocationInterceptorChain.java:37) ~[junit-jupiter-engine-5.7.2.jar:5.7.2]
	at org.junit.jupiter.engine.execution.ExecutableInvoker.invoke(ExecutableInvoker.java:104) ~[junit-jupiter-engine-5.7.2.jar:5.7.2]
	at org.junit.jupiter.engine.execution.ExecutableInvoker.invoke(ExecutableInvoker.java:98) ~[junit-jupiter-engine-5.7.2.jar:5.7.2]
	at org.junit.jupiter.engine.descriptor.TestMethodTestDescriptor.lambda$invokeTestMethod$6(TestMethodTestDescriptor.java:210) ~[junit-jupiter-engine-5.7.2.jar:5.7.2]
	at org.junit.platform.engine.support.hierarchical.ThrowableCollector.execute(ThrowableCollector.java:73) ~[junit-platform-engine-1.7.2.jar:1.7.2]
	at org.junit.jupiter.engine.descriptor.TestMethodTestDescriptor.invokeTestMethod(TestMethodTestDescriptor.java:206) ~[junit-jupiter-engine-5.7.2.jar:5.7.2]
	at org.junit.jupiter.engine.descriptor.TestMethodTestDescriptor.execute(TestMethodTestDescriptor.java:131) ~[junit-jupiter-engine-5.7.2.jar:5.7.2]
	at org.junit.jupiter.engine.descriptor.TestMethodTestDescriptor.execute(TestMethodTestDescriptor.java:65) ~[junit-jupiter-engine-5.7.2.jar:5.7.2]
	at org.junit.platform.engine.support.hierarchical.NodeTestTask.lambda$executeRecursively$5(NodeTestTask.java:139) ~[junit-platform-engine-1.7.2.jar:1.7.2]
	at org.junit.platform.engine.support.hierarchical.ThrowableCollector.execute(ThrowableCollector.java:73) ~[junit-platform-engine-1.7.2.jar:1.7.2]
	at org.junit.platform.engine.support.hierarchical.NodeTestTask.lambda$executeRecursively$7(NodeTestTask.java:129) ~[junit-platform-engine-1.7.2.jar:1.7.2]
	at org.junit.platform.engine.support.hierarchical.Node.around(Node.java:137) ~[junit-platform-engine-1.7.2.jar:1.7.2]
	at org.junit.platform.engine.support.hierarchical.NodeTestTask.lambda$executeRecursively$8(NodeTestTask.java:127) ~[junit-platform-engine-1.7.2.jar:1.7.2]
	at org.junit.platform.engine.support.hierarchical.ThrowableCollector.execute(ThrowableCollector.java:73) ~[junit-platform-engine-1.7.2.jar:1.7.2]
	at org.junit.platform.engine.support.hierarchical.NodeTestTask.executeRecursively(NodeTestTask.java:126) ~[junit-platform-engine-1.7.2.jar:1.7.2]
	at org.junit.platform.engine.support.hierarchical.NodeTestTask.execute(NodeTestTask.java:84) ~[junit-platform-engine-1.7.2.jar:1.7.2]
	at java.util.ArrayList.forEach(ArrayList.java:1597) ~[?:?]
	at org.junit.platform.engine.support.hierarchical.SameThreadHierarchicalTestExecutorService.invokeAll(SameThreadHierarchicalTestExecutorService.java:38) ~[junit-platform-engine-1.7.2.jar:1.7.2]
	at org.junit.platform.engine.support.hierarchical.NodeTestTask.lambda$executeRecursively$5(NodeTestTask.java:143) ~[junit-platform-engine-1.7.2.jar:1.7.2]
	at org.junit.platform.engine.support.hierarchical.ThrowableCollector.execute(ThrowableCollector.java:73) ~[junit-platform-engine-1.7.2.jar:1.7.2]
	at org.junit.platform.engine.support.hierarchical.NodeTestTask.lambda$executeRecursively$7(NodeTestTask.java:129) ~[junit-platform-engine-1.7.2.jar:1.7.2]
	at org.junit.platform.engine.support.hierarchical.Node.around(Node.java:137) ~[junit-platform-engine-1.7.2.jar:1.7.2]
	at org.junit.platform.engine.support.hierarchical.NodeTestTask.lambda$executeRecursively$8(NodeTestTask.java:127) ~[junit-platform-engine-1.7.2.jar:1.7.2]
	at org.junit.platform.engine.support.hierarchical.ThrowableCollector.execute(ThrowableCollector.java:73) ~[junit-platform-engine-1.7.2.jar:1.7.2]
	at org.junit.platform.engine.support.hierarchical.NodeTestTask.executeRecursively(NodeTestTask.java:126) ~[junit-platform-engine-1.7.2.jar:1.7.2]
	at org.junit.platform.engine.support.hierarchical.NodeTestTask.execute(NodeTestTask.java:84) ~[junit-platform-engine-1.7.2.jar:1.7.2]
	at java.util.ArrayList.forEach(ArrayList.java:1597) ~[?:?]
	at org.junit.platform.engine.support.hierarchical.SameThreadHierarchicalTestExecutorService.invokeAll(SameThreadHierarchicalTestExecutorService.java:38) ~[junit-platform-engine-1.7.2.jar:1.7.2]
	at org.junit.platform.engine.support.hierarchical.NodeTestTask.lambda$executeRecursively$5(NodeTestTask.java:143) ~[junit-platform-engine-1.7.2.jar:1.7.2]
	at org.junit.platform.engine.support.hierarchical.ThrowableCollector.execute(ThrowableCollector.java:73) ~[junit-platform-engine-1.7.2.jar:1.7.2]
	at org.junit.platform.engine.support.hierarchical.NodeTestTask.lambda$executeRecursively$7(NodeTestTask.java:129) ~[junit-platform-engine-1.7.2.jar:1.7.2]
	at org.junit.platform.engine.support.hierarchical.Node.around(Node.java:137) ~[junit-platform-engine-1.7.2.jar:1.7.2]
	at org.junit.platform.engine.support.hierarchical.NodeTestTask.lambda$executeRecursively$8(NodeTestTask.java:127) ~[junit-platform-engine-1.7.2.jar:1.7.2]
	at org.junit.platform.engine.support.hierarchical.ThrowableCollector.execute(ThrowableCollector.java:73) [junit-platform-engine-1.7.2.jar:1.7.2]
	at org.junit.platform.engine.support.hierarchical.NodeTestTask.executeRecursively(NodeTestTask.java:126) [junit-platform-engine-1.7.2.jar:1.7.2]
	at org.junit.platform.engine.support.hierarchical.NodeTestTask.execute(NodeTestTask.java:84) [junit-platform-engine-1.7.2.jar:1.7.2]
	at org.junit.platform.engine.support.hierarchical.SameThreadHierarchicalTestExecutorService.submit(SameThreadHierarchicalTestExecutorService.java:32) [junit-platform-engine-1.7.2.jar:1.7.2]
	at org.junit.platform.engine.support.hierarchical.HierarchicalTestExecutor.execute(HierarchicalTestExecutor.java:57) [junit-platform-engine-1.7.2.jar:1.7.2]
	at org.junit.platform.engine.support.hierarchical.HierarchicalTestEngine.execute(HierarchicalTestEngine.java:51) [junit-platform-engine-1.7.2.jar:1.7.2]
	at org.junit.platform.launcher.core.DefaultLauncher.execute(DefaultLauncher.java:170) [junit-platform-launcher-1.2.0.jar:1.2.0]
	at org.junit.platform.launcher.core.DefaultLauncher.execute(DefaultLauncher.java:154) [junit-platform-launcher-1.2.0.jar:1.2.0]
	at org.junit.platform.launcher.core.DefaultLauncher.execute(DefaultLauncher.java:90) [junit-platform-launcher-1.2.0.jar:1.2.0]
	at org.junit.platform.surefire.provider.JUnitPlatformProvider.invokeAllTests(JUnitPlatformProvider.java:132) [junit-platform-surefire-provider-1.2.0.jar:1.2.0]
	at org.junit.platform.surefire.provider.JUnitPlatformProvider.invoke(JUnitPlatformProvider.java:111) [junit-platform-surefire-provider-1.2.0.jar:1.2.0]
	at org.apache.maven.surefire.booter.ForkedBooter.invokeProviderInSameClassLoader(ForkedBooter.java:379) [surefire-booter-2.21.0.jar:2.21.0]
	at org.apache.maven.surefire.booter.ForkedBooter.runSuitesInProcess(ForkedBooter.java:340) [surefire-booter-2.21.0.jar:2.21.0]
	at org.apache.maven.surefire.booter.ForkedBooter.execute(ForkedBooter.java:125) [surefire-booter-2.21.0.jar:2.21.0]
	at org.apache.maven.surefire.booter.ForkedBooter.main(ForkedBooter.java:413) [surefire-booter-2.21.0.jar:2.21.0]
2025-02-10 20:42:44 [main] INFO : Please select vehicle type from menu
2025-02-10 20:42:44 [main] INFO : 1 CAR
2025-02-10 20:42:44 [main] INFO : 2 BIKE
2025-02-10 20:42:44 [main] INFO : Incorrect input provided
2025-02-10 20:42:44 [main] ERROR: Error parsing user input for type of vehicle
java.lang.IllegalArgumentException: Entered input is invalid
	at com.parkit.parkingsystem.service.ParkingService.getVehichleType(ParkingService.java:142) ~[classes/:?]
	at com.parkit.parkingsystem.service.ParkingService.getNextParkingNumberIfAvailable(ParkingService.java:112) ~[classes/:?]
	at com.parkit.parkingsystem.ParkingServiceTest.testGetNextParkingNumberIfAvailableParkingNumberNotFound(ParkingServiceTest.java:133) ~[test-classes/:?]
	at jdk.internal.reflect.DirectMethodHandleAccessor.invoke(DirectMethodHandleAccessor.java:103) ~[?:?]
	at java.lang.reflect.Method.invoke(Method.java:580) ~[?:?]
	at org.junit.platform.commons.util.ReflectionUtils.invokeMethod(ReflectionUtils.java:688) ~[junit-platform-commons-1.7.2.jar:1.7.2]
	at org.junit.jupiter.engine.execution.MethodInvocation.proceed(MethodInvocation.java:60) ~[junit-jupiter-engine-5.7.2.jar:5.7.2]
	at org.junit.jupiter.engine.execution.InvocationInterceptorChain$ValidatingInvocation.proceed(InvocationInterceptorChain.java:131) ~[junit-jupiter-engine-5.7.2.jar:5.7.2]
	at org.junit.jupiter.engine.extension.TimeoutExtension.intercept(TimeoutExtension.java:149) ~[junit-jupiter-engine-5.7.2.jar:5.7.2]
	at org.junit.jupiter.engine.extension.TimeoutExtension.interceptTestableMethod(TimeoutExtension.java:140) ~[junit-jupiter-engine-5.7.2.jar:5.7.2]
	at org.junit.jupiter.engine.extension.TimeoutExtension.interceptTestMethod(TimeoutExtension.java:84) ~[junit-jupiter-engine-5.7.2.jar:5.7.2]
	at org.junit.jupiter.engine.execution.ExecutableInvoker$ReflectiveInterceptorCall.lambda$ofVoidMethod$0(ExecutableInvoker.java:115) ~[junit-jupiter-engine-5.7.2.jar:5.7.2]
	at org.junit.jupiter.engine.execution.ExecutableInvoker.lambda$invoke$0(ExecutableInvoker.java:105) ~[junit-jupiter-engine-5.7.2.jar:5.7.2]
	at org.junit.jupiter.engine.execution.InvocationInterceptorChain$InterceptedInvocation.proceed(InvocationInterceptorChain.java:106) ~[junit-jupiter-engine-5.7.2.jar:5.7.2]
	at org.junit.jupiter.engine.execution.InvocationInterceptorChain.proceed(InvocationInterceptorChain.java:64) ~[junit-jupiter-engine-5.7.2.jar:5.7.2]
	at org.junit.jupiter.engine.execution.InvocationInterceptorChain.chainAndInvoke(InvocationInterceptorChain.java:45) ~[junit-jupiter-engine-5.7.2.jar:5.7.2]
	at org.junit.jupiter.engine.execution.InvocationInterceptorChain.invoke(InvocationInterceptorChain.java:37) ~[junit-jupiter-engine-5.7.2.jar:5.7.2]
	at org.junit.jupiter.engine.execution.ExecutableInvoker.invoke(ExecutableInvoker.java:104) ~[junit-jupiter-engine-5.7.2.jar:5.7.2]
	at org.junit.jupiter.engine.execution.ExecutableInvoker.invoke(ExecutableInvoker.java:98) ~[junit-jupiter-engine-5.7.2.jar:5.7.2]
	at org.junit.jupiter.engine.descriptor.TestMethodTestDescriptor.lambda$invokeTestMethod$6(TestMethodTestDescriptor.java:210) ~[junit-jupiter-engine-5.7.2.jar:5.7.2]
	at org.junit.platform.engine.support.hierarchical.ThrowableCollector.execute(ThrowableCollector.java:73) ~[junit-platform-engine-1.7.2.jar:1.7.2]
	at org.junit.jupiter.engine.descriptor.TestMethodTestDescriptor.invokeTestMethod(TestMethodTestDescriptor.java:206) ~[junit-jupiter-engine-5.7.2.jar:5.7.2]
	at org.junit.jupiter.engine.descriptor.TestMethodTestDescriptor.execute(TestMethodTestDescriptor.java:131) ~[junit-jupiter-engine-5.7.2.jar:5.7.2]
	at org.junit.jupiter.engine.descriptor.TestMethodTestDescriptor.execute(TestMethodTestDescriptor.java:65) ~[junit-jupiter-engine-5.7.2.jar:5.7.2]
	at org.junit.platform.engine.support.hierarchical.NodeTestTask.lambda$executeRecursively$5(NodeTestTask.java:139) ~[junit-platform-engine-1.7.2.jar:1.7.2]
	at org.junit.platform.engine.support.hierarchical.ThrowableCollector.execute(ThrowableCollector.java:73) ~[junit-platform-engine-1.7.2.jar:1.7.2]
	at org.junit.platform.engine.support.hierarchical.NodeTestTask.lambda$executeRecursively$7(NodeTestTask.java:129) ~[junit-platform-engine-1.7.2.jar:1.7.2]
	at org.junit.platform.engine.support.hierarchical.Node.around(Node.java:137) ~[junit-platform-engine-1.7.2.jar:1.7.2]
	at org.junit.platform.engine.support.hierarchical.NodeTestTask.lambda$executeRecursively$8(NodeTestTask.java:127) ~[junit-platform-engine-1.7.2.jar:1.7.2]
	at org.junit.platform.engine.support.hierarchical.ThrowableCollector.execute(ThrowableCollector.java:73) ~[junit-platform-engine-1.7.2.jar:1.7.2]
	at org.junit.platform.engine.support.hierarchical.NodeTestTask.executeRecursively(NodeTestTask.java:126) ~[junit-platform-engine-1.7.2.jar:1.7.2]
	at org.junit.platform.engine.support.hierarchical.NodeTestTask.execute(NodeTestTask.java:84) ~[junit-platform-engine-1.7.2.jar:1.7.2]
	at java.util.ArrayList.forEach(ArrayList.java:1597) ~[?:?]
	at org.junit.platform.engine.support.hierarchical.SameThreadHierarchicalTestExecutorService.invokeAll(SameThreadHierarchicalTestExecutorService.java:38) ~[junit-platform-engine-1.7.2.jar:1.7.2]
	at org.junit.platform.engine.support.hierarchical.NodeTestTask.lambda$executeRecursively$5(NodeTestTask.java:143) ~[junit-platform-engine-1.7.2.jar:1.7.2]
	at org.junit.platform.engine.support.hierarchical.ThrowableCollector.execute(ThrowableCollector.java:73) ~[junit-platform-engine-1.7.2.jar:1.7.2]
	at org.junit.platform.engine.support.hierarchical.NodeTestTask.lambda$executeRecursively$7(NodeTestTask.java:129) ~[junit-platform-engine-1.7.2.jar:1.7.2]
	at org.junit.platform.engine.support.hierarchical.Node.around(Node.java:137) ~[junit-platform-engine-1.7.2.jar:1.7.2]
	at org.junit.platform.engine.support.hierarchical.NodeTestTask.lambda$executeRecursively$8(NodeTestTask.java:127) ~[junit-platform-engine-1.7.2.jar:1.7.2]
	at org.junit.platform.engine.support.hierarchical.ThrowableCollector.execute(ThrowableCollector.java:73) ~[junit-platform-engine-1.7.2.jar:1.7.2]
	at org.junit.platform.engine.support.hierarchical.NodeTestTask.executeRecursively(NodeTestTask.java:126) ~[junit-platform-engine-1.7.2.jar:1.7.2]
	at org.junit.platform.engine.support.hierarchical.NodeTestTask.execute(NodeTestTask.java:84) ~[junit-platform-engine-1.7.2.jar:1.7.2]
	at java.util.ArrayList.forEach(ArrayList.java:1597) ~[?:?]
	at org.junit.platform.engine.support.hierarchical.SameThreadHierarchicalTestExecutorService.invokeAll(SameThreadHierarchicalTestExecutorService.java:38) ~[junit-platform-engine-1.7.2.jar:1.7.2]
	at org.junit.platform.engine.support.hierarchical.NodeTestTask.lambda$executeRecursively$5(NodeTestTask.java:143) ~[junit-platform-engine-1.7.2.jar:1.7.2]
	at org.junit.platform.engine.support.hierarchical.ThrowableCollector.execute(ThrowableCollector.java:73) ~[junit-platform-engine-1.7.2.jar:1.7.2]
	at org.junit.platform.engine.support.hierarchical.NodeTestTask.lambda$executeRecursively$7(NodeTestTask.java:129) ~[junit-platform-engine-1.7.2.jar:1.7.2]
	at org.junit.platform.engine.support.hierarchical.Node.around(Node.java:137) ~[junit-platform-engine-1.7.2.jar:1.7.2]
	at org.junit.platform.engine.support.hierarchical.NodeTestTask.lambda$executeRecursively$8(NodeTestTask.java:127) ~[junit-platform-engine-1.7.2.jar:1.7.2]
	at org.junit.platform.engine.support.hierarchical.ThrowableCollector.execute(ThrowableCollector.java:73) [junit-platform-engine-1.7.2.jar:1.7.2]
	at org.junit.platform.engine.support.hierarchical.NodeTestTask.executeRecursively(NodeTestTask.java:126) [junit-platform-engine-1.7.2.jar:1.7.2]
	at org.junit.platform.engine.support.hierarchical.NodeTestTask.execute(NodeTestTask.java:84) [junit-platform-engine-1.7.2.jar:1.7.2]
	at org.junit.platform.engine.support.hierarchical.SameThreadHierarchicalTestExecutorService.submit(SameThreadHierarchicalTestExecutorService.java:32) [junit-platform-engine-1.7.2.jar:1.7.2]
	at org.junit.platform.engine.support.hierarchical.HierarchicalTestExecutor.execute(HierarchicalTestExecutor.java:57) [junit-platform-engine-1.7.2.jar:1.7.2]
	at org.junit.platform.engine.support.hierarchical.HierarchicalTestEngine.execute(HierarchicalTestEngine.java:51) [junit-platform-engine-1.7.2.jar:1.7.2]
	at org.junit.platform.launcher.core.DefaultLauncher.execute(DefaultLauncher.java:170) [junit-platform-launcher-1.2.0.jar:1.2.0]
	at org.junit.platform.launcher.core.DefaultLauncher.execute(DefaultLauncher.java:154) [junit-platform-launcher-1.2.0.jar:1.2.0]
	at org.junit.platform.launcher.core.DefaultLauncher.execute(DefaultLauncher.java:90) [junit-platform-launcher-1.2.0.jar:1.2.0]
	at org.junit.platform.surefire.provider.JUnitPlatformProvider.invokeAllTests(JUnitPlatformProvider.java:132) [junit-platform-surefire-provider-1.2.0.jar:1.2.0]
	at org.junit.platform.surefire.provider.JUnitPlatformProvider.invoke(JUnitPlatformProvider.java:111) [junit-platform-surefire-provider-1.2.0.jar:1.2.0]
	at org.apache.maven.surefire.booter.ForkedBooter.invokeProviderInSameClassLoader(ForkedBooter.java:379) [surefire-booter-2.21.0.jar:2.21.0]
	at org.apache.maven.surefire.booter.ForkedBooter.runSuitesInProcess(ForkedBooter.java:340) [surefire-booter-2.21.0.jar:2.21.0]
	at org.apache.maven.surefire.booter.ForkedBooter.execute(ForkedBooter.java:125) [surefire-booter-2.21.0.jar:2.21.0]
	at org.apache.maven.surefire.booter.ForkedBooter.main(ForkedBooter.java:413) [surefire-booter-2.21.0.jar:2.21.0]
2025-02-10 20:42:45 [main] ERROR: Unable to process exiting vehicle
java.lang.NullPointerException: Cannot invoke "Object.getClass()" because "date" is null
	at java.util.Date.getMillisOf(Date.java:956) ~[?:?]
	at java.util.Date.before(Date.java:915) ~[?:?]
	at com.parkit.parkingsystem.service.FareCalculatorService.calculateFare(FareCalculatorService.java:15) ~[classes/:?]
	at com.parkit.parkingsystem.service.ParkingService.processExitingVehicle(ParkingService.java:155) ~[classes/:?]
	at com.parkit.parkingsystem.ParkingServiceTest.processExitingVehicleTestUnableUpdate(ParkingServiceTest.java:107) ~[test-classes/:?]
	at jdk.internal.reflect.DirectMethodHandleAccessor.invoke(DirectMethodHandleAccessor.java:103) ~[?:?]
	at java.lang.reflect.Method.invoke(Method.java:580) ~[?:?]
	at org.junit.platform.commons.util.ReflectionUtils.invokeMethod(ReflectionUtils.java:688) ~[junit-platform-commons-1.7.2.jar:1.7.2]
	at org.junit.jupiter.engine.execution.MethodInvocation.proceed(MethodInvocation.java:60) ~[junit-jupiter-engine-5.7.2.jar:5.7.2]
	at org.junit.jupiter.engine.execution.InvocationInterceptorChain$ValidatingInvocation.proceed(InvocationInterceptorChain.java:131) ~[junit-jupiter-engine-5.7.2.jar:5.7.2]
	at org.junit.jupiter.engine.extension.TimeoutExtension.intercept(TimeoutExtension.java:149) ~[junit-jupiter-engine-5.7.2.jar:5.7.2]
	at org.junit.jupiter.engine.extension.TimeoutExtension.interceptTestableMethod(TimeoutExtension.java:140) ~[junit-jupiter-engine-5.7.2.jar:5.7.2]
	at org.junit.jupiter.engine.extension.TimeoutExtension.interceptTestMethod(TimeoutExtension.java:84) ~[junit-jupiter-engine-5.7.2.jar:5.7.2]
	at org.junit.jupiter.engine.execution.ExecutableInvoker$ReflectiveInterceptorCall.lambda$ofVoidMethod$0(ExecutableInvoker.java:115) ~[junit-jupiter-engine-5.7.2.jar:5.7.2]
	at org.junit.jupiter.engine.execution.ExecutableInvoker.lambda$invoke$0(ExecutableInvoker.java:105) ~[junit-jupiter-engine-5.7.2.jar:5.7.2]
	at org.junit.jupiter.engine.execution.InvocationInterceptorChain$InterceptedInvocation.proceed(InvocationInterceptorChain.java:106) ~[junit-jupiter-engine-5.7.2.jar:5.7.2]
	at org.junit.jupiter.engine.execution.InvocationInterceptorChain.proceed(InvocationInterceptorChain.java:64) ~[junit-jupiter-engine-5.7.2.jar:5.7.2]
	at org.junit.jupiter.engine.execution.InvocationInterceptorChain.chainAndInvoke(InvocationInterceptorChain.java:45) ~[junit-jupiter-engine-5.7.2.jar:5.7.2]
	at org.junit.jupiter.engine.execution.InvocationInterceptorChain.invoke(InvocationInterceptorChain.java:37) ~[junit-jupiter-engine-5.7.2.jar:5.7.2]
	at org.junit.jupiter.engine.execution.ExecutableInvoker.invoke(ExecutableInvoker.java:104) ~[junit-jupiter-engine-5.7.2.jar:5.7.2]
	at org.junit.jupiter.engine.execution.ExecutableInvoker.invoke(ExecutableInvoker.java:98) ~[junit-jupiter-engine-5.7.2.jar:5.7.2]
	at org.junit.jupiter.engine.descriptor.TestMethodTestDescriptor.lambda$invokeTestMethod$6(TestMethodTestDescriptor.java:210) ~[junit-jupiter-engine-5.7.2.jar:5.7.2]
	at org.junit.platform.engine.support.hierarchical.ThrowableCollector.execute(ThrowableCollector.java:73) ~[junit-platform-engine-1.7.2.jar:1.7.2]
	at org.junit.jupiter.engine.descriptor.TestMethodTestDescriptor.invokeTestMethod(TestMethodTestDescriptor.java:206) ~[junit-jupiter-engine-5.7.2.jar:5.7.2]
	at org.junit.jupiter.engine.descriptor.TestMethodTestDescriptor.execute(TestMethodTestDescriptor.java:131) ~[junit-jupiter-engine-5.7.2.jar:5.7.2]
	at org.junit.jupiter.engine.descriptor.TestMethodTestDescriptor.execute(TestMethodTestDescriptor.java:65) ~[junit-jupiter-engine-5.7.2.jar:5.7.2]
	at org.junit.platform.engine.support.hierarchical.NodeTestTask.lambda$executeRecursively$5(NodeTestTask.java:139) ~[junit-platform-engine-1.7.2.jar:1.7.2]
	at org.junit.platform.engine.support.hierarchical.ThrowableCollector.execute(ThrowableCollector.java:73) ~[junit-platform-engine-1.7.2.jar:1.7.2]
	at org.junit.platform.engine.support.hierarchical.NodeTestTask.lambda$executeRecursively$7(NodeTestTask.java:129) ~[junit-platform-engine-1.7.2.jar:1.7.2]
	at org.junit.platform.engine.support.hierarchical.Node.around(Node.java:137) ~[junit-platform-engine-1.7.2.jar:1.7.2]
	at org.junit.platform.engine.support.hierarchical.NodeTestTask.lambda$executeRecursively$8(NodeTestTask.java:127) ~[junit-platform-engine-1.7.2.jar:1.7.2]
	at org.junit.platform.engine.support.hierarchical.ThrowableCollector.execute(ThrowableCollector.java:73) ~[junit-platform-engine-1.7.2.jar:1.7.2]
	at org.junit.platform.engine.support.hierarchical.NodeTestTask.executeRecursively(NodeTestTask.java:126) ~[junit-platform-engine-1.7.2.jar:1.7.2]
	at org.junit.platform.engine.support.hierarchical.NodeTestTask.execute(NodeTestTask.java:84) ~[junit-platform-engine-1.7.2.jar:1.7.2]
	at java.util.ArrayList.forEach(ArrayList.java:1597) ~[?:?]
	at org.junit.platform.engine.support.hierarchical.SameThreadHierarchicalTestExecutorService.invokeAll(SameThreadHierarchicalTestExecutorService.java:38) ~[junit-platform-engine-1.7.2.jar:1.7.2]
	at org.junit.platform.engine.support.hierarchical.NodeTestTask.lambda$executeRecursively$5(NodeTestTask.java:143) ~[junit-platform-engine-1.7.2.jar:1.7.2]
	at org.junit.platform.engine.support.hierarchical.ThrowableCollector.execute(ThrowableCollector.java:73) ~[junit-platform-engine-1.7.2.jar:1.7.2]
	at org.junit.platform.engine.support.hierarchical.NodeTestTask.lambda$executeRecursively$7(NodeTestTask.java:129) ~[junit-platform-engine-1.7.2.jar:1.7.2]
	at org.junit.platform.engine.support.hierarchical.Node.around(Node.java:137) ~[junit-platform-engine-1.7.2.jar:1.7.2]
	at org.junit.platform.engine.support.hierarchical.NodeTestTask.lambda$executeRecursively$8(NodeTestTask.java:127) ~[junit-platform-engine-1.7.2.jar:1.7.2]
	at org.junit.platform.engine.support.hierarchical.ThrowableCollector.execute(ThrowableCollector.java:73) ~[junit-platform-engine-1.7.2.jar:1.7.2]
	at org.junit.platform.engine.support.hierarchical.NodeTestTask.executeRecursively(NodeTestTask.java:126) ~[junit-platform-engine-1.7.2.jar:1.7.2]
	at org.junit.platform.engine.support.hierarchical.NodeTestTask.execute(NodeTestTask.java:84) ~[junit-platform-engine-1.7.2.jar:1.7.2]
	at java.util.ArrayList.forEach(ArrayList.java:1597) ~[?:?]
	at org.junit.platform.engine.support.hierarchical.SameThreadHierarchicalTestExecutorService.invokeAll(SameThreadHierarchicalTestExecutorService.java:38) ~[junit-platform-engine-1.7.2.jar:1.7.2]
	at org.junit.platform.engine.support.hierarchical.NodeTestTask.lambda$executeRecursively$5(NodeTestTask.java:143) ~[junit-platform-engine-1.7.2.jar:1.7.2]
	at org.junit.platform.engine.support.hierarchical.ThrowableCollector.execute(ThrowableCollector.java:73) ~[junit-platform-engine-1.7.2.jar:1.7.2]
	at org.junit.platform.engine.support.hierarchical.NodeTestTask.lambda$executeRecursively$7(NodeTestTask.java:129) ~[junit-platform-engine-1.7.2.jar:1.7.2]
	at org.junit.platform.engine.support.hierarchical.Node.around(Node.java:137) ~[junit-platform-engine-1.7.2.jar:1.7.2]
	at org.junit.platform.engine.support.hierarchical.NodeTestTask.lambda$executeRecursively$8(NodeTestTask.java:127) ~[junit-platform-engine-1.7.2.jar:1.7.2]
	at org.junit.platform.engine.support.hierarchical.ThrowableCollector.execute(ThrowableCollector.java:73) [junit-platform-engine-1.7.2.jar:1.7.2]
	at org.junit.platform.engine.support.hierarchical.NodeTestTask.executeRecursively(NodeTestTask.java:126) [junit-platform-engine-1.7.2.jar:1.7.2]
	at org.junit.platform.engine.support.hierarchical.NodeTestTask.execute(NodeTestTask.java:84) [junit-platform-engine-1.7.2.jar:1.7.2]
	at org.junit.platform.engine.support.hierarchical.SameThreadHierarchicalTestExecutorService.submit(SameThreadHierarchicalTestExecutorService.java:32) [junit-platform-engine-1.7.2.jar:1.7.2]
	at org.junit.platform.engine.support.hierarchical.HierarchicalTestExecutor.execute(HierarchicalTestExecutor.java:57) [junit-platform-engine-1.7.2.jar:1.7.2]
	at org.junit.platform.engine.support.hierarchical.HierarchicalTestEngine.execute(HierarchicalTestEngine.java:51) [junit-platform-engine-1.7.2.jar:1.7.2]
	at org.junit.platform.launcher.core.DefaultLauncher.execute(DefaultLauncher.java:170) [junit-platform-launcher-1.2.0.jar:1.2.0]
	at org.junit.platform.launcher.core.DefaultLauncher.execute(DefaultLauncher.java:154) [junit-platform-launcher-1.2.0.jar:1.2.0]
	at org.junit.platform.launcher.core.DefaultLauncher.execute(DefaultLauncher.java:90) [junit-platform-launcher-1.2.0.jar:1.2.0]
	at org.junit.platform.surefire.provider.JUnitPlatformProvider.invokeAllTests(JUnitPlatformProvider.java:132) [junit-platform-surefire-provider-1.2.0.jar:1.2.0]
	at org.junit.platform.surefire.provider.JUnitPlatformProvider.invoke(JUnitPlatformProvider.java:111) [junit-platform-surefire-provider-1.2.0.jar:1.2.0]
	at org.apache.maven.surefire.booter.ForkedBooter.invokeProviderInSameClassLoader(ForkedBooter.java:379) [surefire-booter-2.21.0.jar:2.21.0]
	at org.apache.maven.surefire.booter.ForkedBooter.runSuitesInProcess(ForkedBooter.java:340) [surefire-booter-2.21.0.jar:2.21.0]
	at org.apache.maven.surefire.booter.ForkedBooter.execute(ForkedBooter.java:125) [surefire-booter-2.21.0.jar:2.21.0]
	at org.apache.maven.surefire.booter.ForkedBooter.main(ForkedBooter.java:413) [surefire-booter-2.21.0.jar:2.21.0]
2025-02-10 20:42:45 [main] INFO : Please select vehicle type from menu
2025-02-10 20:42:45 [main] INFO : 1 CAR
2025-02-10 20:42:45 [main] INFO : 2 BIKE
2025-02-10 20:42:45 [main] ERROR: Error fetching parking number from DB. Parking slots might be full
2025-02-10 20:42:45 [main] INFO : Please select vehicle type from menu
2025-02-10 20:42:45 [main] INFO : 1 CAR
2025-02-10 20:42:45 [main] INFO : 2 BIKE
2025-02-10 20:42:45 [main] INFO : Next available parking number is: 1
2025-02-10 20:42:45 [main] ERROR: Unable to process exiting vehicle
java.lang.NullPointerException: Cannot invoke "Object.getClass()" because "date" is null
	at java.util.Date.getMillisOf(Date.java:956) ~[?:?]
	at java.util.Date.before(Date.java:915) ~[?:?]
	at com.parkit.parkingsystem.service.FareCalculatorService.calculateFare(FareCalculatorService.java:15) ~[classes/:?]
	at com.parkit.parkingsystem.service.ParkingService.processExitingVehicle(ParkingService.java:155) ~[classes/:?]
	at com.parkit.parkingsystem.ParkingServiceTest.processExitingVehicleTest(ParkingServiceTest.java:70) ~[test-classes/:?]
	at jdk.internal.reflect.DirectMethodHandleAccessor.invoke(DirectMethodHandleAccessor.java:103) ~[?:?]
	at java.lang.reflect.Method.invoke(Method.java:580) ~[?:?]
	at org.junit.platform.commons.util.ReflectionUtils.invokeMethod(ReflectionUtils.java:688) ~[junit-platform-commons-1.7.2.jar:1.7.2]
	at org.junit.jupiter.engine.execution.MethodInvocation.proceed(MethodInvocation.java:60) ~[junit-jupiter-engine-5.7.2.jar:5.7.2]
	at org.junit.jupiter.engine.execution.InvocationInterceptorChain$ValidatingInvocation.proceed(InvocationInterceptorChain.java:131) ~[junit-jupiter-engine-5.7.2.jar:5.7.2]
	at org.junit.jupiter.engine.extension.TimeoutExtension.intercept(TimeoutExtension.java:149) ~[junit-jupiter-engine-5.7.2.jar:5.7.2]
	at org.junit.jupiter.engine.extension.TimeoutExtension.interceptTestableMethod(TimeoutExtension.java:140) ~[junit-jupiter-engine-5.7.2.jar:5.7.2]
	at org.junit.jupiter.engine.extension.TimeoutExtension.interceptTestMethod(TimeoutExtension.java:84) ~[junit-jupiter-engine-5.7.2.jar:5.7.2]
	at org.junit.jupiter.engine.execution.ExecutableInvoker$ReflectiveInterceptorCall.lambda$ofVoidMethod$0(ExecutableInvoker.java:115) ~[junit-jupiter-engine-5.7.2.jar:5.7.2]
	at org.junit.jupiter.engine.execution.ExecutableInvoker.lambda$invoke$0(ExecutableInvoker.java:105) ~[junit-jupiter-engine-5.7.2.jar:5.7.2]
	at org.junit.jupiter.engine.execution.InvocationInterceptorChain$InterceptedInvocation.proceed(InvocationInterceptorChain.java:106) ~[junit-jupiter-engine-5.7.2.jar:5.7.2]
	at org.junit.jupiter.engine.execution.InvocationInterceptorChain.proceed(InvocationInterceptorChain.java:64) ~[junit-jupiter-engine-5.7.2.jar:5.7.2]
	at org.junit.jupiter.engine.execution.InvocationInterceptorChain.chainAndInvoke(InvocationInterceptorChain.java:45) ~[junit-jupiter-engine-5.7.2.jar:5.7.2]
	at org.junit.jupiter.engine.execution.InvocationInterceptorChain.invoke(InvocationInterceptorChain.java:37) ~[junit-jupiter-engine-5.7.2.jar:5.7.2]
	at org.junit.jupiter.engine.execution.ExecutableInvoker.invoke(ExecutableInvoker.java:104) ~[junit-jupiter-engine-5.7.2.jar:5.7.2]
	at org.junit.jupiter.engine.execution.ExecutableInvoker.invoke(ExecutableInvoker.java:98) ~[junit-jupiter-engine-5.7.2.jar:5.7.2]
	at org.junit.jupiter.engine.descriptor.TestMethodTestDescriptor.lambda$invokeTestMethod$6(TestMethodTestDescriptor.java:210) ~[junit-jupiter-engine-5.7.2.jar:5.7.2]
	at org.junit.platform.engine.support.hierarchical.ThrowableCollector.execute(ThrowableCollector.java:73) ~[junit-platform-engine-1.7.2.jar:1.7.2]
	at org.junit.jupiter.engine.descriptor.TestMethodTestDescriptor.invokeTestMethod(TestMethodTestDescriptor.java:206) ~[junit-jupiter-engine-5.7.2.jar:5.7.2]
	at org.junit.jupiter.engine.descriptor.TestMethodTestDescriptor.execute(TestMethodTestDescriptor.java:131) ~[junit-jupiter-engine-5.7.2.jar:5.7.2]
	at org.junit.jupiter.engine.descriptor.TestMethodTestDescriptor.execute(TestMethodTestDescriptor.java:65) ~[junit-jupiter-engine-5.7.2.jar:5.7.2]
	at org.junit.platform.engine.support.hierarchical.NodeTestTask.lambda$executeRecursively$5(NodeTestTask.java:139) ~[junit-platform-engine-1.7.2.jar:1.7.2]
	at org.junit.platform.engine.support.hierarchical.ThrowableCollector.execute(ThrowableCollector.java:73) ~[junit-platform-engine-1.7.2.jar:1.7.2]
	at org.junit.platform.engine.support.hierarchical.NodeTestTask.lambda$executeRecursively$7(NodeTestTask.java:129) ~[junit-platform-engine-1.7.2.jar:1.7.2]
	at org.junit.platform.engine.support.hierarchical.Node.around(Node.java:137) ~[junit-platform-engine-1.7.2.jar:1.7.2]
	at org.junit.platform.engine.support.hierarchical.NodeTestTask.lambda$executeRecursively$8(NodeTestTask.java:127) ~[junit-platform-engine-1.7.2.jar:1.7.2]
	at org.junit.platform.engine.support.hierarchical.ThrowableCollector.execute(ThrowableCollector.java:73) ~[junit-platform-engine-1.7.2.jar:1.7.2]
	at org.junit.platform.engine.support.hierarchical.NodeTestTask.executeRecursively(NodeTestTask.java:126) ~[junit-platform-engine-1.7.2.jar:1.7.2]
	at org.junit.platform.engine.support.hierarchical.NodeTestTask.execute(NodeTestTask.java:84) ~[junit-platform-engine-1.7.2.jar:1.7.2]
	at java.util.ArrayList.forEach(ArrayList.java:1597) ~[?:?]
	at org.junit.platform.engine.support.hierarchical.SameThreadHierarchicalTestExecutorService.invokeAll(SameThreadHierarchicalTestExecutorService.java:38) ~[junit-platform-engine-1.7.2.jar:1.7.2]
	at org.junit.platform.engine.support.hierarchical.NodeTestTask.lambda$executeRecursively$5(NodeTestTask.java:143) ~[junit-platform-engine-1.7.2.jar:1.7.2]
	at org.junit.platform.engine.support.hierarchical.ThrowableCollector.execute(ThrowableCollector.java:73) ~[junit-platform-engine-1.7.2.jar:1.7.2]
	at org.junit.platform.engine.support.hierarchical.NodeTestTask.lambda$executeRecursively$7(NodeTestTask.java:129) ~[junit-platform-engine-1.7.2.jar:1.7.2]
	at org.junit.platform.engine.support.hierarchical.Node.around(Node.java:137) ~[junit-platform-engine-1.7.2.jar:1.7.2]
	at org.junit.platform.engine.support.hierarchical.NodeTestTask.lambda$executeRecursively$8(NodeTestTask.java:127) ~[junit-platform-engine-1.7.2.jar:1.7.2]
	at org.junit.platform.engine.support.hierarchical.ThrowableCollector.execute(ThrowableCollector.java:73) ~[junit-platform-engine-1.7.2.jar:1.7.2]
	at org.junit.platform.engine.support.hierarchical.NodeTestTask.executeRecursively(NodeTestTask.java:126) ~[junit-platform-engine-1.7.2.jar:1.7.2]
	at org.junit.platform.engine.support.hierarchical.NodeTestTask.execute(NodeTestTask.java:84) ~[junit-platform-engine-1.7.2.jar:1.7.2]
	at java.util.ArrayList.forEach(ArrayList.java:1597) ~[?:?]
	at org.junit.platform.engine.support.hierarchical.SameThreadHierarchicalTestExecutorService.invokeAll(SameThreadHierarchicalTestExecutorService.java:38) ~[junit-platform-engine-1.7.2.jar:1.7.2]
	at org.junit.platform.engine.support.hierarchical.NodeTestTask.lambda$executeRecursively$5(NodeTestTask.java:143) ~[junit-platform-engine-1.7.2.jar:1.7.2]
	at org.junit.platform.engine.support.hierarchical.ThrowableCollector.execute(ThrowableCollector.java:73) ~[junit-platform-engine-1.7.2.jar:1.7.2]
	at org.junit.platform.engine.support.hierarchical.NodeTestTask.lambda$executeRecursively$7(NodeTestTask.java:129) ~[junit-platform-engine-1.7.2.jar:1.7.2]
	at org.junit.platform.engine.support.hierarchical.Node.around(Node.java:137) ~[junit-platform-engine-1.7.2.jar:1.7.2]
	at org.junit.platform.engine.support.hierarchical.NodeTestTask.lambda$executeRecursively$8(NodeTestTask.java:127) ~[junit-platform-engine-1.7.2.jar:1.7.2]
	at org.junit.platform.engine.support.hierarchical.ThrowableCollector.execute(ThrowableCollector.java:73) [junit-platform-engine-1.7.2.jar:1.7.2]
	at org.junit.platform.engine.support.hierarchical.NodeTestTask.executeRecursively(NodeTestTask.java:126) [junit-platform-engine-1.7.2.jar:1.7.2]
	at org.junit.platform.engine.support.hierarchical.NodeTestTask.execute(NodeTestTask.java:84) [junit-platform-engine-1.7.2.jar:1.7.2]
	at org.junit.platform.engine.support.hierarchical.SameThreadHierarchicalTestExecutorService.submit(SameThreadHierarchicalTestExecutorService.java:32) [junit-platform-engine-1.7.2.jar:1.7.2]
	at org.junit.platform.engine.support.hierarchical.HierarchicalTestExecutor.execute(HierarchicalTestExecutor.java:57) [junit-platform-engine-1.7.2.jar:1.7.2]
	at org.junit.platform.engine.support.hierarchical.HierarchicalTestEngine.execute(HierarchicalTestEngine.java:51) [junit-platform-engine-1.7.2.jar:1.7.2]
	at org.junit.platform.launcher.core.DefaultLauncher.execute(DefaultLauncher.java:170) [junit-platform-launcher-1.2.0.jar:1.2.0]
	at org.junit.platform.launcher.core.DefaultLauncher.execute(DefaultLauncher.java:154) [junit-platform-launcher-1.2.0.jar:1.2.0]
	at org.junit.platform.launcher.core.DefaultLauncher.execute(DefaultLauncher.java:90) [junit-platform-launcher-1.2.0.jar:1.2.0]
	at org.junit.platform.surefire.provider.JUnitPlatformProvider.invokeAllTests(JUnitPlatformProvider.java:132) [junit-platform-surefire-provider-1.2.0.jar:1.2.0]
	at org.junit.platform.surefire.provider.JUnitPlatformProvider.invoke(JUnitPlatformProvider.java:111) [junit-platform-surefire-provider-1.2.0.jar:1.2.0]
	at org.apache.maven.surefire.booter.ForkedBooter.invokeProviderInSameClassLoader(ForkedBooter.java:379) [surefire-booter-2.21.0.jar:2.21.0]
	at org.apache.maven.surefire.booter.ForkedBooter.runSuitesInProcess(ForkedBooter.java:340) [surefire-booter-2.21.0.jar:2.21.0]
	at org.apache.maven.surefire.booter.ForkedBooter.execute(ForkedBooter.java:125) [surefire-booter-2.21.0.jar:2.21.0]
	at org.apache.maven.surefire.booter.ForkedBooter.main(ForkedBooter.java:413) [surefire-booter-2.21.0.jar:2.21.0]
2025-02-10 20:42:45 [main] INFO : Generated Ticket and saved in DB
2025-02-10 20:42:45 [main] INFO : Please park your vehicle in spot number: 1
2025-02-10 20:42:45 [main] INFO : Recorded in-time for vehicle number: ABCDEF is: 2025-02-10T20:42:45.617+1100
2025-02-10 20:42:45 [main] ERROR: Unable to process incoming vehicle
java.lang.NullPointerException: Cannot invoke "java.util.Date.toString()" because the return value of "com.parkit.parkingsystem.model.Ticket.getOutTime()" is null
	at com.parkit.parkingsystem.service.FareCalculatorService.calculateFare(FareCalculatorService.java:16) ~[classes/:?]
	at com.parkit.parkingsystem.service.ParkingService.processIncomingVehicle(ParkingService.java:95) ~[classes/:?]
	at com.parkit.parkingsystem.ParkingServiceTest.testProcessIncomingVehicle(ParkingServiceTest.java:86) ~[test-classes/:?]
	at jdk.internal.reflect.DirectMethodHandleAccessor.invoke(DirectMethodHandleAccessor.java:103) ~[?:?]
	at java.lang.reflect.Method.invoke(Method.java:580) ~[?:?]
	at org.junit.platform.commons.util.ReflectionUtils.invokeMethod(ReflectionUtils.java:688) ~[junit-platform-commons-1.7.2.jar:1.7.2]
	at org.junit.jupiter.engine.execution.MethodInvocation.proceed(MethodInvocation.java:60) ~[junit-jupiter-engine-5.7.2.jar:5.7.2]
	at org.junit.jupiter.engine.execution.InvocationInterceptorChain$ValidatingInvocation.proceed(InvocationInterceptorChain.java:131) ~[junit-jupiter-engine-5.7.2.jar:5.7.2]
	at org.junit.jupiter.engine.extension.TimeoutExtension.intercept(TimeoutExtension.java:149) ~[junit-jupiter-engine-5.7.2.jar:5.7.2]
	at org.junit.jupiter.engine.extension.TimeoutExtension.interceptTestableMethod(TimeoutExtension.java:140) ~[junit-jupiter-engine-5.7.2.jar:5.7.2]
	at org.junit.jupiter.engine.extension.TimeoutExtension.interceptTestMethod(TimeoutExtension.java:84) ~[junit-jupiter-engine-5.7.2.jar:5.7.2]
	at org.junit.jupiter.engine.execution.ExecutableInvoker$ReflectiveInterceptorCall.lambda$ofVoidMethod$0(ExecutableInvoker.java:115) ~[junit-jupiter-engine-5.7.2.jar:5.7.2]
	at org.junit.jupiter.engine.execution.ExecutableInvoker.lambda$invoke$0(ExecutableInvoker.java:105) ~[junit-jupiter-engine-5.7.2.jar:5.7.2]
	at org.junit.jupiter.engine.execution.InvocationInterceptorChain$InterceptedInvocation.proceed(InvocationInterceptorChain.java:106) ~[junit-jupiter-engine-5.7.2.jar:5.7.2]
	at org.junit.jupiter.engine.execution.InvocationInterceptorChain.proceed(InvocationInterceptorChain.java:64) ~[junit-jupiter-engine-5.7.2.jar:5.7.2]
	at org.junit.jupiter.engine.execution.InvocationInterceptorChain.chainAndInvoke(InvocationInterceptorChain.java:45) ~[junit-jupiter-engine-5.7.2.jar:5.7.2]
	at org.junit.jupiter.engine.execution.InvocationInterceptorChain.invoke(InvocationInterceptorChain.java:37) ~[junit-jupiter-engine-5.7.2.jar:5.7.2]
	at org.junit.jupiter.engine.execution.ExecutableInvoker.invoke(ExecutableInvoker.java:104) ~[junit-jupiter-engine-5.7.2.jar:5.7.2]
	at org.junit.jupiter.engine.execution.ExecutableInvoker.invoke(ExecutableInvoker.java:98) ~[junit-jupiter-engine-5.7.2.jar:5.7.2]
	at org.junit.jupiter.engine.descriptor.TestMethodTestDescriptor.lambda$invokeTestMethod$6(TestMethodTestDescriptor.java:210) ~[junit-jupiter-engine-5.7.2.jar:5.7.2]
	at org.junit.platform.engine.support.hierarchical.ThrowableCollector.execute(ThrowableCollector.java:73) ~[junit-platform-engine-1.7.2.jar:1.7.2]
	at org.junit.jupiter.engine.descriptor.TestMethodTestDescriptor.invokeTestMethod(TestMethodTestDescriptor.java:206) ~[junit-jupiter-engine-5.7.2.jar:5.7.2]
	at org.junit.jupiter.engine.descriptor.TestMethodTestDescriptor.execute(TestMethodTestDescriptor.java:131) ~[junit-jupiter-engine-5.7.2.jar:5.7.2]
	at org.junit.jupiter.engine.descriptor.TestMethodTestDescriptor.execute(TestMethodTestDescriptor.java:65) ~[junit-jupiter-engine-5.7.2.jar:5.7.2]
	at org.junit.platform.engine.support.hierarchical.NodeTestTask.lambda$executeRecursively$5(NodeTestTask.java:139) ~[junit-platform-engine-1.7.2.jar:1.7.2]
	at org.junit.platform.engine.support.hierarchical.ThrowableCollector.execute(ThrowableCollector.java:73) ~[junit-platform-engine-1.7.2.jar:1.7.2]
	at org.junit.platform.engine.support.hierarchical.NodeTestTask.lambda$executeRecursively$7(NodeTestTask.java:129) ~[junit-platform-engine-1.7.2.jar:1.7.2]
	at org.junit.platform.engine.support.hierarchical.Node.around(Node.java:137) ~[junit-platform-engine-1.7.2.jar:1.7.2]
	at org.junit.platform.engine.support.hierarchical.NodeTestTask.lambda$executeRecursively$8(NodeTestTask.java:127) ~[junit-platform-engine-1.7.2.jar:1.7.2]
	at org.junit.platform.engine.support.hierarchical.ThrowableCollector.execute(ThrowableCollector.java:73) ~[junit-platform-engine-1.7.2.jar:1.7.2]
	at org.junit.platform.engine.support.hierarchical.NodeTestTask.executeRecursively(NodeTestTask.java:126) ~[junit-platform-engine-1.7.2.jar:1.7.2]
	at org.junit.platform.engine.support.hierarchical.NodeTestTask.execute(NodeTestTask.java:84) ~[junit-platform-engine-1.7.2.jar:1.7.2]
	at java.util.ArrayList.forEach(ArrayList.java:1597) ~[?:?]
	at org.junit.platform.engine.support.hierarchical.SameThreadHierarchicalTestExecutorService.invokeAll(SameThreadHierarchicalTestExecutorService.java:38) ~[junit-platform-engine-1.7.2.jar:1.7.2]
	at org.junit.platform.engine.support.hierarchical.NodeTestTask.lambda$executeRecursively$5(NodeTestTask.java:143) ~[junit-platform-engine-1.7.2.jar:1.7.2]
	at org.junit.platform.engine.support.hierarchical.ThrowableCollector.execute(ThrowableCollector.java:73) ~[junit-platform-engine-1.7.2.jar:1.7.2]
	at org.junit.platform.engine.support.hierarchical.NodeTestTask.lambda$executeRecursively$7(NodeTestTask.java:129) ~[junit-platform-engine-1.7.2.jar:1.7.2]
	at org.junit.platform.engine.support.hierarchical.Node.around(Node.java:137) ~[junit-platform-engine-1.7.2.jar:1.7.2]
	at org.junit.platform.engine.support.hierarchical.NodeTestTask.lambda$executeRecursively$8(NodeTestTask.java:127) ~[junit-platform-engine-1.7.2.jar:1.7.2]
	at org.junit.platform.engine.support.hierarchical.ThrowableCollector.execute(ThrowableCollector.java:73) ~[junit-platform-engine-1.7.2.jar:1.7.2]
	at org.junit.platform.engine.support.hierarchical.NodeTestTask.executeRecursively(NodeTestTask.java:126) ~[junit-platform-engine-1.7.2.jar:1.7.2]
	at org.junit.platform.engine.support.hierarchical.NodeTestTask.execute(NodeTestTask.java:84) ~[junit-platform-engine-1.7.2.jar:1.7.2]
	at java.util.ArrayList.forEach(ArrayList.java:1597) ~[?:?]
	at org.junit.platform.engine.support.hierarchical.SameThreadHierarchicalTestExecutorService.invokeAll(SameThreadHierarchicalTestExecutorService.java:38) ~[junit-platform-engine-1.7.2.jar:1.7.2]
	at org.junit.platform.engine.support.hierarchical.NodeTestTask.lambda$executeRecursively$5(NodeTestTask.java:143) ~[junit-platform-engine-1.7.2.jar:1.7.2]
	at org.junit.platform.engine.support.hierarchical.ThrowableCollector.execute(ThrowableCollector.java:73) ~[junit-platform-engine-1.7.2.jar:1.7.2]
	at org.junit.platform.engine.support.hierarchical.NodeTestTask.lambda$executeRecursively$7(NodeTestTask.java:129) ~[junit-platform-engine-1.7.2.jar:1.7.2]
	at org.junit.platform.engine.support.hierarchical.Node.around(Node.java:137) ~[junit-platform-engine-1.7.2.jar:1.7.2]
	at org.junit.platform.engine.support.hierarchical.NodeTestTask.lambda$executeRecursively$8(NodeTestTask.java:127) ~[junit-platform-engine-1.7.2.jar:1.7.2]
	at org.junit.platform.engine.support.hierarchical.ThrowableCollector.execute(ThrowableCollector.java:73) [junit-platform-engine-1.7.2.jar:1.7.2]
	at org.junit.platform.engine.support.hierarchical.NodeTestTask.executeRecursively(NodeTestTask.java:126) [junit-platform-engine-1.7.2.jar:1.7.2]
	at org.junit.platform.engine.support.hierarchical.NodeTestTask.execute(NodeTestTask.java:84) [junit-platform-engine-1.7.2.jar:1.7.2]
	at org.junit.platform.engine.support.hierarchical.SameThreadHierarchicalTestExecutorService.submit(SameThreadHierarchicalTestExecutorService.java:32) [junit-platform-engine-1.7.2.jar:1.7.2]
	at org.junit.platform.engine.support.hierarchical.HierarchicalTestExecutor.execute(HierarchicalTestExecutor.java:57) [junit-platform-engine-1.7.2.jar:1.7.2]
	at org.junit.platform.engine.support.hierarchical.HierarchicalTestEngine.execute(HierarchicalTestEngine.java:51) [junit-platform-engine-1.7.2.jar:1.7.2]
	at org.junit.platform.launcher.core.DefaultLauncher.execute(DefaultLauncher.java:170) [junit-platform-launcher-1.2.0.jar:1.2.0]
	at org.junit.platform.launcher.core.DefaultLauncher.execute(DefaultLauncher.java:154) [junit-platform-launcher-1.2.0.jar:1.2.0]
	at org.junit.platform.launcher.core.DefaultLauncher.execute(DefaultLauncher.java:90) [junit-platform-launcher-1.2.0.jar:1.2.0]
	at org.junit.platform.surefire.provider.JUnitPlatformProvider.invokeAllTests(JUnitPlatformProvider.java:132) [junit-platform-surefire-provider-1.2.0.jar:1.2.0]
	at org.junit.platform.surefire.provider.JUnitPlatformProvider.invoke(JUnitPlatformProvider.java:111) [junit-platform-surefire-provider-1.2.0.jar:1.2.0]
	at org.apache.maven.surefire.booter.ForkedBooter.invokeProviderInSameClassLoader(ForkedBooter.java:379) [surefire-booter-2.21.0.jar:2.21.0]
	at org.apache.maven.surefire.booter.ForkedBooter.runSuitesInProcess(ForkedBooter.java:340) [surefire-booter-2.21.0.jar:2.21.0]
	at org.apache.maven.surefire.booter.ForkedBooter.execute(ForkedBooter.java:125) [surefire-booter-2.21.0.jar:2.21.0]
	at org.apache.maven.surefire.booter.ForkedBooter.main(ForkedBooter.java:413) [surefire-booter-2.21.0.jar:2.21.0]
2025-02-10 20:46:28 [main] INFO : Please select vehicle type from menu
2025-02-10 20:46:28 [main] INFO : 1 CAR
2025-02-10 20:46:28 [main] INFO : 2 BIKE
2025-02-10 20:46:28 [main] INFO : Incorrect input provided
2025-02-10 20:46:28 [main] ERROR: Error parsing user input for type of vehicle
java.lang.IllegalArgumentException: Entered input is invalid
	at com.parkit.parkingsystem.service.ParkingService.getVehichleType(ParkingService.java:142) ~[classes/:?]
	at com.parkit.parkingsystem.service.ParkingService.getNextParkingNumberIfAvailable(ParkingService.java:112) ~[classes/:?]
	at com.parkit.parkingsystem.ParkingServiceTest.testGetNextParkingNumberIfAvailableParkingNumberNotFound(ParkingServiceTest.java:133) ~[test-classes/:?]
	at jdk.internal.reflect.DirectMethodHandleAccessor.invoke(DirectMethodHandleAccessor.java:103) ~[?:?]
	at java.lang.reflect.Method.invoke(Method.java:580) ~[?:?]
	at org.junit.platform.commons.util.ReflectionUtils.invokeMethod(ReflectionUtils.java:688) ~[junit-platform-commons-1.7.2.jar:1.7.2]
	at org.junit.jupiter.engine.execution.MethodInvocation.proceed(MethodInvocation.java:60) ~[junit-jupiter-engine-5.7.2.jar:5.7.2]
	at org.junit.jupiter.engine.execution.InvocationInterceptorChain$ValidatingInvocation.proceed(InvocationInterceptorChain.java:131) ~[junit-jupiter-engine-5.7.2.jar:5.7.2]
	at org.junit.jupiter.engine.extension.TimeoutExtension.intercept(TimeoutExtension.java:149) ~[junit-jupiter-engine-5.7.2.jar:5.7.2]
	at org.junit.jupiter.engine.extension.TimeoutExtension.interceptTestableMethod(TimeoutExtension.java:140) ~[junit-jupiter-engine-5.7.2.jar:5.7.2]
	at org.junit.jupiter.engine.extension.TimeoutExtension.interceptTestMethod(TimeoutExtension.java:84) ~[junit-jupiter-engine-5.7.2.jar:5.7.2]
	at org.junit.jupiter.engine.execution.ExecutableInvoker$ReflectiveInterceptorCall.lambda$ofVoidMethod$0(ExecutableInvoker.java:115) ~[junit-jupiter-engine-5.7.2.jar:5.7.2]
	at org.junit.jupiter.engine.execution.ExecutableInvoker.lambda$invoke$0(ExecutableInvoker.java:105) ~[junit-jupiter-engine-5.7.2.jar:5.7.2]
	at org.junit.jupiter.engine.execution.InvocationInterceptorChain$InterceptedInvocation.proceed(InvocationInterceptorChain.java:106) ~[junit-jupiter-engine-5.7.2.jar:5.7.2]
	at org.junit.jupiter.engine.execution.InvocationInterceptorChain.proceed(InvocationInterceptorChain.java:64) ~[junit-jupiter-engine-5.7.2.jar:5.7.2]
	at org.junit.jupiter.engine.execution.InvocationInterceptorChain.chainAndInvoke(InvocationInterceptorChain.java:45) ~[junit-jupiter-engine-5.7.2.jar:5.7.2]
	at org.junit.jupiter.engine.execution.InvocationInterceptorChain.invoke(InvocationInterceptorChain.java:37) ~[junit-jupiter-engine-5.7.2.jar:5.7.2]
	at org.junit.jupiter.engine.execution.ExecutableInvoker.invoke(ExecutableInvoker.java:104) ~[junit-jupiter-engine-5.7.2.jar:5.7.2]
	at org.junit.jupiter.engine.execution.ExecutableInvoker.invoke(ExecutableInvoker.java:98) ~[junit-jupiter-engine-5.7.2.jar:5.7.2]
	at org.junit.jupiter.engine.descriptor.TestMethodTestDescriptor.lambda$invokeTestMethod$6(TestMethodTestDescriptor.java:210) ~[junit-jupiter-engine-5.7.2.jar:5.7.2]
	at org.junit.platform.engine.support.hierarchical.ThrowableCollector.execute(ThrowableCollector.java:73) ~[junit-platform-engine-1.7.2.jar:1.7.2]
	at org.junit.jupiter.engine.descriptor.TestMethodTestDescriptor.invokeTestMethod(TestMethodTestDescriptor.java:206) ~[junit-jupiter-engine-5.7.2.jar:5.7.2]
	at org.junit.jupiter.engine.descriptor.TestMethodTestDescriptor.execute(TestMethodTestDescriptor.java:131) ~[junit-jupiter-engine-5.7.2.jar:5.7.2]
	at org.junit.jupiter.engine.descriptor.TestMethodTestDescriptor.execute(TestMethodTestDescriptor.java:65) ~[junit-jupiter-engine-5.7.2.jar:5.7.2]
	at org.junit.platform.engine.support.hierarchical.NodeTestTask.lambda$executeRecursively$5(NodeTestTask.java:139) ~[junit-platform-engine-1.7.2.jar:1.7.2]
	at org.junit.platform.engine.support.hierarchical.ThrowableCollector.execute(ThrowableCollector.java:73) ~[junit-platform-engine-1.7.2.jar:1.7.2]
	at org.junit.platform.engine.support.hierarchical.NodeTestTask.lambda$executeRecursively$7(NodeTestTask.java:129) ~[junit-platform-engine-1.7.2.jar:1.7.2]
	at org.junit.platform.engine.support.hierarchical.Node.around(Node.java:137) ~[junit-platform-engine-1.7.2.jar:1.7.2]
	at org.junit.platform.engine.support.hierarchical.NodeTestTask.lambda$executeRecursively$8(NodeTestTask.java:127) ~[junit-platform-engine-1.7.2.jar:1.7.2]
	at org.junit.platform.engine.support.hierarchical.ThrowableCollector.execute(ThrowableCollector.java:73) ~[junit-platform-engine-1.7.2.jar:1.7.2]
	at org.junit.platform.engine.support.hierarchical.NodeTestTask.executeRecursively(NodeTestTask.java:126) ~[junit-platform-engine-1.7.2.jar:1.7.2]
	at org.junit.platform.engine.support.hierarchical.NodeTestTask.execute(NodeTestTask.java:84) ~[junit-platform-engine-1.7.2.jar:1.7.2]
	at java.util.ArrayList.forEach(ArrayList.java:1597) ~[?:?]
	at org.junit.platform.engine.support.hierarchical.SameThreadHierarchicalTestExecutorService.invokeAll(SameThreadHierarchicalTestExecutorService.java:38) ~[junit-platform-engine-1.7.2.jar:1.7.2]
	at org.junit.platform.engine.support.hierarchical.NodeTestTask.lambda$executeRecursively$5(NodeTestTask.java:143) ~[junit-platform-engine-1.7.2.jar:1.7.2]
	at org.junit.platform.engine.support.hierarchical.ThrowableCollector.execute(ThrowableCollector.java:73) ~[junit-platform-engine-1.7.2.jar:1.7.2]
	at org.junit.platform.engine.support.hierarchical.NodeTestTask.lambda$executeRecursively$7(NodeTestTask.java:129) ~[junit-platform-engine-1.7.2.jar:1.7.2]
	at org.junit.platform.engine.support.hierarchical.Node.around(Node.java:137) ~[junit-platform-engine-1.7.2.jar:1.7.2]
	at org.junit.platform.engine.support.hierarchical.NodeTestTask.lambda$executeRecursively$8(NodeTestTask.java:127) ~[junit-platform-engine-1.7.2.jar:1.7.2]
	at org.junit.platform.engine.support.hierarchical.ThrowableCollector.execute(ThrowableCollector.java:73) ~[junit-platform-engine-1.7.2.jar:1.7.2]
	at org.junit.platform.engine.support.hierarchical.NodeTestTask.executeRecursively(NodeTestTask.java:126) ~[junit-platform-engine-1.7.2.jar:1.7.2]
	at org.junit.platform.engine.support.hierarchical.NodeTestTask.execute(NodeTestTask.java:84) ~[junit-platform-engine-1.7.2.jar:1.7.2]
	at java.util.ArrayList.forEach(ArrayList.java:1597) ~[?:?]
	at org.junit.platform.engine.support.hierarchical.SameThreadHierarchicalTestExecutorService.invokeAll(SameThreadHierarchicalTestExecutorService.java:38) ~[junit-platform-engine-1.7.2.jar:1.7.2]
	at org.junit.platform.engine.support.hierarchical.NodeTestTask.lambda$executeRecursively$5(NodeTestTask.java:143) ~[junit-platform-engine-1.7.2.jar:1.7.2]
	at org.junit.platform.engine.support.hierarchical.ThrowableCollector.execute(ThrowableCollector.java:73) ~[junit-platform-engine-1.7.2.jar:1.7.2]
	at org.junit.platform.engine.support.hierarchical.NodeTestTask.lambda$executeRecursively$7(NodeTestTask.java:129) ~[junit-platform-engine-1.7.2.jar:1.7.2]
	at org.junit.platform.engine.support.hierarchical.Node.around(Node.java:137) ~[junit-platform-engine-1.7.2.jar:1.7.2]
	at org.junit.platform.engine.support.hierarchical.NodeTestTask.lambda$executeRecursively$8(NodeTestTask.java:127) ~[junit-platform-engine-1.7.2.jar:1.7.2]
	at org.junit.platform.engine.support.hierarchical.ThrowableCollector.execute(ThrowableCollector.java:73) [junit-platform-engine-1.7.2.jar:1.7.2]
	at org.junit.platform.engine.support.hierarchical.NodeTestTask.executeRecursively(NodeTestTask.java:126) [junit-platform-engine-1.7.2.jar:1.7.2]
	at org.junit.platform.engine.support.hierarchical.NodeTestTask.execute(NodeTestTask.java:84) [junit-platform-engine-1.7.2.jar:1.7.2]
	at org.junit.platform.engine.support.hierarchical.SameThreadHierarchicalTestExecutorService.submit(SameThreadHierarchicalTestExecutorService.java:32) [junit-platform-engine-1.7.2.jar:1.7.2]
	at org.junit.platform.engine.support.hierarchical.HierarchicalTestExecutor.execute(HierarchicalTestExecutor.java:57) [junit-platform-engine-1.7.2.jar:1.7.2]
	at org.junit.platform.engine.support.hierarchical.HierarchicalTestEngine.execute(HierarchicalTestEngine.java:51) [junit-platform-engine-1.7.2.jar:1.7.2]
	at org.junit.platform.launcher.core.DefaultLauncher.execute(DefaultLauncher.java:170) [junit-platform-launcher-1.2.0.jar:1.2.0]
	at org.junit.platform.launcher.core.DefaultLauncher.execute(DefaultLauncher.java:154) [junit-platform-launcher-1.2.0.jar:1.2.0]
	at org.junit.platform.launcher.core.DefaultLauncher.execute(DefaultLauncher.java:90) [junit-platform-launcher-1.2.0.jar:1.2.0]
	at org.junit.platform.surefire.provider.JUnitPlatformProvider.invokeAllTests(JUnitPlatformProvider.java:132) [junit-platform-surefire-provider-1.2.0.jar:1.2.0]
	at org.junit.platform.surefire.provider.JUnitPlatformProvider.invoke(JUnitPlatformProvider.java:111) [junit-platform-surefire-provider-1.2.0.jar:1.2.0]
	at org.apache.maven.surefire.booter.ForkedBooter.invokeProviderInSameClassLoader(ForkedBooter.java:379) [surefire-booter-2.21.0.jar:2.21.0]
	at org.apache.maven.surefire.booter.ForkedBooter.runSuitesInProcess(ForkedBooter.java:340) [surefire-booter-2.21.0.jar:2.21.0]
	at org.apache.maven.surefire.booter.ForkedBooter.execute(ForkedBooter.java:125) [surefire-booter-2.21.0.jar:2.21.0]
	at org.apache.maven.surefire.booter.ForkedBooter.main(ForkedBooter.java:413) [surefire-booter-2.21.0.jar:2.21.0]
2025-02-10 20:46:28 [main] ERROR: Unable to process exiting vehicle
java.lang.NullPointerException: Cannot invoke "Object.getClass()" because "date" is null
	at java.util.Date.getMillisOf(Date.java:956) ~[?:?]
	at java.util.Date.before(Date.java:915) ~[?:?]
	at com.parkit.parkingsystem.service.FareCalculatorService.calculateFare(FareCalculatorService.java:15) ~[classes/:?]
	at com.parkit.parkingsystem.service.ParkingService.processExitingVehicle(ParkingService.java:155) ~[classes/:?]
	at com.parkit.parkingsystem.ParkingServiceTest.processExitingVehicleTestUnableUpdate(ParkingServiceTest.java:107) ~[test-classes/:?]
	at jdk.internal.reflect.DirectMethodHandleAccessor.invoke(DirectMethodHandleAccessor.java:103) ~[?:?]
	at java.lang.reflect.Method.invoke(Method.java:580) ~[?:?]
	at org.junit.platform.commons.util.ReflectionUtils.invokeMethod(ReflectionUtils.java:688) ~[junit-platform-commons-1.7.2.jar:1.7.2]
	at org.junit.jupiter.engine.execution.MethodInvocation.proceed(MethodInvocation.java:60) ~[junit-jupiter-engine-5.7.2.jar:5.7.2]
	at org.junit.jupiter.engine.execution.InvocationInterceptorChain$ValidatingInvocation.proceed(InvocationInterceptorChain.java:131) ~[junit-jupiter-engine-5.7.2.jar:5.7.2]
	at org.junit.jupiter.engine.extension.TimeoutExtension.intercept(TimeoutExtension.java:149) ~[junit-jupiter-engine-5.7.2.jar:5.7.2]
	at org.junit.jupiter.engine.extension.TimeoutExtension.interceptTestableMethod(TimeoutExtension.java:140) ~[junit-jupiter-engine-5.7.2.jar:5.7.2]
	at org.junit.jupiter.engine.extension.TimeoutExtension.interceptTestMethod(TimeoutExtension.java:84) ~[junit-jupiter-engine-5.7.2.jar:5.7.2]
	at org.junit.jupiter.engine.execution.ExecutableInvoker$ReflectiveInterceptorCall.lambda$ofVoidMethod$0(ExecutableInvoker.java:115) ~[junit-jupiter-engine-5.7.2.jar:5.7.2]
	at org.junit.jupiter.engine.execution.ExecutableInvoker.lambda$invoke$0(ExecutableInvoker.java:105) ~[junit-jupiter-engine-5.7.2.jar:5.7.2]
	at org.junit.jupiter.engine.execution.InvocationInterceptorChain$InterceptedInvocation.proceed(InvocationInterceptorChain.java:106) ~[junit-jupiter-engine-5.7.2.jar:5.7.2]
	at org.junit.jupiter.engine.execution.InvocationInterceptorChain.proceed(InvocationInterceptorChain.java:64) ~[junit-jupiter-engine-5.7.2.jar:5.7.2]
	at org.junit.jupiter.engine.execution.InvocationInterceptorChain.chainAndInvoke(InvocationInterceptorChain.java:45) ~[junit-jupiter-engine-5.7.2.jar:5.7.2]
	at org.junit.jupiter.engine.execution.InvocationInterceptorChain.invoke(InvocationInterceptorChain.java:37) ~[junit-jupiter-engine-5.7.2.jar:5.7.2]
	at org.junit.jupiter.engine.execution.ExecutableInvoker.invoke(ExecutableInvoker.java:104) ~[junit-jupiter-engine-5.7.2.jar:5.7.2]
	at org.junit.jupiter.engine.execution.ExecutableInvoker.invoke(ExecutableInvoker.java:98) ~[junit-jupiter-engine-5.7.2.jar:5.7.2]
	at org.junit.jupiter.engine.descriptor.TestMethodTestDescriptor.lambda$invokeTestMethod$6(TestMethodTestDescriptor.java:210) ~[junit-jupiter-engine-5.7.2.jar:5.7.2]
	at org.junit.platform.engine.support.hierarchical.ThrowableCollector.execute(ThrowableCollector.java:73) ~[junit-platform-engine-1.7.2.jar:1.7.2]
	at org.junit.jupiter.engine.descriptor.TestMethodTestDescriptor.invokeTestMethod(TestMethodTestDescriptor.java:206) ~[junit-jupiter-engine-5.7.2.jar:5.7.2]
	at org.junit.jupiter.engine.descriptor.TestMethodTestDescriptor.execute(TestMethodTestDescriptor.java:131) ~[junit-jupiter-engine-5.7.2.jar:5.7.2]
	at org.junit.jupiter.engine.descriptor.TestMethodTestDescriptor.execute(TestMethodTestDescriptor.java:65) ~[junit-jupiter-engine-5.7.2.jar:5.7.2]
	at org.junit.platform.engine.support.hierarchical.NodeTestTask.lambda$executeRecursively$5(NodeTestTask.java:139) ~[junit-platform-engine-1.7.2.jar:1.7.2]
	at org.junit.platform.engine.support.hierarchical.ThrowableCollector.execute(ThrowableCollector.java:73) ~[junit-platform-engine-1.7.2.jar:1.7.2]
	at org.junit.platform.engine.support.hierarchical.NodeTestTask.lambda$executeRecursively$7(NodeTestTask.java:129) ~[junit-platform-engine-1.7.2.jar:1.7.2]
	at org.junit.platform.engine.support.hierarchical.Node.around(Node.java:137) ~[junit-platform-engine-1.7.2.jar:1.7.2]
	at org.junit.platform.engine.support.hierarchical.NodeTestTask.lambda$executeRecursively$8(NodeTestTask.java:127) ~[junit-platform-engine-1.7.2.jar:1.7.2]
	at org.junit.platform.engine.support.hierarchical.ThrowableCollector.execute(ThrowableCollector.java:73) ~[junit-platform-engine-1.7.2.jar:1.7.2]
	at org.junit.platform.engine.support.hierarchical.NodeTestTask.executeRecursively(NodeTestTask.java:126) ~[junit-platform-engine-1.7.2.jar:1.7.2]
	at org.junit.platform.engine.support.hierarchical.NodeTestTask.execute(NodeTestTask.java:84) ~[junit-platform-engine-1.7.2.jar:1.7.2]
	at java.util.ArrayList.forEach(ArrayList.java:1597) ~[?:?]
	at org.junit.platform.engine.support.hierarchical.SameThreadHierarchicalTestExecutorService.invokeAll(SameThreadHierarchicalTestExecutorService.java:38) ~[junit-platform-engine-1.7.2.jar:1.7.2]
	at org.junit.platform.engine.support.hierarchical.NodeTestTask.lambda$executeRecursively$5(NodeTestTask.java:143) ~[junit-platform-engine-1.7.2.jar:1.7.2]
	at org.junit.platform.engine.support.hierarchical.ThrowableCollector.execute(ThrowableCollector.java:73) ~[junit-platform-engine-1.7.2.jar:1.7.2]
	at org.junit.platform.engine.support.hierarchical.NodeTestTask.lambda$executeRecursively$7(NodeTestTask.java:129) ~[junit-platform-engine-1.7.2.jar:1.7.2]
	at org.junit.platform.engine.support.hierarchical.Node.around(Node.java:137) ~[junit-platform-engine-1.7.2.jar:1.7.2]
	at org.junit.platform.engine.support.hierarchical.NodeTestTask.lambda$executeRecursively$8(NodeTestTask.java:127) ~[junit-platform-engine-1.7.2.jar:1.7.2]
	at org.junit.platform.engine.support.hierarchical.ThrowableCollector.execute(ThrowableCollector.java:73) ~[junit-platform-engine-1.7.2.jar:1.7.2]
	at org.junit.platform.engine.support.hierarchical.NodeTestTask.executeRecursively(NodeTestTask.java:126) ~[junit-platform-engine-1.7.2.jar:1.7.2]
	at org.junit.platform.engine.support.hierarchical.NodeTestTask.execute(NodeTestTask.java:84) ~[junit-platform-engine-1.7.2.jar:1.7.2]
	at java.util.ArrayList.forEach(ArrayList.java:1597) ~[?:?]
	at org.junit.platform.engine.support.hierarchical.SameThreadHierarchicalTestExecutorService.invokeAll(SameThreadHierarchicalTestExecutorService.java:38) ~[junit-platform-engine-1.7.2.jar:1.7.2]
	at org.junit.platform.engine.support.hierarchical.NodeTestTask.lambda$executeRecursively$5(NodeTestTask.java:143) ~[junit-platform-engine-1.7.2.jar:1.7.2]
	at org.junit.platform.engine.support.hierarchical.ThrowableCollector.execute(ThrowableCollector.java:73) ~[junit-platform-engine-1.7.2.jar:1.7.2]
	at org.junit.platform.engine.support.hierarchical.NodeTestTask.lambda$executeRecursively$7(NodeTestTask.java:129) ~[junit-platform-engine-1.7.2.jar:1.7.2]
	at org.junit.platform.engine.support.hierarchical.Node.around(Node.java:137) ~[junit-platform-engine-1.7.2.jar:1.7.2]
	at org.junit.platform.engine.support.hierarchical.NodeTestTask.lambda$executeRecursively$8(NodeTestTask.java:127) ~[junit-platform-engine-1.7.2.jar:1.7.2]
	at org.junit.platform.engine.support.hierarchical.ThrowableCollector.execute(ThrowableCollector.java:73) [junit-platform-engine-1.7.2.jar:1.7.2]
	at org.junit.platform.engine.support.hierarchical.NodeTestTask.executeRecursively(NodeTestTask.java:126) [junit-platform-engine-1.7.2.jar:1.7.2]
	at org.junit.platform.engine.support.hierarchical.NodeTestTask.execute(NodeTestTask.java:84) [junit-platform-engine-1.7.2.jar:1.7.2]
	at org.junit.platform.engine.support.hierarchical.SameThreadHierarchicalTestExecutorService.submit(SameThreadHierarchicalTestExecutorService.java:32) [junit-platform-engine-1.7.2.jar:1.7.2]
	at org.junit.platform.engine.support.hierarchical.HierarchicalTestExecutor.execute(HierarchicalTestExecutor.java:57) [junit-platform-engine-1.7.2.jar:1.7.2]
	at org.junit.platform.engine.support.hierarchical.HierarchicalTestEngine.execute(HierarchicalTestEngine.java:51) [junit-platform-engine-1.7.2.jar:1.7.2]
	at org.junit.platform.launcher.core.DefaultLauncher.execute(DefaultLauncher.java:170) [junit-platform-launcher-1.2.0.jar:1.2.0]
	at org.junit.platform.launcher.core.DefaultLauncher.execute(DefaultLauncher.java:154) [junit-platform-launcher-1.2.0.jar:1.2.0]
	at org.junit.platform.launcher.core.DefaultLauncher.execute(DefaultLauncher.java:90) [junit-platform-launcher-1.2.0.jar:1.2.0]
	at org.junit.platform.surefire.provider.JUnitPlatformProvider.invokeAllTests(JUnitPlatformProvider.java:132) [junit-platform-surefire-provider-1.2.0.jar:1.2.0]
	at org.junit.platform.surefire.provider.JUnitPlatformProvider.invoke(JUnitPlatformProvider.java:111) [junit-platform-surefire-provider-1.2.0.jar:1.2.0]
	at org.apache.maven.surefire.booter.ForkedBooter.invokeProviderInSameClassLoader(ForkedBooter.java:379) [surefire-booter-2.21.0.jar:2.21.0]
	at org.apache.maven.surefire.booter.ForkedBooter.runSuitesInProcess(ForkedBooter.java:340) [surefire-booter-2.21.0.jar:2.21.0]
	at org.apache.maven.surefire.booter.ForkedBooter.execute(ForkedBooter.java:125) [surefire-booter-2.21.0.jar:2.21.0]
	at org.apache.maven.surefire.booter.ForkedBooter.main(ForkedBooter.java:413) [surefire-booter-2.21.0.jar:2.21.0]
2025-02-10 20:46:28 [main] INFO : Please select vehicle type from menu
2025-02-10 20:46:28 [main] INFO : 1 CAR
2025-02-10 20:46:28 [main] INFO : 2 BIKE
2025-02-10 20:46:28 [main] ERROR: Error fetching parking number from DB. Parking slots might be full
2025-02-10 20:46:28 [main] INFO : Please select vehicle type from menu
2025-02-10 20:46:28 [main] INFO : 1 CAR
2025-02-10 20:46:28 [main] INFO : 2 BIKE
2025-02-10 20:46:28 [main] INFO : Next available parking number is: 1
2025-02-10 20:46:28 [main] ERROR: Unable to process exiting vehicle
java.lang.NullPointerException: Cannot invoke "Object.getClass()" because "date" is null
	at java.util.Date.getMillisOf(Date.java:956) ~[?:?]
	at java.util.Date.before(Date.java:915) ~[?:?]
	at com.parkit.parkingsystem.service.FareCalculatorService.calculateFare(FareCalculatorService.java:15) ~[classes/:?]
	at com.parkit.parkingsystem.service.ParkingService.processExitingVehicle(ParkingService.java:155) ~[classes/:?]
	at com.parkit.parkingsystem.ParkingServiceTest.processExitingVehicleTest(ParkingServiceTest.java:70) ~[test-classes/:?]
	at jdk.internal.reflect.DirectMethodHandleAccessor.invoke(DirectMethodHandleAccessor.java:103) ~[?:?]
	at java.lang.reflect.Method.invoke(Method.java:580) ~[?:?]
	at org.junit.platform.commons.util.ReflectionUtils.invokeMethod(ReflectionUtils.java:688) ~[junit-platform-commons-1.7.2.jar:1.7.2]
	at org.junit.jupiter.engine.execution.MethodInvocation.proceed(MethodInvocation.java:60) ~[junit-jupiter-engine-5.7.2.jar:5.7.2]
	at org.junit.jupiter.engine.execution.InvocationInterceptorChain$ValidatingInvocation.proceed(InvocationInterceptorChain.java:131) ~[junit-jupiter-engine-5.7.2.jar:5.7.2]
	at org.junit.jupiter.engine.extension.TimeoutExtension.intercept(TimeoutExtension.java:149) ~[junit-jupiter-engine-5.7.2.jar:5.7.2]
	at org.junit.jupiter.engine.extension.TimeoutExtension.interceptTestableMethod(TimeoutExtension.java:140) ~[junit-jupiter-engine-5.7.2.jar:5.7.2]
	at org.junit.jupiter.engine.extension.TimeoutExtension.interceptTestMethod(TimeoutExtension.java:84) ~[junit-jupiter-engine-5.7.2.jar:5.7.2]
	at org.junit.jupiter.engine.execution.ExecutableInvoker$ReflectiveInterceptorCall.lambda$ofVoidMethod$0(ExecutableInvoker.java:115) ~[junit-jupiter-engine-5.7.2.jar:5.7.2]
	at org.junit.jupiter.engine.execution.ExecutableInvoker.lambda$invoke$0(ExecutableInvoker.java:105) ~[junit-jupiter-engine-5.7.2.jar:5.7.2]
	at org.junit.jupiter.engine.execution.InvocationInterceptorChain$InterceptedInvocation.proceed(InvocationInterceptorChain.java:106) ~[junit-jupiter-engine-5.7.2.jar:5.7.2]
	at org.junit.jupiter.engine.execution.InvocationInterceptorChain.proceed(InvocationInterceptorChain.java:64) ~[junit-jupiter-engine-5.7.2.jar:5.7.2]
	at org.junit.jupiter.engine.execution.InvocationInterceptorChain.chainAndInvoke(InvocationInterceptorChain.java:45) ~[junit-jupiter-engine-5.7.2.jar:5.7.2]
	at org.junit.jupiter.engine.execution.InvocationInterceptorChain.invoke(InvocationInterceptorChain.java:37) ~[junit-jupiter-engine-5.7.2.jar:5.7.2]
	at org.junit.jupiter.engine.execution.ExecutableInvoker.invoke(ExecutableInvoker.java:104) ~[junit-jupiter-engine-5.7.2.jar:5.7.2]
	at org.junit.jupiter.engine.execution.ExecutableInvoker.invoke(ExecutableInvoker.java:98) ~[junit-jupiter-engine-5.7.2.jar:5.7.2]
	at org.junit.jupiter.engine.descriptor.TestMethodTestDescriptor.lambda$invokeTestMethod$6(TestMethodTestDescriptor.java:210) ~[junit-jupiter-engine-5.7.2.jar:5.7.2]
	at org.junit.platform.engine.support.hierarchical.ThrowableCollector.execute(ThrowableCollector.java:73) ~[junit-platform-engine-1.7.2.jar:1.7.2]
	at org.junit.jupiter.engine.descriptor.TestMethodTestDescriptor.invokeTestMethod(TestMethodTestDescriptor.java:206) ~[junit-jupiter-engine-5.7.2.jar:5.7.2]
	at org.junit.jupiter.engine.descriptor.TestMethodTestDescriptor.execute(TestMethodTestDescriptor.java:131) ~[junit-jupiter-engine-5.7.2.jar:5.7.2]
	at org.junit.jupiter.engine.descriptor.TestMethodTestDescriptor.execute(TestMethodTestDescriptor.java:65) ~[junit-jupiter-engine-5.7.2.jar:5.7.2]
	at org.junit.platform.engine.support.hierarchical.NodeTestTask.lambda$executeRecursively$5(NodeTestTask.java:139) ~[junit-platform-engine-1.7.2.jar:1.7.2]
	at org.junit.platform.engine.support.hierarchical.ThrowableCollector.execute(ThrowableCollector.java:73) ~[junit-platform-engine-1.7.2.jar:1.7.2]
	at org.junit.platform.engine.support.hierarchical.NodeTestTask.lambda$executeRecursively$7(NodeTestTask.java:129) ~[junit-platform-engine-1.7.2.jar:1.7.2]
	at org.junit.platform.engine.support.hierarchical.Node.around(Node.java:137) ~[junit-platform-engine-1.7.2.jar:1.7.2]
	at org.junit.platform.engine.support.hierarchical.NodeTestTask.lambda$executeRecursively$8(NodeTestTask.java:127) ~[junit-platform-engine-1.7.2.jar:1.7.2]
	at org.junit.platform.engine.support.hierarchical.ThrowableCollector.execute(ThrowableCollector.java:73) ~[junit-platform-engine-1.7.2.jar:1.7.2]
	at org.junit.platform.engine.support.hierarchical.NodeTestTask.executeRecursively(NodeTestTask.java:126) ~[junit-platform-engine-1.7.2.jar:1.7.2]
	at org.junit.platform.engine.support.hierarchical.NodeTestTask.execute(NodeTestTask.java:84) ~[junit-platform-engine-1.7.2.jar:1.7.2]
	at java.util.ArrayList.forEach(ArrayList.java:1597) ~[?:?]
	at org.junit.platform.engine.support.hierarchical.SameThreadHierarchicalTestExecutorService.invokeAll(SameThreadHierarchicalTestExecutorService.java:38) ~[junit-platform-engine-1.7.2.jar:1.7.2]
	at org.junit.platform.engine.support.hierarchical.NodeTestTask.lambda$executeRecursively$5(NodeTestTask.java:143) ~[junit-platform-engine-1.7.2.jar:1.7.2]
	at org.junit.platform.engine.support.hierarchical.ThrowableCollector.execute(ThrowableCollector.java:73) ~[junit-platform-engine-1.7.2.jar:1.7.2]
	at org.junit.platform.engine.support.hierarchical.NodeTestTask.lambda$executeRecursively$7(NodeTestTask.java:129) ~[junit-platform-engine-1.7.2.jar:1.7.2]
	at org.junit.platform.engine.support.hierarchical.Node.around(Node.java:137) ~[junit-platform-engine-1.7.2.jar:1.7.2]
	at org.junit.platform.engine.support.hierarchical.NodeTestTask.lambda$executeRecursively$8(NodeTestTask.java:127) ~[junit-platform-engine-1.7.2.jar:1.7.2]
	at org.junit.platform.engine.support.hierarchical.ThrowableCollector.execute(ThrowableCollector.java:73) ~[junit-platform-engine-1.7.2.jar:1.7.2]
	at org.junit.platform.engine.support.hierarchical.NodeTestTask.executeRecursively(NodeTestTask.java:126) ~[junit-platform-engine-1.7.2.jar:1.7.2]
	at org.junit.platform.engine.support.hierarchical.NodeTestTask.execute(NodeTestTask.java:84) ~[junit-platform-engine-1.7.2.jar:1.7.2]
	at java.util.ArrayList.forEach(ArrayList.java:1597) ~[?:?]
	at org.junit.platform.engine.support.hierarchical.SameThreadHierarchicalTestExecutorService.invokeAll(SameThreadHierarchicalTestExecutorService.java:38) ~[junit-platform-engine-1.7.2.jar:1.7.2]
	at org.junit.platform.engine.support.hierarchical.NodeTestTask.lambda$executeRecursively$5(NodeTestTask.java:143) ~[junit-platform-engine-1.7.2.jar:1.7.2]
	at org.junit.platform.engine.support.hierarchical.ThrowableCollector.execute(ThrowableCollector.java:73) ~[junit-platform-engine-1.7.2.jar:1.7.2]
	at org.junit.platform.engine.support.hierarchical.NodeTestTask.lambda$executeRecursively$7(NodeTestTask.java:129) ~[junit-platform-engine-1.7.2.jar:1.7.2]
	at org.junit.platform.engine.support.hierarchical.Node.around(Node.java:137) ~[junit-platform-engine-1.7.2.jar:1.7.2]
	at org.junit.platform.engine.support.hierarchical.NodeTestTask.lambda$executeRecursively$8(NodeTestTask.java:127) ~[junit-platform-engine-1.7.2.jar:1.7.2]
	at org.junit.platform.engine.support.hierarchical.ThrowableCollector.execute(ThrowableCollector.java:73) [junit-platform-engine-1.7.2.jar:1.7.2]
	at org.junit.platform.engine.support.hierarchical.NodeTestTask.executeRecursively(NodeTestTask.java:126) [junit-platform-engine-1.7.2.jar:1.7.2]
	at org.junit.platform.engine.support.hierarchical.NodeTestTask.execute(NodeTestTask.java:84) [junit-platform-engine-1.7.2.jar:1.7.2]
	at org.junit.platform.engine.support.hierarchical.SameThreadHierarchicalTestExecutorService.submit(SameThreadHierarchicalTestExecutorService.java:32) [junit-platform-engine-1.7.2.jar:1.7.2]
	at org.junit.platform.engine.support.hierarchical.HierarchicalTestExecutor.execute(HierarchicalTestExecutor.java:57) [junit-platform-engine-1.7.2.jar:1.7.2]
	at org.junit.platform.engine.support.hierarchical.HierarchicalTestEngine.execute(HierarchicalTestEngine.java:51) [junit-platform-engine-1.7.2.jar:1.7.2]
	at org.junit.platform.launcher.core.DefaultLauncher.execute(DefaultLauncher.java:170) [junit-platform-launcher-1.2.0.jar:1.2.0]
	at org.junit.platform.launcher.core.DefaultLauncher.execute(DefaultLauncher.java:154) [junit-platform-launcher-1.2.0.jar:1.2.0]
	at org.junit.platform.launcher.core.DefaultLauncher.execute(DefaultLauncher.java:90) [junit-platform-launcher-1.2.0.jar:1.2.0]
	at org.junit.platform.surefire.provider.JUnitPlatformProvider.invokeAllTests(JUnitPlatformProvider.java:132) [junit-platform-surefire-provider-1.2.0.jar:1.2.0]
	at org.junit.platform.surefire.provider.JUnitPlatformProvider.invoke(JUnitPlatformProvider.java:111) [junit-platform-surefire-provider-1.2.0.jar:1.2.0]
	at org.apache.maven.surefire.booter.ForkedBooter.invokeProviderInSameClassLoader(ForkedBooter.java:379) [surefire-booter-2.21.0.jar:2.21.0]
	at org.apache.maven.surefire.booter.ForkedBooter.runSuitesInProcess(ForkedBooter.java:340) [surefire-booter-2.21.0.jar:2.21.0]
	at org.apache.maven.surefire.booter.ForkedBooter.execute(ForkedBooter.java:125) [surefire-booter-2.21.0.jar:2.21.0]
	at org.apache.maven.surefire.booter.ForkedBooter.main(ForkedBooter.java:413) [surefire-booter-2.21.0.jar:2.21.0]
2025-02-10 20:46:29 [main] INFO : Generated Ticket and saved in DB
2025-02-10 20:46:29 [main] INFO : Please park your vehicle in spot number: 1
2025-02-10 20:46:29 [main] INFO : Recorded in-time for vehicle number: ABCDEF is: 2025-02-10T20:46:29.177+1100
2025-02-10 20:46:29 [main] ERROR: Unable to process incoming vehicle
java.lang.NullPointerException: Cannot invoke "java.util.Date.toString()" because the return value of "com.parkit.parkingsystem.model.Ticket.getOutTime()" is null
	at com.parkit.parkingsystem.service.FareCalculatorService.calculateFare(FareCalculatorService.java:16) ~[classes/:?]
	at com.parkit.parkingsystem.service.ParkingService.processIncomingVehicle(ParkingService.java:95) ~[classes/:?]
	at com.parkit.parkingsystem.ParkingServiceTest.testProcessIncomingVehicle(ParkingServiceTest.java:86) ~[test-classes/:?]
	at jdk.internal.reflect.DirectMethodHandleAccessor.invoke(DirectMethodHandleAccessor.java:103) ~[?:?]
	at java.lang.reflect.Method.invoke(Method.java:580) ~[?:?]
	at org.junit.platform.commons.util.ReflectionUtils.invokeMethod(ReflectionUtils.java:688) ~[junit-platform-commons-1.7.2.jar:1.7.2]
	at org.junit.jupiter.engine.execution.MethodInvocation.proceed(MethodInvocation.java:60) ~[junit-jupiter-engine-5.7.2.jar:5.7.2]
	at org.junit.jupiter.engine.execution.InvocationInterceptorChain$ValidatingInvocation.proceed(InvocationInterceptorChain.java:131) ~[junit-jupiter-engine-5.7.2.jar:5.7.2]
	at org.junit.jupiter.engine.extension.TimeoutExtension.intercept(TimeoutExtension.java:149) ~[junit-jupiter-engine-5.7.2.jar:5.7.2]
	at org.junit.jupiter.engine.extension.TimeoutExtension.interceptTestableMethod(TimeoutExtension.java:140) ~[junit-jupiter-engine-5.7.2.jar:5.7.2]
	at org.junit.jupiter.engine.extension.TimeoutExtension.interceptTestMethod(TimeoutExtension.java:84) ~[junit-jupiter-engine-5.7.2.jar:5.7.2]
	at org.junit.jupiter.engine.execution.ExecutableInvoker$ReflectiveInterceptorCall.lambda$ofVoidMethod$0(ExecutableInvoker.java:115) ~[junit-jupiter-engine-5.7.2.jar:5.7.2]
	at org.junit.jupiter.engine.execution.ExecutableInvoker.lambda$invoke$0(ExecutableInvoker.java:105) ~[junit-jupiter-engine-5.7.2.jar:5.7.2]
	at org.junit.jupiter.engine.execution.InvocationInterceptorChain$InterceptedInvocation.proceed(InvocationInterceptorChain.java:106) ~[junit-jupiter-engine-5.7.2.jar:5.7.2]
	at org.junit.jupiter.engine.execution.InvocationInterceptorChain.proceed(InvocationInterceptorChain.java:64) ~[junit-jupiter-engine-5.7.2.jar:5.7.2]
	at org.junit.jupiter.engine.execution.InvocationInterceptorChain.chainAndInvoke(InvocationInterceptorChain.java:45) ~[junit-jupiter-engine-5.7.2.jar:5.7.2]
	at org.junit.jupiter.engine.execution.InvocationInterceptorChain.invoke(InvocationInterceptorChain.java:37) ~[junit-jupiter-engine-5.7.2.jar:5.7.2]
	at org.junit.jupiter.engine.execution.ExecutableInvoker.invoke(ExecutableInvoker.java:104) ~[junit-jupiter-engine-5.7.2.jar:5.7.2]
	at org.junit.jupiter.engine.execution.ExecutableInvoker.invoke(ExecutableInvoker.java:98) ~[junit-jupiter-engine-5.7.2.jar:5.7.2]
	at org.junit.jupiter.engine.descriptor.TestMethodTestDescriptor.lambda$invokeTestMethod$6(TestMethodTestDescriptor.java:210) ~[junit-jupiter-engine-5.7.2.jar:5.7.2]
	at org.junit.platform.engine.support.hierarchical.ThrowableCollector.execute(ThrowableCollector.java:73) ~[junit-platform-engine-1.7.2.jar:1.7.2]
	at org.junit.jupiter.engine.descriptor.TestMethodTestDescriptor.invokeTestMethod(TestMethodTestDescriptor.java:206) ~[junit-jupiter-engine-5.7.2.jar:5.7.2]
	at org.junit.jupiter.engine.descriptor.TestMethodTestDescriptor.execute(TestMethodTestDescriptor.java:131) ~[junit-jupiter-engine-5.7.2.jar:5.7.2]
	at org.junit.jupiter.engine.descriptor.TestMethodTestDescriptor.execute(TestMethodTestDescriptor.java:65) ~[junit-jupiter-engine-5.7.2.jar:5.7.2]
	at org.junit.platform.engine.support.hierarchical.NodeTestTask.lambda$executeRecursively$5(NodeTestTask.java:139) ~[junit-platform-engine-1.7.2.jar:1.7.2]
	at org.junit.platform.engine.support.hierarchical.ThrowableCollector.execute(ThrowableCollector.java:73) ~[junit-platform-engine-1.7.2.jar:1.7.2]
	at org.junit.platform.engine.support.hierarchical.NodeTestTask.lambda$executeRecursively$7(NodeTestTask.java:129) ~[junit-platform-engine-1.7.2.jar:1.7.2]
	at org.junit.platform.engine.support.hierarchical.Node.around(Node.java:137) ~[junit-platform-engine-1.7.2.jar:1.7.2]
	at org.junit.platform.engine.support.hierarchical.NodeTestTask.lambda$executeRecursively$8(NodeTestTask.java:127) ~[junit-platform-engine-1.7.2.jar:1.7.2]
	at org.junit.platform.engine.support.hierarchical.ThrowableCollector.execute(ThrowableCollector.java:73) ~[junit-platform-engine-1.7.2.jar:1.7.2]
	at org.junit.platform.engine.support.hierarchical.NodeTestTask.executeRecursively(NodeTestTask.java:126) ~[junit-platform-engine-1.7.2.jar:1.7.2]
	at org.junit.platform.engine.support.hierarchical.NodeTestTask.execute(NodeTestTask.java:84) ~[junit-platform-engine-1.7.2.jar:1.7.2]
	at java.util.ArrayList.forEach(ArrayList.java:1597) ~[?:?]
	at org.junit.platform.engine.support.hierarchical.SameThreadHierarchicalTestExecutorService.invokeAll(SameThreadHierarchicalTestExecutorService.java:38) ~[junit-platform-engine-1.7.2.jar:1.7.2]
	at org.junit.platform.engine.support.hierarchical.NodeTestTask.lambda$executeRecursively$5(NodeTestTask.java:143) ~[junit-platform-engine-1.7.2.jar:1.7.2]
	at org.junit.platform.engine.support.hierarchical.ThrowableCollector.execute(ThrowableCollector.java:73) ~[junit-platform-engine-1.7.2.jar:1.7.2]
	at org.junit.platform.engine.support.hierarchical.NodeTestTask.lambda$executeRecursively$7(NodeTestTask.java:129) ~[junit-platform-engine-1.7.2.jar:1.7.2]
	at org.junit.platform.engine.support.hierarchical.Node.around(Node.java:137) ~[junit-platform-engine-1.7.2.jar:1.7.2]
	at org.junit.platform.engine.support.hierarchical.NodeTestTask.lambda$executeRecursively$8(NodeTestTask.java:127) ~[junit-platform-engine-1.7.2.jar:1.7.2]
	at org.junit.platform.engine.support.hierarchical.ThrowableCollector.execute(ThrowableCollector.java:73) ~[junit-platform-engine-1.7.2.jar:1.7.2]
	at org.junit.platform.engine.support.hierarchical.NodeTestTask.executeRecursively(NodeTestTask.java:126) ~[junit-platform-engine-1.7.2.jar:1.7.2]
	at org.junit.platform.engine.support.hierarchical.NodeTestTask.execute(NodeTestTask.java:84) ~[junit-platform-engine-1.7.2.jar:1.7.2]
	at java.util.ArrayList.forEach(ArrayList.java:1597) ~[?:?]
	at org.junit.platform.engine.support.hierarchical.SameThreadHierarchicalTestExecutorService.invokeAll(SameThreadHierarchicalTestExecutorService.java:38) ~[junit-platform-engine-1.7.2.jar:1.7.2]
	at org.junit.platform.engine.support.hierarchical.NodeTestTask.lambda$executeRecursively$5(NodeTestTask.java:143) ~[junit-platform-engine-1.7.2.jar:1.7.2]
	at org.junit.platform.engine.support.hierarchical.ThrowableCollector.execute(ThrowableCollector.java:73) ~[junit-platform-engine-1.7.2.jar:1.7.2]
	at org.junit.platform.engine.support.hierarchical.NodeTestTask.lambda$executeRecursively$7(NodeTestTask.java:129) ~[junit-platform-engine-1.7.2.jar:1.7.2]
	at org.junit.platform.engine.support.hierarchical.Node.around(Node.java:137) ~[junit-platform-engine-1.7.2.jar:1.7.2]
	at org.junit.platform.engine.support.hierarchical.NodeTestTask.lambda$executeRecursively$8(NodeTestTask.java:127) ~[junit-platform-engine-1.7.2.jar:1.7.2]
	at org.junit.platform.engine.support.hierarchical.ThrowableCollector.execute(ThrowableCollector.java:73) [junit-platform-engine-1.7.2.jar:1.7.2]
	at org.junit.platform.engine.support.hierarchical.NodeTestTask.executeRecursively(NodeTestTask.java:126) [junit-platform-engine-1.7.2.jar:1.7.2]
	at org.junit.platform.engine.support.hierarchical.NodeTestTask.execute(NodeTestTask.java:84) [junit-platform-engine-1.7.2.jar:1.7.2]
	at org.junit.platform.engine.support.hierarchical.SameThreadHierarchicalTestExecutorService.submit(SameThreadHierarchicalTestExecutorService.java:32) [junit-platform-engine-1.7.2.jar:1.7.2]
	at org.junit.platform.engine.support.hierarchical.HierarchicalTestExecutor.execute(HierarchicalTestExecutor.java:57) [junit-platform-engine-1.7.2.jar:1.7.2]
	at org.junit.platform.engine.support.hierarchical.HierarchicalTestEngine.execute(HierarchicalTestEngine.java:51) [junit-platform-engine-1.7.2.jar:1.7.2]
	at org.junit.platform.launcher.core.DefaultLauncher.execute(DefaultLauncher.java:170) [junit-platform-launcher-1.2.0.jar:1.2.0]
	at org.junit.platform.launcher.core.DefaultLauncher.execute(DefaultLauncher.java:154) [junit-platform-launcher-1.2.0.jar:1.2.0]
	at org.junit.platform.launcher.core.DefaultLauncher.execute(DefaultLauncher.java:90) [junit-platform-launcher-1.2.0.jar:1.2.0]
	at org.junit.platform.surefire.provider.JUnitPlatformProvider.invokeAllTests(JUnitPlatformProvider.java:132) [junit-platform-surefire-provider-1.2.0.jar:1.2.0]
	at org.junit.platform.surefire.provider.JUnitPlatformProvider.invoke(JUnitPlatformProvider.java:111) [junit-platform-surefire-provider-1.2.0.jar:1.2.0]
	at org.apache.maven.surefire.booter.ForkedBooter.invokeProviderInSameClassLoader(ForkedBooter.java:379) [surefire-booter-2.21.0.jar:2.21.0]
	at org.apache.maven.surefire.booter.ForkedBooter.runSuitesInProcess(ForkedBooter.java:340) [surefire-booter-2.21.0.jar:2.21.0]
	at org.apache.maven.surefire.booter.ForkedBooter.execute(ForkedBooter.java:125) [surefire-booter-2.21.0.jar:2.21.0]
	at org.apache.maven.surefire.booter.ForkedBooter.main(ForkedBooter.java:413) [surefire-booter-2.21.0.jar:2.21.0]
2025-02-10 21:20:43 [main] INFO : Please select vehicle type from menu
2025-02-10 21:20:43 [main] INFO : 1 CAR
2025-02-10 21:20:43 [main] INFO : 2 BIKE
2025-02-10 21:20:44 [main] INFO : Incorrect input provided
2025-02-10 21:20:44 [main] ERROR: Error parsing user input for type of vehicle
java.lang.IllegalArgumentException: Entered input is invalid
	at com.parkit.parkingsystem.service.ParkingService.getVehichleType(ParkingService.java:142) ~[classes/:?]
	at com.parkit.parkingsystem.service.ParkingService.getNextParkingNumberIfAvailable(ParkingService.java:112) ~[classes/:?]
	at com.parkit.parkingsystem.ParkingServiceTest.testGetNextParkingNumberIfAvailableParkingNumberNotFound(ParkingServiceTest.java:135) ~[test-classes/:?]
	at jdk.internal.reflect.DirectMethodHandleAccessor.invoke(DirectMethodHandleAccessor.java:103) ~[?:?]
	at java.lang.reflect.Method.invoke(Method.java:580) ~[?:?]
	at org.junit.platform.commons.util.ReflectionUtils.invokeMethod(ReflectionUtils.java:688) ~[junit-platform-commons-1.7.2.jar:1.7.2]
	at org.junit.jupiter.engine.execution.MethodInvocation.proceed(MethodInvocation.java:60) ~[junit-jupiter-engine-5.7.2.jar:5.7.2]
	at org.junit.jupiter.engine.execution.InvocationInterceptorChain$ValidatingInvocation.proceed(InvocationInterceptorChain.java:131) ~[junit-jupiter-engine-5.7.2.jar:5.7.2]
	at org.junit.jupiter.engine.extension.TimeoutExtension.intercept(TimeoutExtension.java:149) ~[junit-jupiter-engine-5.7.2.jar:5.7.2]
	at org.junit.jupiter.engine.extension.TimeoutExtension.interceptTestableMethod(TimeoutExtension.java:140) ~[junit-jupiter-engine-5.7.2.jar:5.7.2]
	at org.junit.jupiter.engine.extension.TimeoutExtension.interceptTestMethod(TimeoutExtension.java:84) ~[junit-jupiter-engine-5.7.2.jar:5.7.2]
	at org.junit.jupiter.engine.execution.ExecutableInvoker$ReflectiveInterceptorCall.lambda$ofVoidMethod$0(ExecutableInvoker.java:115) ~[junit-jupiter-engine-5.7.2.jar:5.7.2]
	at org.junit.jupiter.engine.execution.ExecutableInvoker.lambda$invoke$0(ExecutableInvoker.java:105) ~[junit-jupiter-engine-5.7.2.jar:5.7.2]
	at org.junit.jupiter.engine.execution.InvocationInterceptorChain$InterceptedInvocation.proceed(InvocationInterceptorChain.java:106) ~[junit-jupiter-engine-5.7.2.jar:5.7.2]
	at org.junit.jupiter.engine.execution.InvocationInterceptorChain.proceed(InvocationInterceptorChain.java:64) ~[junit-jupiter-engine-5.7.2.jar:5.7.2]
	at org.junit.jupiter.engine.execution.InvocationInterceptorChain.chainAndInvoke(InvocationInterceptorChain.java:45) ~[junit-jupiter-engine-5.7.2.jar:5.7.2]
	at org.junit.jupiter.engine.execution.InvocationInterceptorChain.invoke(InvocationInterceptorChain.java:37) ~[junit-jupiter-engine-5.7.2.jar:5.7.2]
	at org.junit.jupiter.engine.execution.ExecutableInvoker.invoke(ExecutableInvoker.java:104) ~[junit-jupiter-engine-5.7.2.jar:5.7.2]
	at org.junit.jupiter.engine.execution.ExecutableInvoker.invoke(ExecutableInvoker.java:98) ~[junit-jupiter-engine-5.7.2.jar:5.7.2]
	at org.junit.jupiter.engine.descriptor.TestMethodTestDescriptor.lambda$invokeTestMethod$6(TestMethodTestDescriptor.java:210) ~[junit-jupiter-engine-5.7.2.jar:5.7.2]
	at org.junit.platform.engine.support.hierarchical.ThrowableCollector.execute(ThrowableCollector.java:73) ~[junit-platform-engine-1.7.2.jar:1.7.2]
	at org.junit.jupiter.engine.descriptor.TestMethodTestDescriptor.invokeTestMethod(TestMethodTestDescriptor.java:206) ~[junit-jupiter-engine-5.7.2.jar:5.7.2]
	at org.junit.jupiter.engine.descriptor.TestMethodTestDescriptor.execute(TestMethodTestDescriptor.java:131) ~[junit-jupiter-engine-5.7.2.jar:5.7.2]
	at org.junit.jupiter.engine.descriptor.TestMethodTestDescriptor.execute(TestMethodTestDescriptor.java:65) ~[junit-jupiter-engine-5.7.2.jar:5.7.2]
	at org.junit.platform.engine.support.hierarchical.NodeTestTask.lambda$executeRecursively$5(NodeTestTask.java:139) ~[junit-platform-engine-1.7.2.jar:1.7.2]
	at org.junit.platform.engine.support.hierarchical.ThrowableCollector.execute(ThrowableCollector.java:73) ~[junit-platform-engine-1.7.2.jar:1.7.2]
	at org.junit.platform.engine.support.hierarchical.NodeTestTask.lambda$executeRecursively$7(NodeTestTask.java:129) ~[junit-platform-engine-1.7.2.jar:1.7.2]
	at org.junit.platform.engine.support.hierarchical.Node.around(Node.java:137) ~[junit-platform-engine-1.7.2.jar:1.7.2]
	at org.junit.platform.engine.support.hierarchical.NodeTestTask.lambda$executeRecursively$8(NodeTestTask.java:127) ~[junit-platform-engine-1.7.2.jar:1.7.2]
	at org.junit.platform.engine.support.hierarchical.ThrowableCollector.execute(ThrowableCollector.java:73) ~[junit-platform-engine-1.7.2.jar:1.7.2]
	at org.junit.platform.engine.support.hierarchical.NodeTestTask.executeRecursively(NodeTestTask.java:126) ~[junit-platform-engine-1.7.2.jar:1.7.2]
	at org.junit.platform.engine.support.hierarchical.NodeTestTask.execute(NodeTestTask.java:84) ~[junit-platform-engine-1.7.2.jar:1.7.2]
	at java.util.ArrayList.forEach(ArrayList.java:1597) ~[?:?]
	at org.junit.platform.engine.support.hierarchical.SameThreadHierarchicalTestExecutorService.invokeAll(SameThreadHierarchicalTestExecutorService.java:38) ~[junit-platform-engine-1.7.2.jar:1.7.2]
	at org.junit.platform.engine.support.hierarchical.NodeTestTask.lambda$executeRecursively$5(NodeTestTask.java:143) ~[junit-platform-engine-1.7.2.jar:1.7.2]
	at org.junit.platform.engine.support.hierarchical.ThrowableCollector.execute(ThrowableCollector.java:73) ~[junit-platform-engine-1.7.2.jar:1.7.2]
	at org.junit.platform.engine.support.hierarchical.NodeTestTask.lambda$executeRecursively$7(NodeTestTask.java:129) ~[junit-platform-engine-1.7.2.jar:1.7.2]
	at org.junit.platform.engine.support.hierarchical.Node.around(Node.java:137) ~[junit-platform-engine-1.7.2.jar:1.7.2]
	at org.junit.platform.engine.support.hierarchical.NodeTestTask.lambda$executeRecursively$8(NodeTestTask.java:127) ~[junit-platform-engine-1.7.2.jar:1.7.2]
	at org.junit.platform.engine.support.hierarchical.ThrowableCollector.execute(ThrowableCollector.java:73) ~[junit-platform-engine-1.7.2.jar:1.7.2]
	at org.junit.platform.engine.support.hierarchical.NodeTestTask.executeRecursively(NodeTestTask.java:126) ~[junit-platform-engine-1.7.2.jar:1.7.2]
	at org.junit.platform.engine.support.hierarchical.NodeTestTask.execute(NodeTestTask.java:84) ~[junit-platform-engine-1.7.2.jar:1.7.2]
	at java.util.ArrayList.forEach(ArrayList.java:1597) ~[?:?]
	at org.junit.platform.engine.support.hierarchical.SameThreadHierarchicalTestExecutorService.invokeAll(SameThreadHierarchicalTestExecutorService.java:38) ~[junit-platform-engine-1.7.2.jar:1.7.2]
	at org.junit.platform.engine.support.hierarchical.NodeTestTask.lambda$executeRecursively$5(NodeTestTask.java:143) ~[junit-platform-engine-1.7.2.jar:1.7.2]
	at org.junit.platform.engine.support.hierarchical.ThrowableCollector.execute(ThrowableCollector.java:73) ~[junit-platform-engine-1.7.2.jar:1.7.2]
	at org.junit.platform.engine.support.hierarchical.NodeTestTask.lambda$executeRecursively$7(NodeTestTask.java:129) ~[junit-platform-engine-1.7.2.jar:1.7.2]
	at org.junit.platform.engine.support.hierarchical.Node.around(Node.java:137) ~[junit-platform-engine-1.7.2.jar:1.7.2]
	at org.junit.platform.engine.support.hierarchical.NodeTestTask.lambda$executeRecursively$8(NodeTestTask.java:127) ~[junit-platform-engine-1.7.2.jar:1.7.2]
	at org.junit.platform.engine.support.hierarchical.ThrowableCollector.execute(ThrowableCollector.java:73) [junit-platform-engine-1.7.2.jar:1.7.2]
	at org.junit.platform.engine.support.hierarchical.NodeTestTask.executeRecursively(NodeTestTask.java:126) [junit-platform-engine-1.7.2.jar:1.7.2]
	at org.junit.platform.engine.support.hierarchical.NodeTestTask.execute(NodeTestTask.java:84) [junit-platform-engine-1.7.2.jar:1.7.2]
	at org.junit.platform.engine.support.hierarchical.SameThreadHierarchicalTestExecutorService.submit(SameThreadHierarchicalTestExecutorService.java:32) [junit-platform-engine-1.7.2.jar:1.7.2]
	at org.junit.platform.engine.support.hierarchical.HierarchicalTestExecutor.execute(HierarchicalTestExecutor.java:57) [junit-platform-engine-1.7.2.jar:1.7.2]
	at org.junit.platform.engine.support.hierarchical.HierarchicalTestEngine.execute(HierarchicalTestEngine.java:51) [junit-platform-engine-1.7.2.jar:1.7.2]
	at org.junit.platform.launcher.core.DefaultLauncher.execute(DefaultLauncher.java:170) [junit-platform-launcher-1.2.0.jar:1.2.0]
	at org.junit.platform.launcher.core.DefaultLauncher.execute(DefaultLauncher.java:154) [junit-platform-launcher-1.2.0.jar:1.2.0]
	at org.junit.platform.launcher.core.DefaultLauncher.execute(DefaultLauncher.java:90) [junit-platform-launcher-1.2.0.jar:1.2.0]
	at org.junit.platform.surefire.provider.JUnitPlatformProvider.invokeAllTests(JUnitPlatformProvider.java:132) [junit-platform-surefire-provider-1.2.0.jar:1.2.0]
	at org.junit.platform.surefire.provider.JUnitPlatformProvider.invoke(JUnitPlatformProvider.java:111) [junit-platform-surefire-provider-1.2.0.jar:1.2.0]
	at org.apache.maven.surefire.booter.ForkedBooter.invokeProviderInSameClassLoader(ForkedBooter.java:379) [surefire-booter-2.21.0.jar:2.21.0]
	at org.apache.maven.surefire.booter.ForkedBooter.runSuitesInProcess(ForkedBooter.java:340) [surefire-booter-2.21.0.jar:2.21.0]
	at org.apache.maven.surefire.booter.ForkedBooter.execute(ForkedBooter.java:125) [surefire-booter-2.21.0.jar:2.21.0]
	at org.apache.maven.surefire.booter.ForkedBooter.main(ForkedBooter.java:413) [surefire-booter-2.21.0.jar:2.21.0]
2025-02-10 21:20:44 [main] ERROR: Unable to process exiting vehicle
java.lang.NullPointerException: Cannot invoke "Object.getClass()" because "date" is null
	at java.util.Date.getMillisOf(Date.java:956) ~[?:?]
	at java.util.Date.before(Date.java:915) ~[?:?]
	at com.parkit.parkingsystem.service.FareCalculatorService.calculateFare(FareCalculatorService.java:15) ~[classes/:?]
	at com.parkit.parkingsystem.service.ParkingService.processExitingVehicle(ParkingService.java:155) ~[classes/:?]
	at com.parkit.parkingsystem.ParkingServiceTest.processExitingVehicleTestUnableUpdate(ParkingServiceTest.java:107) ~[test-classes/:?]
	at jdk.internal.reflect.DirectMethodHandleAccessor.invoke(DirectMethodHandleAccessor.java:103) ~[?:?]
	at java.lang.reflect.Method.invoke(Method.java:580) ~[?:?]
	at org.junit.platform.commons.util.ReflectionUtils.invokeMethod(ReflectionUtils.java:688) ~[junit-platform-commons-1.7.2.jar:1.7.2]
	at org.junit.jupiter.engine.execution.MethodInvocation.proceed(MethodInvocation.java:60) ~[junit-jupiter-engine-5.7.2.jar:5.7.2]
	at org.junit.jupiter.engine.execution.InvocationInterceptorChain$ValidatingInvocation.proceed(InvocationInterceptorChain.java:131) ~[junit-jupiter-engine-5.7.2.jar:5.7.2]
	at org.junit.jupiter.engine.extension.TimeoutExtension.intercept(TimeoutExtension.java:149) ~[junit-jupiter-engine-5.7.2.jar:5.7.2]
	at org.junit.jupiter.engine.extension.TimeoutExtension.interceptTestableMethod(TimeoutExtension.java:140) ~[junit-jupiter-engine-5.7.2.jar:5.7.2]
	at org.junit.jupiter.engine.extension.TimeoutExtension.interceptTestMethod(TimeoutExtension.java:84) ~[junit-jupiter-engine-5.7.2.jar:5.7.2]
	at org.junit.jupiter.engine.execution.ExecutableInvoker$ReflectiveInterceptorCall.lambda$ofVoidMethod$0(ExecutableInvoker.java:115) ~[junit-jupiter-engine-5.7.2.jar:5.7.2]
	at org.junit.jupiter.engine.execution.ExecutableInvoker.lambda$invoke$0(ExecutableInvoker.java:105) ~[junit-jupiter-engine-5.7.2.jar:5.7.2]
	at org.junit.jupiter.engine.execution.InvocationInterceptorChain$InterceptedInvocation.proceed(InvocationInterceptorChain.java:106) ~[junit-jupiter-engine-5.7.2.jar:5.7.2]
	at org.junit.jupiter.engine.execution.InvocationInterceptorChain.proceed(InvocationInterceptorChain.java:64) ~[junit-jupiter-engine-5.7.2.jar:5.7.2]
	at org.junit.jupiter.engine.execution.InvocationInterceptorChain.chainAndInvoke(InvocationInterceptorChain.java:45) ~[junit-jupiter-engine-5.7.2.jar:5.7.2]
	at org.junit.jupiter.engine.execution.InvocationInterceptorChain.invoke(InvocationInterceptorChain.java:37) ~[junit-jupiter-engine-5.7.2.jar:5.7.2]
	at org.junit.jupiter.engine.execution.ExecutableInvoker.invoke(ExecutableInvoker.java:104) ~[junit-jupiter-engine-5.7.2.jar:5.7.2]
	at org.junit.jupiter.engine.execution.ExecutableInvoker.invoke(ExecutableInvoker.java:98) ~[junit-jupiter-engine-5.7.2.jar:5.7.2]
	at org.junit.jupiter.engine.descriptor.TestMethodTestDescriptor.lambda$invokeTestMethod$6(TestMethodTestDescriptor.java:210) ~[junit-jupiter-engine-5.7.2.jar:5.7.2]
	at org.junit.platform.engine.support.hierarchical.ThrowableCollector.execute(ThrowableCollector.java:73) ~[junit-platform-engine-1.7.2.jar:1.7.2]
	at org.junit.jupiter.engine.descriptor.TestMethodTestDescriptor.invokeTestMethod(TestMethodTestDescriptor.java:206) ~[junit-jupiter-engine-5.7.2.jar:5.7.2]
	at org.junit.jupiter.engine.descriptor.TestMethodTestDescriptor.execute(TestMethodTestDescriptor.java:131) ~[junit-jupiter-engine-5.7.2.jar:5.7.2]
	at org.junit.jupiter.engine.descriptor.TestMethodTestDescriptor.execute(TestMethodTestDescriptor.java:65) ~[junit-jupiter-engine-5.7.2.jar:5.7.2]
	at org.junit.platform.engine.support.hierarchical.NodeTestTask.lambda$executeRecursively$5(NodeTestTask.java:139) ~[junit-platform-engine-1.7.2.jar:1.7.2]
	at org.junit.platform.engine.support.hierarchical.ThrowableCollector.execute(ThrowableCollector.java:73) ~[junit-platform-engine-1.7.2.jar:1.7.2]
	at org.junit.platform.engine.support.hierarchical.NodeTestTask.lambda$executeRecursively$7(NodeTestTask.java:129) ~[junit-platform-engine-1.7.2.jar:1.7.2]
	at org.junit.platform.engine.support.hierarchical.Node.around(Node.java:137) ~[junit-platform-engine-1.7.2.jar:1.7.2]
	at org.junit.platform.engine.support.hierarchical.NodeTestTask.lambda$executeRecursively$8(NodeTestTask.java:127) ~[junit-platform-engine-1.7.2.jar:1.7.2]
	at org.junit.platform.engine.support.hierarchical.ThrowableCollector.execute(ThrowableCollector.java:73) ~[junit-platform-engine-1.7.2.jar:1.7.2]
	at org.junit.platform.engine.support.hierarchical.NodeTestTask.executeRecursively(NodeTestTask.java:126) ~[junit-platform-engine-1.7.2.jar:1.7.2]
	at org.junit.platform.engine.support.hierarchical.NodeTestTask.execute(NodeTestTask.java:84) ~[junit-platform-engine-1.7.2.jar:1.7.2]
	at java.util.ArrayList.forEach(ArrayList.java:1597) ~[?:?]
	at org.junit.platform.engine.support.hierarchical.SameThreadHierarchicalTestExecutorService.invokeAll(SameThreadHierarchicalTestExecutorService.java:38) ~[junit-platform-engine-1.7.2.jar:1.7.2]
	at org.junit.platform.engine.support.hierarchical.NodeTestTask.lambda$executeRecursively$5(NodeTestTask.java:143) ~[junit-platform-engine-1.7.2.jar:1.7.2]
	at org.junit.platform.engine.support.hierarchical.ThrowableCollector.execute(ThrowableCollector.java:73) ~[junit-platform-engine-1.7.2.jar:1.7.2]
	at org.junit.platform.engine.support.hierarchical.NodeTestTask.lambda$executeRecursively$7(NodeTestTask.java:129) ~[junit-platform-engine-1.7.2.jar:1.7.2]
	at org.junit.platform.engine.support.hierarchical.Node.around(Node.java:137) ~[junit-platform-engine-1.7.2.jar:1.7.2]
	at org.junit.platform.engine.support.hierarchical.NodeTestTask.lambda$executeRecursively$8(NodeTestTask.java:127) ~[junit-platform-engine-1.7.2.jar:1.7.2]
	at org.junit.platform.engine.support.hierarchical.ThrowableCollector.execute(ThrowableCollector.java:73) ~[junit-platform-engine-1.7.2.jar:1.7.2]
	at org.junit.platform.engine.support.hierarchical.NodeTestTask.executeRecursively(NodeTestTask.java:126) ~[junit-platform-engine-1.7.2.jar:1.7.2]
	at org.junit.platform.engine.support.hierarchical.NodeTestTask.execute(NodeTestTask.java:84) ~[junit-platform-engine-1.7.2.jar:1.7.2]
	at java.util.ArrayList.forEach(ArrayList.java:1597) ~[?:?]
	at org.junit.platform.engine.support.hierarchical.SameThreadHierarchicalTestExecutorService.invokeAll(SameThreadHierarchicalTestExecutorService.java:38) ~[junit-platform-engine-1.7.2.jar:1.7.2]
	at org.junit.platform.engine.support.hierarchical.NodeTestTask.lambda$executeRecursively$5(NodeTestTask.java:143) ~[junit-platform-engine-1.7.2.jar:1.7.2]
	at org.junit.platform.engine.support.hierarchical.ThrowableCollector.execute(ThrowableCollector.java:73) ~[junit-platform-engine-1.7.2.jar:1.7.2]
	at org.junit.platform.engine.support.hierarchical.NodeTestTask.lambda$executeRecursively$7(NodeTestTask.java:129) ~[junit-platform-engine-1.7.2.jar:1.7.2]
	at org.junit.platform.engine.support.hierarchical.Node.around(Node.java:137) ~[junit-platform-engine-1.7.2.jar:1.7.2]
	at org.junit.platform.engine.support.hierarchical.NodeTestTask.lambda$executeRecursively$8(NodeTestTask.java:127) ~[junit-platform-engine-1.7.2.jar:1.7.2]
	at org.junit.platform.engine.support.hierarchical.ThrowableCollector.execute(ThrowableCollector.java:73) [junit-platform-engine-1.7.2.jar:1.7.2]
	at org.junit.platform.engine.support.hierarchical.NodeTestTask.executeRecursively(NodeTestTask.java:126) [junit-platform-engine-1.7.2.jar:1.7.2]
	at org.junit.platform.engine.support.hierarchical.NodeTestTask.execute(NodeTestTask.java:84) [junit-platform-engine-1.7.2.jar:1.7.2]
	at org.junit.platform.engine.support.hierarchical.SameThreadHierarchicalTestExecutorService.submit(SameThreadHierarchicalTestExecutorService.java:32) [junit-platform-engine-1.7.2.jar:1.7.2]
	at org.junit.platform.engine.support.hierarchical.HierarchicalTestExecutor.execute(HierarchicalTestExecutor.java:57) [junit-platform-engine-1.7.2.jar:1.7.2]
	at org.junit.platform.engine.support.hierarchical.HierarchicalTestEngine.execute(HierarchicalTestEngine.java:51) [junit-platform-engine-1.7.2.jar:1.7.2]
	at org.junit.platform.launcher.core.DefaultLauncher.execute(DefaultLauncher.java:170) [junit-platform-launcher-1.2.0.jar:1.2.0]
	at org.junit.platform.launcher.core.DefaultLauncher.execute(DefaultLauncher.java:154) [junit-platform-launcher-1.2.0.jar:1.2.0]
	at org.junit.platform.launcher.core.DefaultLauncher.execute(DefaultLauncher.java:90) [junit-platform-launcher-1.2.0.jar:1.2.0]
	at org.junit.platform.surefire.provider.JUnitPlatformProvider.invokeAllTests(JUnitPlatformProvider.java:132) [junit-platform-surefire-provider-1.2.0.jar:1.2.0]
	at org.junit.platform.surefire.provider.JUnitPlatformProvider.invoke(JUnitPlatformProvider.java:111) [junit-platform-surefire-provider-1.2.0.jar:1.2.0]
	at org.apache.maven.surefire.booter.ForkedBooter.invokeProviderInSameClassLoader(ForkedBooter.java:379) [surefire-booter-2.21.0.jar:2.21.0]
	at org.apache.maven.surefire.booter.ForkedBooter.runSuitesInProcess(ForkedBooter.java:340) [surefire-booter-2.21.0.jar:2.21.0]
	at org.apache.maven.surefire.booter.ForkedBooter.execute(ForkedBooter.java:125) [surefire-booter-2.21.0.jar:2.21.0]
	at org.apache.maven.surefire.booter.ForkedBooter.main(ForkedBooter.java:413) [surefire-booter-2.21.0.jar:2.21.0]
2025-02-10 21:20:44 [main] INFO : Please select vehicle type from menu
2025-02-10 21:20:44 [main] INFO : 1 CAR
2025-02-10 21:20:44 [main] INFO : 2 BIKE
2025-02-10 21:20:44 [main] ERROR: Error fetching parking number from DB. Parking slots might be full
2025-02-10 21:20:44 [main] INFO : Please select vehicle type from menu
2025-02-10 21:20:44 [main] INFO : 1 CAR
2025-02-10 21:20:44 [main] INFO : 2 BIKE
2025-02-10 21:20:44 [main] INFO : Next available parking number is: 1
2025-02-10 21:20:44 [main] ERROR: Unable to process exiting vehicle
java.lang.NullPointerException: Cannot invoke "Object.getClass()" because "date" is null
	at java.util.Date.getMillisOf(Date.java:956) ~[?:?]
	at java.util.Date.before(Date.java:915) ~[?:?]
	at com.parkit.parkingsystem.service.FareCalculatorService.calculateFare(FareCalculatorService.java:15) ~[classes/:?]
	at com.parkit.parkingsystem.service.ParkingService.processExitingVehicle(ParkingService.java:155) ~[classes/:?]
	at com.parkit.parkingsystem.ParkingServiceTest.processExitingVehicleTest(ParkingServiceTest.java:69) ~[test-classes/:?]
	at jdk.internal.reflect.DirectMethodHandleAccessor.invoke(DirectMethodHandleAccessor.java:103) ~[?:?]
	at java.lang.reflect.Method.invoke(Method.java:580) ~[?:?]
	at org.junit.platform.commons.util.ReflectionUtils.invokeMethod(ReflectionUtils.java:688) ~[junit-platform-commons-1.7.2.jar:1.7.2]
	at org.junit.jupiter.engine.execution.MethodInvocation.proceed(MethodInvocation.java:60) ~[junit-jupiter-engine-5.7.2.jar:5.7.2]
	at org.junit.jupiter.engine.execution.InvocationInterceptorChain$ValidatingInvocation.proceed(InvocationInterceptorChain.java:131) ~[junit-jupiter-engine-5.7.2.jar:5.7.2]
	at org.junit.jupiter.engine.extension.TimeoutExtension.intercept(TimeoutExtension.java:149) ~[junit-jupiter-engine-5.7.2.jar:5.7.2]
	at org.junit.jupiter.engine.extension.TimeoutExtension.interceptTestableMethod(TimeoutExtension.java:140) ~[junit-jupiter-engine-5.7.2.jar:5.7.2]
	at org.junit.jupiter.engine.extension.TimeoutExtension.interceptTestMethod(TimeoutExtension.java:84) ~[junit-jupiter-engine-5.7.2.jar:5.7.2]
	at org.junit.jupiter.engine.execution.ExecutableInvoker$ReflectiveInterceptorCall.lambda$ofVoidMethod$0(ExecutableInvoker.java:115) ~[junit-jupiter-engine-5.7.2.jar:5.7.2]
	at org.junit.jupiter.engine.execution.ExecutableInvoker.lambda$invoke$0(ExecutableInvoker.java:105) ~[junit-jupiter-engine-5.7.2.jar:5.7.2]
	at org.junit.jupiter.engine.execution.InvocationInterceptorChain$InterceptedInvocation.proceed(InvocationInterceptorChain.java:106) ~[junit-jupiter-engine-5.7.2.jar:5.7.2]
	at org.junit.jupiter.engine.execution.InvocationInterceptorChain.proceed(InvocationInterceptorChain.java:64) ~[junit-jupiter-engine-5.7.2.jar:5.7.2]
	at org.junit.jupiter.engine.execution.InvocationInterceptorChain.chainAndInvoke(InvocationInterceptorChain.java:45) ~[junit-jupiter-engine-5.7.2.jar:5.7.2]
	at org.junit.jupiter.engine.execution.InvocationInterceptorChain.invoke(InvocationInterceptorChain.java:37) ~[junit-jupiter-engine-5.7.2.jar:5.7.2]
	at org.junit.jupiter.engine.execution.ExecutableInvoker.invoke(ExecutableInvoker.java:104) ~[junit-jupiter-engine-5.7.2.jar:5.7.2]
	at org.junit.jupiter.engine.execution.ExecutableInvoker.invoke(ExecutableInvoker.java:98) ~[junit-jupiter-engine-5.7.2.jar:5.7.2]
	at org.junit.jupiter.engine.descriptor.TestMethodTestDescriptor.lambda$invokeTestMethod$6(TestMethodTestDescriptor.java:210) ~[junit-jupiter-engine-5.7.2.jar:5.7.2]
	at org.junit.platform.engine.support.hierarchical.ThrowableCollector.execute(ThrowableCollector.java:73) ~[junit-platform-engine-1.7.2.jar:1.7.2]
	at org.junit.jupiter.engine.descriptor.TestMethodTestDescriptor.invokeTestMethod(TestMethodTestDescriptor.java:206) ~[junit-jupiter-engine-5.7.2.jar:5.7.2]
	at org.junit.jupiter.engine.descriptor.TestMethodTestDescriptor.execute(TestMethodTestDescriptor.java:131) ~[junit-jupiter-engine-5.7.2.jar:5.7.2]
	at org.junit.jupiter.engine.descriptor.TestMethodTestDescriptor.execute(TestMethodTestDescriptor.java:65) ~[junit-jupiter-engine-5.7.2.jar:5.7.2]
	at org.junit.platform.engine.support.hierarchical.NodeTestTask.lambda$executeRecursively$5(NodeTestTask.java:139) ~[junit-platform-engine-1.7.2.jar:1.7.2]
	at org.junit.platform.engine.support.hierarchical.ThrowableCollector.execute(ThrowableCollector.java:73) ~[junit-platform-engine-1.7.2.jar:1.7.2]
	at org.junit.platform.engine.support.hierarchical.NodeTestTask.lambda$executeRecursively$7(NodeTestTask.java:129) ~[junit-platform-engine-1.7.2.jar:1.7.2]
	at org.junit.platform.engine.support.hierarchical.Node.around(Node.java:137) ~[junit-platform-engine-1.7.2.jar:1.7.2]
	at org.junit.platform.engine.support.hierarchical.NodeTestTask.lambda$executeRecursively$8(NodeTestTask.java:127) ~[junit-platform-engine-1.7.2.jar:1.7.2]
	at org.junit.platform.engine.support.hierarchical.ThrowableCollector.execute(ThrowableCollector.java:73) ~[junit-platform-engine-1.7.2.jar:1.7.2]
	at org.junit.platform.engine.support.hierarchical.NodeTestTask.executeRecursively(NodeTestTask.java:126) ~[junit-platform-engine-1.7.2.jar:1.7.2]
	at org.junit.platform.engine.support.hierarchical.NodeTestTask.execute(NodeTestTask.java:84) ~[junit-platform-engine-1.7.2.jar:1.7.2]
	at java.util.ArrayList.forEach(ArrayList.java:1597) ~[?:?]
	at org.junit.platform.engine.support.hierarchical.SameThreadHierarchicalTestExecutorService.invokeAll(SameThreadHierarchicalTestExecutorService.java:38) ~[junit-platform-engine-1.7.2.jar:1.7.2]
	at org.junit.platform.engine.support.hierarchical.NodeTestTask.lambda$executeRecursively$5(NodeTestTask.java:143) ~[junit-platform-engine-1.7.2.jar:1.7.2]
	at org.junit.platform.engine.support.hierarchical.ThrowableCollector.execute(ThrowableCollector.java:73) ~[junit-platform-engine-1.7.2.jar:1.7.2]
	at org.junit.platform.engine.support.hierarchical.NodeTestTask.lambda$executeRecursively$7(NodeTestTask.java:129) ~[junit-platform-engine-1.7.2.jar:1.7.2]
	at org.junit.platform.engine.support.hierarchical.Node.around(Node.java:137) ~[junit-platform-engine-1.7.2.jar:1.7.2]
	at org.junit.platform.engine.support.hierarchical.NodeTestTask.lambda$executeRecursively$8(NodeTestTask.java:127) ~[junit-platform-engine-1.7.2.jar:1.7.2]
	at org.junit.platform.engine.support.hierarchical.ThrowableCollector.execute(ThrowableCollector.java:73) ~[junit-platform-engine-1.7.2.jar:1.7.2]
	at org.junit.platform.engine.support.hierarchical.NodeTestTask.executeRecursively(NodeTestTask.java:126) ~[junit-platform-engine-1.7.2.jar:1.7.2]
	at org.junit.platform.engine.support.hierarchical.NodeTestTask.execute(NodeTestTask.java:84) ~[junit-platform-engine-1.7.2.jar:1.7.2]
	at java.util.ArrayList.forEach(ArrayList.java:1597) ~[?:?]
	at org.junit.platform.engine.support.hierarchical.SameThreadHierarchicalTestExecutorService.invokeAll(SameThreadHierarchicalTestExecutorService.java:38) ~[junit-platform-engine-1.7.2.jar:1.7.2]
	at org.junit.platform.engine.support.hierarchical.NodeTestTask.lambda$executeRecursively$5(NodeTestTask.java:143) ~[junit-platform-engine-1.7.2.jar:1.7.2]
	at org.junit.platform.engine.support.hierarchical.ThrowableCollector.execute(ThrowableCollector.java:73) ~[junit-platform-engine-1.7.2.jar:1.7.2]
	at org.junit.platform.engine.support.hierarchical.NodeTestTask.lambda$executeRecursively$7(NodeTestTask.java:129) ~[junit-platform-engine-1.7.2.jar:1.7.2]
	at org.junit.platform.engine.support.hierarchical.Node.around(Node.java:137) ~[junit-platform-engine-1.7.2.jar:1.7.2]
	at org.junit.platform.engine.support.hierarchical.NodeTestTask.lambda$executeRecursively$8(NodeTestTask.java:127) ~[junit-platform-engine-1.7.2.jar:1.7.2]
	at org.junit.platform.engine.support.hierarchical.ThrowableCollector.execute(ThrowableCollector.java:73) [junit-platform-engine-1.7.2.jar:1.7.2]
	at org.junit.platform.engine.support.hierarchical.NodeTestTask.executeRecursively(NodeTestTask.java:126) [junit-platform-engine-1.7.2.jar:1.7.2]
	at org.junit.platform.engine.support.hierarchical.NodeTestTask.execute(NodeTestTask.java:84) [junit-platform-engine-1.7.2.jar:1.7.2]
	at org.junit.platform.engine.support.hierarchical.SameThreadHierarchicalTestExecutorService.submit(SameThreadHierarchicalTestExecutorService.java:32) [junit-platform-engine-1.7.2.jar:1.7.2]
	at org.junit.platform.engine.support.hierarchical.HierarchicalTestExecutor.execute(HierarchicalTestExecutor.java:57) [junit-platform-engine-1.7.2.jar:1.7.2]
	at org.junit.platform.engine.support.hierarchical.HierarchicalTestEngine.execute(HierarchicalTestEngine.java:51) [junit-platform-engine-1.7.2.jar:1.7.2]
	at org.junit.platform.launcher.core.DefaultLauncher.execute(DefaultLauncher.java:170) [junit-platform-launcher-1.2.0.jar:1.2.0]
	at org.junit.platform.launcher.core.DefaultLauncher.execute(DefaultLauncher.java:154) [junit-platform-launcher-1.2.0.jar:1.2.0]
	at org.junit.platform.launcher.core.DefaultLauncher.execute(DefaultLauncher.java:90) [junit-platform-launcher-1.2.0.jar:1.2.0]
	at org.junit.platform.surefire.provider.JUnitPlatformProvider.invokeAllTests(JUnitPlatformProvider.java:132) [junit-platform-surefire-provider-1.2.0.jar:1.2.0]
	at org.junit.platform.surefire.provider.JUnitPlatformProvider.invoke(JUnitPlatformProvider.java:111) [junit-platform-surefire-provider-1.2.0.jar:1.2.0]
	at org.apache.maven.surefire.booter.ForkedBooter.invokeProviderInSameClassLoader(ForkedBooter.java:379) [surefire-booter-2.21.0.jar:2.21.0]
	at org.apache.maven.surefire.booter.ForkedBooter.runSuitesInProcess(ForkedBooter.java:340) [surefire-booter-2.21.0.jar:2.21.0]
	at org.apache.maven.surefire.booter.ForkedBooter.execute(ForkedBooter.java:125) [surefire-booter-2.21.0.jar:2.21.0]
	at org.apache.maven.surefire.booter.ForkedBooter.main(ForkedBooter.java:413) [surefire-booter-2.21.0.jar:2.21.0]
2025-02-10 21:20:44 [main] INFO : Generated Ticket and saved in DB
2025-02-10 21:20:44 [main] INFO : Please park your vehicle in spot number: 1
2025-02-10 21:20:44 [main] INFO : Recorded in-time for vehicle number: ABCDEF is: 2025-02-10T21:20:44.732+1100
2025-02-10 21:20:44 [main] ERROR: Unable to process incoming vehicle
java.lang.NullPointerException: Cannot invoke "java.util.Date.toString()" because the return value of "com.parkit.parkingsystem.model.Ticket.getOutTime()" is null
	at com.parkit.parkingsystem.service.FareCalculatorService.calculateFare(FareCalculatorService.java:16) ~[classes/:?]
	at com.parkit.parkingsystem.service.ParkingService.processIncomingVehicle(ParkingService.java:95) ~[classes/:?]
	at com.parkit.parkingsystem.ParkingServiceTest.testProcessIncomingVehicle(ParkingServiceTest.java:85) ~[test-classes/:?]
	at jdk.internal.reflect.DirectMethodHandleAccessor.invoke(DirectMethodHandleAccessor.java:103) ~[?:?]
	at java.lang.reflect.Method.invoke(Method.java:580) ~[?:?]
	at org.junit.platform.commons.util.ReflectionUtils.invokeMethod(ReflectionUtils.java:688) ~[junit-platform-commons-1.7.2.jar:1.7.2]
	at org.junit.jupiter.engine.execution.MethodInvocation.proceed(MethodInvocation.java:60) ~[junit-jupiter-engine-5.7.2.jar:5.7.2]
	at org.junit.jupiter.engine.execution.InvocationInterceptorChain$ValidatingInvocation.proceed(InvocationInterceptorChain.java:131) ~[junit-jupiter-engine-5.7.2.jar:5.7.2]
	at org.junit.jupiter.engine.extension.TimeoutExtension.intercept(TimeoutExtension.java:149) ~[junit-jupiter-engine-5.7.2.jar:5.7.2]
	at org.junit.jupiter.engine.extension.TimeoutExtension.interceptTestableMethod(TimeoutExtension.java:140) ~[junit-jupiter-engine-5.7.2.jar:5.7.2]
	at org.junit.jupiter.engine.extension.TimeoutExtension.interceptTestMethod(TimeoutExtension.java:84) ~[junit-jupiter-engine-5.7.2.jar:5.7.2]
	at org.junit.jupiter.engine.execution.ExecutableInvoker$ReflectiveInterceptorCall.lambda$ofVoidMethod$0(ExecutableInvoker.java:115) ~[junit-jupiter-engine-5.7.2.jar:5.7.2]
	at org.junit.jupiter.engine.execution.ExecutableInvoker.lambda$invoke$0(ExecutableInvoker.java:105) ~[junit-jupiter-engine-5.7.2.jar:5.7.2]
	at org.junit.jupiter.engine.execution.InvocationInterceptorChain$InterceptedInvocation.proceed(InvocationInterceptorChain.java:106) ~[junit-jupiter-engine-5.7.2.jar:5.7.2]
	at org.junit.jupiter.engine.execution.InvocationInterceptorChain.proceed(InvocationInterceptorChain.java:64) ~[junit-jupiter-engine-5.7.2.jar:5.7.2]
	at org.junit.jupiter.engine.execution.InvocationInterceptorChain.chainAndInvoke(InvocationInterceptorChain.java:45) ~[junit-jupiter-engine-5.7.2.jar:5.7.2]
	at org.junit.jupiter.engine.execution.InvocationInterceptorChain.invoke(InvocationInterceptorChain.java:37) ~[junit-jupiter-engine-5.7.2.jar:5.7.2]
	at org.junit.jupiter.engine.execution.ExecutableInvoker.invoke(ExecutableInvoker.java:104) ~[junit-jupiter-engine-5.7.2.jar:5.7.2]
	at org.junit.jupiter.engine.execution.ExecutableInvoker.invoke(ExecutableInvoker.java:98) ~[junit-jupiter-engine-5.7.2.jar:5.7.2]
	at org.junit.jupiter.engine.descriptor.TestMethodTestDescriptor.lambda$invokeTestMethod$6(TestMethodTestDescriptor.java:210) ~[junit-jupiter-engine-5.7.2.jar:5.7.2]
	at org.junit.platform.engine.support.hierarchical.ThrowableCollector.execute(ThrowableCollector.java:73) ~[junit-platform-engine-1.7.2.jar:1.7.2]
	at org.junit.jupiter.engine.descriptor.TestMethodTestDescriptor.invokeTestMethod(TestMethodTestDescriptor.java:206) ~[junit-jupiter-engine-5.7.2.jar:5.7.2]
	at org.junit.jupiter.engine.descriptor.TestMethodTestDescriptor.execute(TestMethodTestDescriptor.java:131) ~[junit-jupiter-engine-5.7.2.jar:5.7.2]
	at org.junit.jupiter.engine.descriptor.TestMethodTestDescriptor.execute(TestMethodTestDescriptor.java:65) ~[junit-jupiter-engine-5.7.2.jar:5.7.2]
	at org.junit.platform.engine.support.hierarchical.NodeTestTask.lambda$executeRecursively$5(NodeTestTask.java:139) ~[junit-platform-engine-1.7.2.jar:1.7.2]
	at org.junit.platform.engine.support.hierarchical.ThrowableCollector.execute(ThrowableCollector.java:73) ~[junit-platform-engine-1.7.2.jar:1.7.2]
	at org.junit.platform.engine.support.hierarchical.NodeTestTask.lambda$executeRecursively$7(NodeTestTask.java:129) ~[junit-platform-engine-1.7.2.jar:1.7.2]
	at org.junit.platform.engine.support.hierarchical.Node.around(Node.java:137) ~[junit-platform-engine-1.7.2.jar:1.7.2]
	at org.junit.platform.engine.support.hierarchical.NodeTestTask.lambda$executeRecursively$8(NodeTestTask.java:127) ~[junit-platform-engine-1.7.2.jar:1.7.2]
	at org.junit.platform.engine.support.hierarchical.ThrowableCollector.execute(ThrowableCollector.java:73) ~[junit-platform-engine-1.7.2.jar:1.7.2]
	at org.junit.platform.engine.support.hierarchical.NodeTestTask.executeRecursively(NodeTestTask.java:126) ~[junit-platform-engine-1.7.2.jar:1.7.2]
	at org.junit.platform.engine.support.hierarchical.NodeTestTask.execute(NodeTestTask.java:84) ~[junit-platform-engine-1.7.2.jar:1.7.2]
	at java.util.ArrayList.forEach(ArrayList.java:1597) ~[?:?]
	at org.junit.platform.engine.support.hierarchical.SameThreadHierarchicalTestExecutorService.invokeAll(SameThreadHierarchicalTestExecutorService.java:38) ~[junit-platform-engine-1.7.2.jar:1.7.2]
	at org.junit.platform.engine.support.hierarchical.NodeTestTask.lambda$executeRecursively$5(NodeTestTask.java:143) ~[junit-platform-engine-1.7.2.jar:1.7.2]
	at org.junit.platform.engine.support.hierarchical.ThrowableCollector.execute(ThrowableCollector.java:73) ~[junit-platform-engine-1.7.2.jar:1.7.2]
	at org.junit.platform.engine.support.hierarchical.NodeTestTask.lambda$executeRecursively$7(NodeTestTask.java:129) ~[junit-platform-engine-1.7.2.jar:1.7.2]
	at org.junit.platform.engine.support.hierarchical.Node.around(Node.java:137) ~[junit-platform-engine-1.7.2.jar:1.7.2]
	at org.junit.platform.engine.support.hierarchical.NodeTestTask.lambda$executeRecursively$8(NodeTestTask.java:127) ~[junit-platform-engine-1.7.2.jar:1.7.2]
	at org.junit.platform.engine.support.hierarchical.ThrowableCollector.execute(ThrowableCollector.java:73) ~[junit-platform-engine-1.7.2.jar:1.7.2]
	at org.junit.platform.engine.support.hierarchical.NodeTestTask.executeRecursively(NodeTestTask.java:126) ~[junit-platform-engine-1.7.2.jar:1.7.2]
	at org.junit.platform.engine.support.hierarchical.NodeTestTask.execute(NodeTestTask.java:84) ~[junit-platform-engine-1.7.2.jar:1.7.2]
	at java.util.ArrayList.forEach(ArrayList.java:1597) ~[?:?]
	at org.junit.platform.engine.support.hierarchical.SameThreadHierarchicalTestExecutorService.invokeAll(SameThreadHierarchicalTestExecutorService.java:38) ~[junit-platform-engine-1.7.2.jar:1.7.2]
	at org.junit.platform.engine.support.hierarchical.NodeTestTask.lambda$executeRecursively$5(NodeTestTask.java:143) ~[junit-platform-engine-1.7.2.jar:1.7.2]
	at org.junit.platform.engine.support.hierarchical.ThrowableCollector.execute(ThrowableCollector.java:73) ~[junit-platform-engine-1.7.2.jar:1.7.2]
	at org.junit.platform.engine.support.hierarchical.NodeTestTask.lambda$executeRecursively$7(NodeTestTask.java:129) ~[junit-platform-engine-1.7.2.jar:1.7.2]
	at org.junit.platform.engine.support.hierarchical.Node.around(Node.java:137) ~[junit-platform-engine-1.7.2.jar:1.7.2]
	at org.junit.platform.engine.support.hierarchical.NodeTestTask.lambda$executeRecursively$8(NodeTestTask.java:127) ~[junit-platform-engine-1.7.2.jar:1.7.2]
	at org.junit.platform.engine.support.hierarchical.ThrowableCollector.execute(ThrowableCollector.java:73) [junit-platform-engine-1.7.2.jar:1.7.2]
	at org.junit.platform.engine.support.hierarchical.NodeTestTask.executeRecursively(NodeTestTask.java:126) [junit-platform-engine-1.7.2.jar:1.7.2]
	at org.junit.platform.engine.support.hierarchical.NodeTestTask.execute(NodeTestTask.java:84) [junit-platform-engine-1.7.2.jar:1.7.2]
	at org.junit.platform.engine.support.hierarchical.SameThreadHierarchicalTestExecutorService.submit(SameThreadHierarchicalTestExecutorService.java:32) [junit-platform-engine-1.7.2.jar:1.7.2]
	at org.junit.platform.engine.support.hierarchical.HierarchicalTestExecutor.execute(HierarchicalTestExecutor.java:57) [junit-platform-engine-1.7.2.jar:1.7.2]
	at org.junit.platform.engine.support.hierarchical.HierarchicalTestEngine.execute(HierarchicalTestEngine.java:51) [junit-platform-engine-1.7.2.jar:1.7.2]
	at org.junit.platform.launcher.core.DefaultLauncher.execute(DefaultLauncher.java:170) [junit-platform-launcher-1.2.0.jar:1.2.0]
	at org.junit.platform.launcher.core.DefaultLauncher.execute(DefaultLauncher.java:154) [junit-platform-launcher-1.2.0.jar:1.2.0]
	at org.junit.platform.launcher.core.DefaultLauncher.execute(DefaultLauncher.java:90) [junit-platform-launcher-1.2.0.jar:1.2.0]
	at org.junit.platform.surefire.provider.JUnitPlatformProvider.invokeAllTests(JUnitPlatformProvider.java:132) [junit-platform-surefire-provider-1.2.0.jar:1.2.0]
	at org.junit.platform.surefire.provider.JUnitPlatformProvider.invoke(JUnitPlatformProvider.java:111) [junit-platform-surefire-provider-1.2.0.jar:1.2.0]
	at org.apache.maven.surefire.booter.ForkedBooter.invokeProviderInSameClassLoader(ForkedBooter.java:379) [surefire-booter-2.21.0.jar:2.21.0]
	at org.apache.maven.surefire.booter.ForkedBooter.runSuitesInProcess(ForkedBooter.java:340) [surefire-booter-2.21.0.jar:2.21.0]
	at org.apache.maven.surefire.booter.ForkedBooter.execute(ForkedBooter.java:125) [surefire-booter-2.21.0.jar:2.21.0]
	at org.apache.maven.surefire.booter.ForkedBooter.main(ForkedBooter.java:413) [surefire-booter-2.21.0.jar:2.21.0]
2025-02-10 21:24:15 [main] INFO : Please select vehicle type from menu
2025-02-10 21:24:16 [main] INFO : 1 CAR
2025-02-10 21:24:16 [main] INFO : 2 BIKE
2025-02-10 21:24:16 [main] INFO : Incorrect input provided
2025-02-10 21:24:16 [main] ERROR: Error parsing user input for type of vehicle
java.lang.IllegalArgumentException: Entered input is invalid
	at com.parkit.parkingsystem.service.ParkingService.getVehichleType(ParkingService.java:142) ~[classes/:?]
	at com.parkit.parkingsystem.service.ParkingService.getNextParkingNumberIfAvailable(ParkingService.java:112) ~[classes/:?]
	at com.parkit.parkingsystem.ParkingServiceTest.testGetNextParkingNumberIfAvailableParkingNumberNotFound(ParkingServiceTest.java:135) ~[test-classes/:?]
	at jdk.internal.reflect.DirectMethodHandleAccessor.invoke(DirectMethodHandleAccessor.java:103) ~[?:?]
	at java.lang.reflect.Method.invoke(Method.java:580) ~[?:?]
	at org.junit.platform.commons.util.ReflectionUtils.invokeMethod(ReflectionUtils.java:688) ~[junit-platform-commons-1.7.2.jar:1.7.2]
	at org.junit.jupiter.engine.execution.MethodInvocation.proceed(MethodInvocation.java:60) ~[junit-jupiter-engine-5.7.2.jar:5.7.2]
	at org.junit.jupiter.engine.execution.InvocationInterceptorChain$ValidatingInvocation.proceed(InvocationInterceptorChain.java:131) ~[junit-jupiter-engine-5.7.2.jar:5.7.2]
	at org.junit.jupiter.engine.extension.TimeoutExtension.intercept(TimeoutExtension.java:149) ~[junit-jupiter-engine-5.7.2.jar:5.7.2]
	at org.junit.jupiter.engine.extension.TimeoutExtension.interceptTestableMethod(TimeoutExtension.java:140) ~[junit-jupiter-engine-5.7.2.jar:5.7.2]
	at org.junit.jupiter.engine.extension.TimeoutExtension.interceptTestMethod(TimeoutExtension.java:84) ~[junit-jupiter-engine-5.7.2.jar:5.7.2]
	at org.junit.jupiter.engine.execution.ExecutableInvoker$ReflectiveInterceptorCall.lambda$ofVoidMethod$0(ExecutableInvoker.java:115) ~[junit-jupiter-engine-5.7.2.jar:5.7.2]
	at org.junit.jupiter.engine.execution.ExecutableInvoker.lambda$invoke$0(ExecutableInvoker.java:105) ~[junit-jupiter-engine-5.7.2.jar:5.7.2]
	at org.junit.jupiter.engine.execution.InvocationInterceptorChain$InterceptedInvocation.proceed(InvocationInterceptorChain.java:106) ~[junit-jupiter-engine-5.7.2.jar:5.7.2]
	at org.junit.jupiter.engine.execution.InvocationInterceptorChain.proceed(InvocationInterceptorChain.java:64) ~[junit-jupiter-engine-5.7.2.jar:5.7.2]
	at org.junit.jupiter.engine.execution.InvocationInterceptorChain.chainAndInvoke(InvocationInterceptorChain.java:45) ~[junit-jupiter-engine-5.7.2.jar:5.7.2]
	at org.junit.jupiter.engine.execution.InvocationInterceptorChain.invoke(InvocationInterceptorChain.java:37) ~[junit-jupiter-engine-5.7.2.jar:5.7.2]
	at org.junit.jupiter.engine.execution.ExecutableInvoker.invoke(ExecutableInvoker.java:104) ~[junit-jupiter-engine-5.7.2.jar:5.7.2]
	at org.junit.jupiter.engine.execution.ExecutableInvoker.invoke(ExecutableInvoker.java:98) ~[junit-jupiter-engine-5.7.2.jar:5.7.2]
	at org.junit.jupiter.engine.descriptor.TestMethodTestDescriptor.lambda$invokeTestMethod$6(TestMethodTestDescriptor.java:210) ~[junit-jupiter-engine-5.7.2.jar:5.7.2]
	at org.junit.platform.engine.support.hierarchical.ThrowableCollector.execute(ThrowableCollector.java:73) ~[junit-platform-engine-1.7.2.jar:1.7.2]
	at org.junit.jupiter.engine.descriptor.TestMethodTestDescriptor.invokeTestMethod(TestMethodTestDescriptor.java:206) ~[junit-jupiter-engine-5.7.2.jar:5.7.2]
	at org.junit.jupiter.engine.descriptor.TestMethodTestDescriptor.execute(TestMethodTestDescriptor.java:131) ~[junit-jupiter-engine-5.7.2.jar:5.7.2]
	at org.junit.jupiter.engine.descriptor.TestMethodTestDescriptor.execute(TestMethodTestDescriptor.java:65) ~[junit-jupiter-engine-5.7.2.jar:5.7.2]
	at org.junit.platform.engine.support.hierarchical.NodeTestTask.lambda$executeRecursively$5(NodeTestTask.java:139) ~[junit-platform-engine-1.7.2.jar:1.7.2]
	at org.junit.platform.engine.support.hierarchical.ThrowableCollector.execute(ThrowableCollector.java:73) ~[junit-platform-engine-1.7.2.jar:1.7.2]
	at org.junit.platform.engine.support.hierarchical.NodeTestTask.lambda$executeRecursively$7(NodeTestTask.java:129) ~[junit-platform-engine-1.7.2.jar:1.7.2]
	at org.junit.platform.engine.support.hierarchical.Node.around(Node.java:137) ~[junit-platform-engine-1.7.2.jar:1.7.2]
	at org.junit.platform.engine.support.hierarchical.NodeTestTask.lambda$executeRecursively$8(NodeTestTask.java:127) ~[junit-platform-engine-1.7.2.jar:1.7.2]
	at org.junit.platform.engine.support.hierarchical.ThrowableCollector.execute(ThrowableCollector.java:73) ~[junit-platform-engine-1.7.2.jar:1.7.2]
	at org.junit.platform.engine.support.hierarchical.NodeTestTask.executeRecursively(NodeTestTask.java:126) ~[junit-platform-engine-1.7.2.jar:1.7.2]
	at org.junit.platform.engine.support.hierarchical.NodeTestTask.execute(NodeTestTask.java:84) ~[junit-platform-engine-1.7.2.jar:1.7.2]
	at java.util.ArrayList.forEach(ArrayList.java:1597) ~[?:?]
	at org.junit.platform.engine.support.hierarchical.SameThreadHierarchicalTestExecutorService.invokeAll(SameThreadHierarchicalTestExecutorService.java:38) ~[junit-platform-engine-1.7.2.jar:1.7.2]
	at org.junit.platform.engine.support.hierarchical.NodeTestTask.lambda$executeRecursively$5(NodeTestTask.java:143) ~[junit-platform-engine-1.7.2.jar:1.7.2]
	at org.junit.platform.engine.support.hierarchical.ThrowableCollector.execute(ThrowableCollector.java:73) ~[junit-platform-engine-1.7.2.jar:1.7.2]
	at org.junit.platform.engine.support.hierarchical.NodeTestTask.lambda$executeRecursively$7(NodeTestTask.java:129) ~[junit-platform-engine-1.7.2.jar:1.7.2]
	at org.junit.platform.engine.support.hierarchical.Node.around(Node.java:137) ~[junit-platform-engine-1.7.2.jar:1.7.2]
	at org.junit.platform.engine.support.hierarchical.NodeTestTask.lambda$executeRecursively$8(NodeTestTask.java:127) ~[junit-platform-engine-1.7.2.jar:1.7.2]
	at org.junit.platform.engine.support.hierarchical.ThrowableCollector.execute(ThrowableCollector.java:73) ~[junit-platform-engine-1.7.2.jar:1.7.2]
	at org.junit.platform.engine.support.hierarchical.NodeTestTask.executeRecursively(NodeTestTask.java:126) ~[junit-platform-engine-1.7.2.jar:1.7.2]
	at org.junit.platform.engine.support.hierarchical.NodeTestTask.execute(NodeTestTask.java:84) ~[junit-platform-engine-1.7.2.jar:1.7.2]
	at java.util.ArrayList.forEach(ArrayList.java:1597) ~[?:?]
	at org.junit.platform.engine.support.hierarchical.SameThreadHierarchicalTestExecutorService.invokeAll(SameThreadHierarchicalTestExecutorService.java:38) ~[junit-platform-engine-1.7.2.jar:1.7.2]
	at org.junit.platform.engine.support.hierarchical.NodeTestTask.lambda$executeRecursively$5(NodeTestTask.java:143) ~[junit-platform-engine-1.7.2.jar:1.7.2]
	at org.junit.platform.engine.support.hierarchical.ThrowableCollector.execute(ThrowableCollector.java:73) ~[junit-platform-engine-1.7.2.jar:1.7.2]
	at org.junit.platform.engine.support.hierarchical.NodeTestTask.lambda$executeRecursively$7(NodeTestTask.java:129) ~[junit-platform-engine-1.7.2.jar:1.7.2]
	at org.junit.platform.engine.support.hierarchical.Node.around(Node.java:137) ~[junit-platform-engine-1.7.2.jar:1.7.2]
	at org.junit.platform.engine.support.hierarchical.NodeTestTask.lambda$executeRecursively$8(NodeTestTask.java:127) ~[junit-platform-engine-1.7.2.jar:1.7.2]
	at org.junit.platform.engine.support.hierarchical.ThrowableCollector.execute(ThrowableCollector.java:73) [junit-platform-engine-1.7.2.jar:1.7.2]
	at org.junit.platform.engine.support.hierarchical.NodeTestTask.executeRecursively(NodeTestTask.java:126) [junit-platform-engine-1.7.2.jar:1.7.2]
	at org.junit.platform.engine.support.hierarchical.NodeTestTask.execute(NodeTestTask.java:84) [junit-platform-engine-1.7.2.jar:1.7.2]
	at org.junit.platform.engine.support.hierarchical.SameThreadHierarchicalTestExecutorService.submit(SameThreadHierarchicalTestExecutorService.java:32) [junit-platform-engine-1.7.2.jar:1.7.2]
	at org.junit.platform.engine.support.hierarchical.HierarchicalTestExecutor.execute(HierarchicalTestExecutor.java:57) [junit-platform-engine-1.7.2.jar:1.7.2]
	at org.junit.platform.engine.support.hierarchical.HierarchicalTestEngine.execute(HierarchicalTestEngine.java:51) [junit-platform-engine-1.7.2.jar:1.7.2]
	at org.junit.platform.launcher.core.DefaultLauncher.execute(DefaultLauncher.java:170) [junit-platform-launcher-1.2.0.jar:1.2.0]
	at org.junit.platform.launcher.core.DefaultLauncher.execute(DefaultLauncher.java:154) [junit-platform-launcher-1.2.0.jar:1.2.0]
	at org.junit.platform.launcher.core.DefaultLauncher.execute(DefaultLauncher.java:90) [junit-platform-launcher-1.2.0.jar:1.2.0]
	at org.junit.platform.surefire.provider.JUnitPlatformProvider.invokeAllTests(JUnitPlatformProvider.java:132) [junit-platform-surefire-provider-1.2.0.jar:1.2.0]
	at org.junit.platform.surefire.provider.JUnitPlatformProvider.invoke(JUnitPlatformProvider.java:111) [junit-platform-surefire-provider-1.2.0.jar:1.2.0]
	at org.apache.maven.surefire.booter.ForkedBooter.invokeProviderInSameClassLoader(ForkedBooter.java:379) [surefire-booter-2.21.0.jar:2.21.0]
	at org.apache.maven.surefire.booter.ForkedBooter.runSuitesInProcess(ForkedBooter.java:340) [surefire-booter-2.21.0.jar:2.21.0]
	at org.apache.maven.surefire.booter.ForkedBooter.execute(ForkedBooter.java:125) [surefire-booter-2.21.0.jar:2.21.0]
	at org.apache.maven.surefire.booter.ForkedBooter.main(ForkedBooter.java:413) [surefire-booter-2.21.0.jar:2.21.0]
2025-02-10 21:24:16 [main] ERROR: Unable to process exiting vehicle
java.lang.NullPointerException: Cannot invoke "Object.getClass()" because "date" is null
	at java.util.Date.getMillisOf(Date.java:956) ~[?:?]
	at java.util.Date.before(Date.java:915) ~[?:?]
	at com.parkit.parkingsystem.service.FareCalculatorService.calculateFare(FareCalculatorService.java:15) ~[classes/:?]
	at com.parkit.parkingsystem.service.ParkingService.processExitingVehicle(ParkingService.java:155) ~[classes/:?]
	at com.parkit.parkingsystem.ParkingServiceTest.processExitingVehicleTestUnableUpdate(ParkingServiceTest.java:107) ~[test-classes/:?]
	at jdk.internal.reflect.DirectMethodHandleAccessor.invoke(DirectMethodHandleAccessor.java:103) ~[?:?]
	at java.lang.reflect.Method.invoke(Method.java:580) ~[?:?]
	at org.junit.platform.commons.util.ReflectionUtils.invokeMethod(ReflectionUtils.java:688) ~[junit-platform-commons-1.7.2.jar:1.7.2]
	at org.junit.jupiter.engine.execution.MethodInvocation.proceed(MethodInvocation.java:60) ~[junit-jupiter-engine-5.7.2.jar:5.7.2]
	at org.junit.jupiter.engine.execution.InvocationInterceptorChain$ValidatingInvocation.proceed(InvocationInterceptorChain.java:131) ~[junit-jupiter-engine-5.7.2.jar:5.7.2]
	at org.junit.jupiter.engine.extension.TimeoutExtension.intercept(TimeoutExtension.java:149) ~[junit-jupiter-engine-5.7.2.jar:5.7.2]
	at org.junit.jupiter.engine.extension.TimeoutExtension.interceptTestableMethod(TimeoutExtension.java:140) ~[junit-jupiter-engine-5.7.2.jar:5.7.2]
	at org.junit.jupiter.engine.extension.TimeoutExtension.interceptTestMethod(TimeoutExtension.java:84) ~[junit-jupiter-engine-5.7.2.jar:5.7.2]
	at org.junit.jupiter.engine.execution.ExecutableInvoker$ReflectiveInterceptorCall.lambda$ofVoidMethod$0(ExecutableInvoker.java:115) ~[junit-jupiter-engine-5.7.2.jar:5.7.2]
	at org.junit.jupiter.engine.execution.ExecutableInvoker.lambda$invoke$0(ExecutableInvoker.java:105) ~[junit-jupiter-engine-5.7.2.jar:5.7.2]
	at org.junit.jupiter.engine.execution.InvocationInterceptorChain$InterceptedInvocation.proceed(InvocationInterceptorChain.java:106) ~[junit-jupiter-engine-5.7.2.jar:5.7.2]
	at org.junit.jupiter.engine.execution.InvocationInterceptorChain.proceed(InvocationInterceptorChain.java:64) ~[junit-jupiter-engine-5.7.2.jar:5.7.2]
	at org.junit.jupiter.engine.execution.InvocationInterceptorChain.chainAndInvoke(InvocationInterceptorChain.java:45) ~[junit-jupiter-engine-5.7.2.jar:5.7.2]
	at org.junit.jupiter.engine.execution.InvocationInterceptorChain.invoke(InvocationInterceptorChain.java:37) ~[junit-jupiter-engine-5.7.2.jar:5.7.2]
	at org.junit.jupiter.engine.execution.ExecutableInvoker.invoke(ExecutableInvoker.java:104) ~[junit-jupiter-engine-5.7.2.jar:5.7.2]
	at org.junit.jupiter.engine.execution.ExecutableInvoker.invoke(ExecutableInvoker.java:98) ~[junit-jupiter-engine-5.7.2.jar:5.7.2]
	at org.junit.jupiter.engine.descriptor.TestMethodTestDescriptor.lambda$invokeTestMethod$6(TestMethodTestDescriptor.java:210) ~[junit-jupiter-engine-5.7.2.jar:5.7.2]
	at org.junit.platform.engine.support.hierarchical.ThrowableCollector.execute(ThrowableCollector.java:73) ~[junit-platform-engine-1.7.2.jar:1.7.2]
	at org.junit.jupiter.engine.descriptor.TestMethodTestDescriptor.invokeTestMethod(TestMethodTestDescriptor.java:206) ~[junit-jupiter-engine-5.7.2.jar:5.7.2]
	at org.junit.jupiter.engine.descriptor.TestMethodTestDescriptor.execute(TestMethodTestDescriptor.java:131) ~[junit-jupiter-engine-5.7.2.jar:5.7.2]
	at org.junit.jupiter.engine.descriptor.TestMethodTestDescriptor.execute(TestMethodTestDescriptor.java:65) ~[junit-jupiter-engine-5.7.2.jar:5.7.2]
	at org.junit.platform.engine.support.hierarchical.NodeTestTask.lambda$executeRecursively$5(NodeTestTask.java:139) ~[junit-platform-engine-1.7.2.jar:1.7.2]
	at org.junit.platform.engine.support.hierarchical.ThrowableCollector.execute(ThrowableCollector.java:73) ~[junit-platform-engine-1.7.2.jar:1.7.2]
	at org.junit.platform.engine.support.hierarchical.NodeTestTask.lambda$executeRecursively$7(NodeTestTask.java:129) ~[junit-platform-engine-1.7.2.jar:1.7.2]
	at org.junit.platform.engine.support.hierarchical.Node.around(Node.java:137) ~[junit-platform-engine-1.7.2.jar:1.7.2]
	at org.junit.platform.engine.support.hierarchical.NodeTestTask.lambda$executeRecursively$8(NodeTestTask.java:127) ~[junit-platform-engine-1.7.2.jar:1.7.2]
	at org.junit.platform.engine.support.hierarchical.ThrowableCollector.execute(ThrowableCollector.java:73) ~[junit-platform-engine-1.7.2.jar:1.7.2]
	at org.junit.platform.engine.support.hierarchical.NodeTestTask.executeRecursively(NodeTestTask.java:126) ~[junit-platform-engine-1.7.2.jar:1.7.2]
	at org.junit.platform.engine.support.hierarchical.NodeTestTask.execute(NodeTestTask.java:84) ~[junit-platform-engine-1.7.2.jar:1.7.2]
	at java.util.ArrayList.forEach(ArrayList.java:1597) ~[?:?]
	at org.junit.platform.engine.support.hierarchical.SameThreadHierarchicalTestExecutorService.invokeAll(SameThreadHierarchicalTestExecutorService.java:38) ~[junit-platform-engine-1.7.2.jar:1.7.2]
	at org.junit.platform.engine.support.hierarchical.NodeTestTask.lambda$executeRecursively$5(NodeTestTask.java:143) ~[junit-platform-engine-1.7.2.jar:1.7.2]
	at org.junit.platform.engine.support.hierarchical.ThrowableCollector.execute(ThrowableCollector.java:73) ~[junit-platform-engine-1.7.2.jar:1.7.2]
	at org.junit.platform.engine.support.hierarchical.NodeTestTask.lambda$executeRecursively$7(NodeTestTask.java:129) ~[junit-platform-engine-1.7.2.jar:1.7.2]
	at org.junit.platform.engine.support.hierarchical.Node.around(Node.java:137) ~[junit-platform-engine-1.7.2.jar:1.7.2]
	at org.junit.platform.engine.support.hierarchical.NodeTestTask.lambda$executeRecursively$8(NodeTestTask.java:127) ~[junit-platform-engine-1.7.2.jar:1.7.2]
	at org.junit.platform.engine.support.hierarchical.ThrowableCollector.execute(ThrowableCollector.java:73) ~[junit-platform-engine-1.7.2.jar:1.7.2]
	at org.junit.platform.engine.support.hierarchical.NodeTestTask.executeRecursively(NodeTestTask.java:126) ~[junit-platform-engine-1.7.2.jar:1.7.2]
	at org.junit.platform.engine.support.hierarchical.NodeTestTask.execute(NodeTestTask.java:84) ~[junit-platform-engine-1.7.2.jar:1.7.2]
	at java.util.ArrayList.forEach(ArrayList.java:1597) ~[?:?]
	at org.junit.platform.engine.support.hierarchical.SameThreadHierarchicalTestExecutorService.invokeAll(SameThreadHierarchicalTestExecutorService.java:38) ~[junit-platform-engine-1.7.2.jar:1.7.2]
	at org.junit.platform.engine.support.hierarchical.NodeTestTask.lambda$executeRecursively$5(NodeTestTask.java:143) ~[junit-platform-engine-1.7.2.jar:1.7.2]
	at org.junit.platform.engine.support.hierarchical.ThrowableCollector.execute(ThrowableCollector.java:73) ~[junit-platform-engine-1.7.2.jar:1.7.2]
	at org.junit.platform.engine.support.hierarchical.NodeTestTask.lambda$executeRecursively$7(NodeTestTask.java:129) ~[junit-platform-engine-1.7.2.jar:1.7.2]
	at org.junit.platform.engine.support.hierarchical.Node.around(Node.java:137) ~[junit-platform-engine-1.7.2.jar:1.7.2]
	at org.junit.platform.engine.support.hierarchical.NodeTestTask.lambda$executeRecursively$8(NodeTestTask.java:127) ~[junit-platform-engine-1.7.2.jar:1.7.2]
	at org.junit.platform.engine.support.hierarchical.ThrowableCollector.execute(ThrowableCollector.java:73) [junit-platform-engine-1.7.2.jar:1.7.2]
	at org.junit.platform.engine.support.hierarchical.NodeTestTask.executeRecursively(NodeTestTask.java:126) [junit-platform-engine-1.7.2.jar:1.7.2]
	at org.junit.platform.engine.support.hierarchical.NodeTestTask.execute(NodeTestTask.java:84) [junit-platform-engine-1.7.2.jar:1.7.2]
	at org.junit.platform.engine.support.hierarchical.SameThreadHierarchicalTestExecutorService.submit(SameThreadHierarchicalTestExecutorService.java:32) [junit-platform-engine-1.7.2.jar:1.7.2]
	at org.junit.platform.engine.support.hierarchical.HierarchicalTestExecutor.execute(HierarchicalTestExecutor.java:57) [junit-platform-engine-1.7.2.jar:1.7.2]
	at org.junit.platform.engine.support.hierarchical.HierarchicalTestEngine.execute(HierarchicalTestEngine.java:51) [junit-platform-engine-1.7.2.jar:1.7.2]
	at org.junit.platform.launcher.core.DefaultLauncher.execute(DefaultLauncher.java:170) [junit-platform-launcher-1.2.0.jar:1.2.0]
	at org.junit.platform.launcher.core.DefaultLauncher.execute(DefaultLauncher.java:154) [junit-platform-launcher-1.2.0.jar:1.2.0]
	at org.junit.platform.launcher.core.DefaultLauncher.execute(DefaultLauncher.java:90) [junit-platform-launcher-1.2.0.jar:1.2.0]
	at org.junit.platform.surefire.provider.JUnitPlatformProvider.invokeAllTests(JUnitPlatformProvider.java:132) [junit-platform-surefire-provider-1.2.0.jar:1.2.0]
	at org.junit.platform.surefire.provider.JUnitPlatformProvider.invoke(JUnitPlatformProvider.java:111) [junit-platform-surefire-provider-1.2.0.jar:1.2.0]
	at org.apache.maven.surefire.booter.ForkedBooter.invokeProviderInSameClassLoader(ForkedBooter.java:379) [surefire-booter-2.21.0.jar:2.21.0]
	at org.apache.maven.surefire.booter.ForkedBooter.runSuitesInProcess(ForkedBooter.java:340) [surefire-booter-2.21.0.jar:2.21.0]
	at org.apache.maven.surefire.booter.ForkedBooter.execute(ForkedBooter.java:125) [surefire-booter-2.21.0.jar:2.21.0]
	at org.apache.maven.surefire.booter.ForkedBooter.main(ForkedBooter.java:413) [surefire-booter-2.21.0.jar:2.21.0]
2025-02-10 21:24:16 [main] INFO : Please select vehicle type from menu
2025-02-10 21:24:16 [main] INFO : 1 CAR
2025-02-10 21:24:16 [main] INFO : 2 BIKE
2025-02-10 21:24:16 [main] ERROR: Error fetching parking number from DB. Parking slots might be full
2025-02-10 21:24:16 [main] INFO : Please select vehicle type from menu
2025-02-10 21:24:16 [main] INFO : 1 CAR
2025-02-10 21:24:16 [main] INFO : 2 BIKE
2025-02-10 21:24:16 [main] INFO : Next available parking number is: 1
2025-02-10 21:24:17 [main] ERROR: Unable to process exiting vehicle
java.lang.NullPointerException: Cannot invoke "Object.getClass()" because "date" is null
	at java.util.Date.getMillisOf(Date.java:956) ~[?:?]
	at java.util.Date.before(Date.java:915) ~[?:?]
	at com.parkit.parkingsystem.service.FareCalculatorService.calculateFare(FareCalculatorService.java:15) ~[classes/:?]
	at com.parkit.parkingsystem.service.ParkingService.processExitingVehicle(ParkingService.java:155) ~[classes/:?]
	at com.parkit.parkingsystem.ParkingServiceTest.processExitingVehicleTest(ParkingServiceTest.java:69) ~[test-classes/:?]
	at jdk.internal.reflect.DirectMethodHandleAccessor.invoke(DirectMethodHandleAccessor.java:103) ~[?:?]
	at java.lang.reflect.Method.invoke(Method.java:580) ~[?:?]
	at org.junit.platform.commons.util.ReflectionUtils.invokeMethod(ReflectionUtils.java:688) ~[junit-platform-commons-1.7.2.jar:1.7.2]
	at org.junit.jupiter.engine.execution.MethodInvocation.proceed(MethodInvocation.java:60) ~[junit-jupiter-engine-5.7.2.jar:5.7.2]
	at org.junit.jupiter.engine.execution.InvocationInterceptorChain$ValidatingInvocation.proceed(InvocationInterceptorChain.java:131) ~[junit-jupiter-engine-5.7.2.jar:5.7.2]
	at org.junit.jupiter.engine.extension.TimeoutExtension.intercept(TimeoutExtension.java:149) ~[junit-jupiter-engine-5.7.2.jar:5.7.2]
	at org.junit.jupiter.engine.extension.TimeoutExtension.interceptTestableMethod(TimeoutExtension.java:140) ~[junit-jupiter-engine-5.7.2.jar:5.7.2]
	at org.junit.jupiter.engine.extension.TimeoutExtension.interceptTestMethod(TimeoutExtension.java:84) ~[junit-jupiter-engine-5.7.2.jar:5.7.2]
	at org.junit.jupiter.engine.execution.ExecutableInvoker$ReflectiveInterceptorCall.lambda$ofVoidMethod$0(ExecutableInvoker.java:115) ~[junit-jupiter-engine-5.7.2.jar:5.7.2]
	at org.junit.jupiter.engine.execution.ExecutableInvoker.lambda$invoke$0(ExecutableInvoker.java:105) ~[junit-jupiter-engine-5.7.2.jar:5.7.2]
	at org.junit.jupiter.engine.execution.InvocationInterceptorChain$InterceptedInvocation.proceed(InvocationInterceptorChain.java:106) ~[junit-jupiter-engine-5.7.2.jar:5.7.2]
	at org.junit.jupiter.engine.execution.InvocationInterceptorChain.proceed(InvocationInterceptorChain.java:64) ~[junit-jupiter-engine-5.7.2.jar:5.7.2]
	at org.junit.jupiter.engine.execution.InvocationInterceptorChain.chainAndInvoke(InvocationInterceptorChain.java:45) ~[junit-jupiter-engine-5.7.2.jar:5.7.2]
	at org.junit.jupiter.engine.execution.InvocationInterceptorChain.invoke(InvocationInterceptorChain.java:37) ~[junit-jupiter-engine-5.7.2.jar:5.7.2]
	at org.junit.jupiter.engine.execution.ExecutableInvoker.invoke(ExecutableInvoker.java:104) ~[junit-jupiter-engine-5.7.2.jar:5.7.2]
	at org.junit.jupiter.engine.execution.ExecutableInvoker.invoke(ExecutableInvoker.java:98) ~[junit-jupiter-engine-5.7.2.jar:5.7.2]
	at org.junit.jupiter.engine.descriptor.TestMethodTestDescriptor.lambda$invokeTestMethod$6(TestMethodTestDescriptor.java:210) ~[junit-jupiter-engine-5.7.2.jar:5.7.2]
	at org.junit.platform.engine.support.hierarchical.ThrowableCollector.execute(ThrowableCollector.java:73) ~[junit-platform-engine-1.7.2.jar:1.7.2]
	at org.junit.jupiter.engine.descriptor.TestMethodTestDescriptor.invokeTestMethod(TestMethodTestDescriptor.java:206) ~[junit-jupiter-engine-5.7.2.jar:5.7.2]
	at org.junit.jupiter.engine.descriptor.TestMethodTestDescriptor.execute(TestMethodTestDescriptor.java:131) ~[junit-jupiter-engine-5.7.2.jar:5.7.2]
	at org.junit.jupiter.engine.descriptor.TestMethodTestDescriptor.execute(TestMethodTestDescriptor.java:65) ~[junit-jupiter-engine-5.7.2.jar:5.7.2]
	at org.junit.platform.engine.support.hierarchical.NodeTestTask.lambda$executeRecursively$5(NodeTestTask.java:139) ~[junit-platform-engine-1.7.2.jar:1.7.2]
	at org.junit.platform.engine.support.hierarchical.ThrowableCollector.execute(ThrowableCollector.java:73) ~[junit-platform-engine-1.7.2.jar:1.7.2]
	at org.junit.platform.engine.support.hierarchical.NodeTestTask.lambda$executeRecursively$7(NodeTestTask.java:129) ~[junit-platform-engine-1.7.2.jar:1.7.2]
	at org.junit.platform.engine.support.hierarchical.Node.around(Node.java:137) ~[junit-platform-engine-1.7.2.jar:1.7.2]
	at org.junit.platform.engine.support.hierarchical.NodeTestTask.lambda$executeRecursively$8(NodeTestTask.java:127) ~[junit-platform-engine-1.7.2.jar:1.7.2]
	at org.junit.platform.engine.support.hierarchical.ThrowableCollector.execute(ThrowableCollector.java:73) ~[junit-platform-engine-1.7.2.jar:1.7.2]
	at org.junit.platform.engine.support.hierarchical.NodeTestTask.executeRecursively(NodeTestTask.java:126) ~[junit-platform-engine-1.7.2.jar:1.7.2]
	at org.junit.platform.engine.support.hierarchical.NodeTestTask.execute(NodeTestTask.java:84) ~[junit-platform-engine-1.7.2.jar:1.7.2]
	at java.util.ArrayList.forEach(ArrayList.java:1597) ~[?:?]
	at org.junit.platform.engine.support.hierarchical.SameThreadHierarchicalTestExecutorService.invokeAll(SameThreadHierarchicalTestExecutorService.java:38) ~[junit-platform-engine-1.7.2.jar:1.7.2]
	at org.junit.platform.engine.support.hierarchical.NodeTestTask.lambda$executeRecursively$5(NodeTestTask.java:143) ~[junit-platform-engine-1.7.2.jar:1.7.2]
	at org.junit.platform.engine.support.hierarchical.ThrowableCollector.execute(ThrowableCollector.java:73) ~[junit-platform-engine-1.7.2.jar:1.7.2]
	at org.junit.platform.engine.support.hierarchical.NodeTestTask.lambda$executeRecursively$7(NodeTestTask.java:129) ~[junit-platform-engine-1.7.2.jar:1.7.2]
	at org.junit.platform.engine.support.hierarchical.Node.around(Node.java:137) ~[junit-platform-engine-1.7.2.jar:1.7.2]
	at org.junit.platform.engine.support.hierarchical.NodeTestTask.lambda$executeRecursively$8(NodeTestTask.java:127) ~[junit-platform-engine-1.7.2.jar:1.7.2]
	at org.junit.platform.engine.support.hierarchical.ThrowableCollector.execute(ThrowableCollector.java:73) ~[junit-platform-engine-1.7.2.jar:1.7.2]
	at org.junit.platform.engine.support.hierarchical.NodeTestTask.executeRecursively(NodeTestTask.java:126) ~[junit-platform-engine-1.7.2.jar:1.7.2]
	at org.junit.platform.engine.support.hierarchical.NodeTestTask.execute(NodeTestTask.java:84) ~[junit-platform-engine-1.7.2.jar:1.7.2]
	at java.util.ArrayList.forEach(ArrayList.java:1597) ~[?:?]
	at org.junit.platform.engine.support.hierarchical.SameThreadHierarchicalTestExecutorService.invokeAll(SameThreadHierarchicalTestExecutorService.java:38) ~[junit-platform-engine-1.7.2.jar:1.7.2]
	at org.junit.platform.engine.support.hierarchical.NodeTestTask.lambda$executeRecursively$5(NodeTestTask.java:143) ~[junit-platform-engine-1.7.2.jar:1.7.2]
	at org.junit.platform.engine.support.hierarchical.ThrowableCollector.execute(ThrowableCollector.java:73) ~[junit-platform-engine-1.7.2.jar:1.7.2]
	at org.junit.platform.engine.support.hierarchical.NodeTestTask.lambda$executeRecursively$7(NodeTestTask.java:129) ~[junit-platform-engine-1.7.2.jar:1.7.2]
	at org.junit.platform.engine.support.hierarchical.Node.around(Node.java:137) ~[junit-platform-engine-1.7.2.jar:1.7.2]
	at org.junit.platform.engine.support.hierarchical.NodeTestTask.lambda$executeRecursively$8(NodeTestTask.java:127) ~[junit-platform-engine-1.7.2.jar:1.7.2]
	at org.junit.platform.engine.support.hierarchical.ThrowableCollector.execute(ThrowableCollector.java:73) [junit-platform-engine-1.7.2.jar:1.7.2]
	at org.junit.platform.engine.support.hierarchical.NodeTestTask.executeRecursively(NodeTestTask.java:126) [junit-platform-engine-1.7.2.jar:1.7.2]
	at org.junit.platform.engine.support.hierarchical.NodeTestTask.execute(NodeTestTask.java:84) [junit-platform-engine-1.7.2.jar:1.7.2]
	at org.junit.platform.engine.support.hierarchical.SameThreadHierarchicalTestExecutorService.submit(SameThreadHierarchicalTestExecutorService.java:32) [junit-platform-engine-1.7.2.jar:1.7.2]
	at org.junit.platform.engine.support.hierarchical.HierarchicalTestExecutor.execute(HierarchicalTestExecutor.java:57) [junit-platform-engine-1.7.2.jar:1.7.2]
	at org.junit.platform.engine.support.hierarchical.HierarchicalTestEngine.execute(HierarchicalTestEngine.java:51) [junit-platform-engine-1.7.2.jar:1.7.2]
	at org.junit.platform.launcher.core.DefaultLauncher.execute(DefaultLauncher.java:170) [junit-platform-launcher-1.2.0.jar:1.2.0]
	at org.junit.platform.launcher.core.DefaultLauncher.execute(DefaultLauncher.java:154) [junit-platform-launcher-1.2.0.jar:1.2.0]
	at org.junit.platform.launcher.core.DefaultLauncher.execute(DefaultLauncher.java:90) [junit-platform-launcher-1.2.0.jar:1.2.0]
	at org.junit.platform.surefire.provider.JUnitPlatformProvider.invokeAllTests(JUnitPlatformProvider.java:132) [junit-platform-surefire-provider-1.2.0.jar:1.2.0]
	at org.junit.platform.surefire.provider.JUnitPlatformProvider.invoke(JUnitPlatformProvider.java:111) [junit-platform-surefire-provider-1.2.0.jar:1.2.0]
	at org.apache.maven.surefire.booter.ForkedBooter.invokeProviderInSameClassLoader(ForkedBooter.java:379) [surefire-booter-2.21.0.jar:2.21.0]
	at org.apache.maven.surefire.booter.ForkedBooter.runSuitesInProcess(ForkedBooter.java:340) [surefire-booter-2.21.0.jar:2.21.0]
	at org.apache.maven.surefire.booter.ForkedBooter.execute(ForkedBooter.java:125) [surefire-booter-2.21.0.jar:2.21.0]
	at org.apache.maven.surefire.booter.ForkedBooter.main(ForkedBooter.java:413) [surefire-booter-2.21.0.jar:2.21.0]
2025-02-10 21:24:17 [main] INFO : Generated Ticket and saved in DB
2025-02-10 21:24:17 [main] INFO : Please park your vehicle in spot number: 1
2025-02-10 21:24:17 [main] INFO : Recorded in-time for vehicle number: ABCDEF is: 2025-02-10T21:24:17.032+1100
2025-02-10 21:24:17 [main] ERROR: Unable to process incoming vehicle
java.lang.NullPointerException: Cannot invoke "java.util.Date.toString()" because the return value of "com.parkit.parkingsystem.model.Ticket.getOutTime()" is null
	at com.parkit.parkingsystem.service.FareCalculatorService.calculateFare(FareCalculatorService.java:16) ~[classes/:?]
	at com.parkit.parkingsystem.service.ParkingService.processIncomingVehicle(ParkingService.java:95) ~[classes/:?]
	at com.parkit.parkingsystem.ParkingServiceTest.testProcessIncomingVehicle(ParkingServiceTest.java:85) ~[test-classes/:?]
	at jdk.internal.reflect.DirectMethodHandleAccessor.invoke(DirectMethodHandleAccessor.java:103) ~[?:?]
	at java.lang.reflect.Method.invoke(Method.java:580) ~[?:?]
	at org.junit.platform.commons.util.ReflectionUtils.invokeMethod(ReflectionUtils.java:688) ~[junit-platform-commons-1.7.2.jar:1.7.2]
	at org.junit.jupiter.engine.execution.MethodInvocation.proceed(MethodInvocation.java:60) ~[junit-jupiter-engine-5.7.2.jar:5.7.2]
	at org.junit.jupiter.engine.execution.InvocationInterceptorChain$ValidatingInvocation.proceed(InvocationInterceptorChain.java:131) ~[junit-jupiter-engine-5.7.2.jar:5.7.2]
	at org.junit.jupiter.engine.extension.TimeoutExtension.intercept(TimeoutExtension.java:149) ~[junit-jupiter-engine-5.7.2.jar:5.7.2]
	at org.junit.jupiter.engine.extension.TimeoutExtension.interceptTestableMethod(TimeoutExtension.java:140) ~[junit-jupiter-engine-5.7.2.jar:5.7.2]
	at org.junit.jupiter.engine.extension.TimeoutExtension.interceptTestMethod(TimeoutExtension.java:84) ~[junit-jupiter-engine-5.7.2.jar:5.7.2]
	at org.junit.jupiter.engine.execution.ExecutableInvoker$ReflectiveInterceptorCall.lambda$ofVoidMethod$0(ExecutableInvoker.java:115) ~[junit-jupiter-engine-5.7.2.jar:5.7.2]
	at org.junit.jupiter.engine.execution.ExecutableInvoker.lambda$invoke$0(ExecutableInvoker.java:105) ~[junit-jupiter-engine-5.7.2.jar:5.7.2]
	at org.junit.jupiter.engine.execution.InvocationInterceptorChain$InterceptedInvocation.proceed(InvocationInterceptorChain.java:106) ~[junit-jupiter-engine-5.7.2.jar:5.7.2]
	at org.junit.jupiter.engine.execution.InvocationInterceptorChain.proceed(InvocationInterceptorChain.java:64) ~[junit-jupiter-engine-5.7.2.jar:5.7.2]
	at org.junit.jupiter.engine.execution.InvocationInterceptorChain.chainAndInvoke(InvocationInterceptorChain.java:45) ~[junit-jupiter-engine-5.7.2.jar:5.7.2]
	at org.junit.jupiter.engine.execution.InvocationInterceptorChain.invoke(InvocationInterceptorChain.java:37) ~[junit-jupiter-engine-5.7.2.jar:5.7.2]
	at org.junit.jupiter.engine.execution.ExecutableInvoker.invoke(ExecutableInvoker.java:104) ~[junit-jupiter-engine-5.7.2.jar:5.7.2]
	at org.junit.jupiter.engine.execution.ExecutableInvoker.invoke(ExecutableInvoker.java:98) ~[junit-jupiter-engine-5.7.2.jar:5.7.2]
	at org.junit.jupiter.engine.descriptor.TestMethodTestDescriptor.lambda$invokeTestMethod$6(TestMethodTestDescriptor.java:210) ~[junit-jupiter-engine-5.7.2.jar:5.7.2]
	at org.junit.platform.engine.support.hierarchical.ThrowableCollector.execute(ThrowableCollector.java:73) ~[junit-platform-engine-1.7.2.jar:1.7.2]
	at org.junit.jupiter.engine.descriptor.TestMethodTestDescriptor.invokeTestMethod(TestMethodTestDescriptor.java:206) ~[junit-jupiter-engine-5.7.2.jar:5.7.2]
	at org.junit.jupiter.engine.descriptor.TestMethodTestDescriptor.execute(TestMethodTestDescriptor.java:131) ~[junit-jupiter-engine-5.7.2.jar:5.7.2]
	at org.junit.jupiter.engine.descriptor.TestMethodTestDescriptor.execute(TestMethodTestDescriptor.java:65) ~[junit-jupiter-engine-5.7.2.jar:5.7.2]
	at org.junit.platform.engine.support.hierarchical.NodeTestTask.lambda$executeRecursively$5(NodeTestTask.java:139) ~[junit-platform-engine-1.7.2.jar:1.7.2]
	at org.junit.platform.engine.support.hierarchical.ThrowableCollector.execute(ThrowableCollector.java:73) ~[junit-platform-engine-1.7.2.jar:1.7.2]
	at org.junit.platform.engine.support.hierarchical.NodeTestTask.lambda$executeRecursively$7(NodeTestTask.java:129) ~[junit-platform-engine-1.7.2.jar:1.7.2]
	at org.junit.platform.engine.support.hierarchical.Node.around(Node.java:137) ~[junit-platform-engine-1.7.2.jar:1.7.2]
	at org.junit.platform.engine.support.hierarchical.NodeTestTask.lambda$executeRecursively$8(NodeTestTask.java:127) ~[junit-platform-engine-1.7.2.jar:1.7.2]
	at org.junit.platform.engine.support.hierarchical.ThrowableCollector.execute(ThrowableCollector.java:73) ~[junit-platform-engine-1.7.2.jar:1.7.2]
	at org.junit.platform.engine.support.hierarchical.NodeTestTask.executeRecursively(NodeTestTask.java:126) ~[junit-platform-engine-1.7.2.jar:1.7.2]
	at org.junit.platform.engine.support.hierarchical.NodeTestTask.execute(NodeTestTask.java:84) ~[junit-platform-engine-1.7.2.jar:1.7.2]
	at java.util.ArrayList.forEach(ArrayList.java:1597) ~[?:?]
	at org.junit.platform.engine.support.hierarchical.SameThreadHierarchicalTestExecutorService.invokeAll(SameThreadHierarchicalTestExecutorService.java:38) ~[junit-platform-engine-1.7.2.jar:1.7.2]
	at org.junit.platform.engine.support.hierarchical.NodeTestTask.lambda$executeRecursively$5(NodeTestTask.java:143) ~[junit-platform-engine-1.7.2.jar:1.7.2]
	at org.junit.platform.engine.support.hierarchical.ThrowableCollector.execute(ThrowableCollector.java:73) ~[junit-platform-engine-1.7.2.jar:1.7.2]
	at org.junit.platform.engine.support.hierarchical.NodeTestTask.lambda$executeRecursively$7(NodeTestTask.java:129) ~[junit-platform-engine-1.7.2.jar:1.7.2]
	at org.junit.platform.engine.support.hierarchical.Node.around(Node.java:137) ~[junit-platform-engine-1.7.2.jar:1.7.2]
	at org.junit.platform.engine.support.hierarchical.NodeTestTask.lambda$executeRecursively$8(NodeTestTask.java:127) ~[junit-platform-engine-1.7.2.jar:1.7.2]
	at org.junit.platform.engine.support.hierarchical.ThrowableCollector.execute(ThrowableCollector.java:73) ~[junit-platform-engine-1.7.2.jar:1.7.2]
	at org.junit.platform.engine.support.hierarchical.NodeTestTask.executeRecursively(NodeTestTask.java:126) ~[junit-platform-engine-1.7.2.jar:1.7.2]
	at org.junit.platform.engine.support.hierarchical.NodeTestTask.execute(NodeTestTask.java:84) ~[junit-platform-engine-1.7.2.jar:1.7.2]
	at java.util.ArrayList.forEach(ArrayList.java:1597) ~[?:?]
	at org.junit.platform.engine.support.hierarchical.SameThreadHierarchicalTestExecutorService.invokeAll(SameThreadHierarchicalTestExecutorService.java:38) ~[junit-platform-engine-1.7.2.jar:1.7.2]
	at org.junit.platform.engine.support.hierarchical.NodeTestTask.lambda$executeRecursively$5(NodeTestTask.java:143) ~[junit-platform-engine-1.7.2.jar:1.7.2]
	at org.junit.platform.engine.support.hierarchical.ThrowableCollector.execute(ThrowableCollector.java:73) ~[junit-platform-engine-1.7.2.jar:1.7.2]
	at org.junit.platform.engine.support.hierarchical.NodeTestTask.lambda$executeRecursively$7(NodeTestTask.java:129) ~[junit-platform-engine-1.7.2.jar:1.7.2]
	at org.junit.platform.engine.support.hierarchical.Node.around(Node.java:137) ~[junit-platform-engine-1.7.2.jar:1.7.2]
	at org.junit.platform.engine.support.hierarchical.NodeTestTask.lambda$executeRecursively$8(NodeTestTask.java:127) ~[junit-platform-engine-1.7.2.jar:1.7.2]
	at org.junit.platform.engine.support.hierarchical.ThrowableCollector.execute(ThrowableCollector.java:73) [junit-platform-engine-1.7.2.jar:1.7.2]
	at org.junit.platform.engine.support.hierarchical.NodeTestTask.executeRecursively(NodeTestTask.java:126) [junit-platform-engine-1.7.2.jar:1.7.2]
	at org.junit.platform.engine.support.hierarchical.NodeTestTask.execute(NodeTestTask.java:84) [junit-platform-engine-1.7.2.jar:1.7.2]
	at org.junit.platform.engine.support.hierarchical.SameThreadHierarchicalTestExecutorService.submit(SameThreadHierarchicalTestExecutorService.java:32) [junit-platform-engine-1.7.2.jar:1.7.2]
	at org.junit.platform.engine.support.hierarchical.HierarchicalTestExecutor.execute(HierarchicalTestExecutor.java:57) [junit-platform-engine-1.7.2.jar:1.7.2]
	at org.junit.platform.engine.support.hierarchical.HierarchicalTestEngine.execute(HierarchicalTestEngine.java:51) [junit-platform-engine-1.7.2.jar:1.7.2]
	at org.junit.platform.launcher.core.DefaultLauncher.execute(DefaultLauncher.java:170) [junit-platform-launcher-1.2.0.jar:1.2.0]
	at org.junit.platform.launcher.core.DefaultLauncher.execute(DefaultLauncher.java:154) [junit-platform-launcher-1.2.0.jar:1.2.0]
	at org.junit.platform.launcher.core.DefaultLauncher.execute(DefaultLauncher.java:90) [junit-platform-launcher-1.2.0.jar:1.2.0]
	at org.junit.platform.surefire.provider.JUnitPlatformProvider.invokeAllTests(JUnitPlatformProvider.java:132) [junit-platform-surefire-provider-1.2.0.jar:1.2.0]
	at org.junit.platform.surefire.provider.JUnitPlatformProvider.invoke(JUnitPlatformProvider.java:111) [junit-platform-surefire-provider-1.2.0.jar:1.2.0]
	at org.apache.maven.surefire.booter.ForkedBooter.invokeProviderInSameClassLoader(ForkedBooter.java:379) [surefire-booter-2.21.0.jar:2.21.0]
	at org.apache.maven.surefire.booter.ForkedBooter.runSuitesInProcess(ForkedBooter.java:340) [surefire-booter-2.21.0.jar:2.21.0]
	at org.apache.maven.surefire.booter.ForkedBooter.execute(ForkedBooter.java:125) [surefire-booter-2.21.0.jar:2.21.0]
	at org.apache.maven.surefire.booter.ForkedBooter.main(ForkedBooter.java:413) [surefire-booter-2.21.0.jar:2.21.0]
2025-02-10 21:41:03 [main] INFO : Please select vehicle type from menu
2025-02-10 21:41:03 [main] INFO : 1 CAR
2025-02-10 21:41:03 [main] INFO : 2 BIKE
2025-02-10 21:41:03 [main] INFO : Incorrect input provided
2025-02-10 21:41:03 [main] ERROR: Error parsing user input for type of vehicle
java.lang.IllegalArgumentException: Entered input is invalid
	at com.parkit.parkingsystem.service.ParkingService.getVehichleType(ParkingService.java:142) ~[classes/:?]
	at com.parkit.parkingsystem.service.ParkingService.getNextParkingNumberIfAvailable(ParkingService.java:112) ~[classes/:?]
	at com.parkit.parkingsystem.ParkingServiceTest.testGetNextParkingNumberIfAvailableParkingNumberNotFound(ParkingServiceTest.java:135) ~[test-classes/:?]
	at jdk.internal.reflect.DirectMethodHandleAccessor.invoke(DirectMethodHandleAccessor.java:103) ~[?:?]
	at java.lang.reflect.Method.invoke(Method.java:580) ~[?:?]
	at org.junit.platform.commons.util.ReflectionUtils.invokeMethod(ReflectionUtils.java:688) ~[junit-platform-commons-1.7.2.jar:1.7.2]
	at org.junit.jupiter.engine.execution.MethodInvocation.proceed(MethodInvocation.java:60) ~[junit-jupiter-engine-5.7.2.jar:5.7.2]
	at org.junit.jupiter.engine.execution.InvocationInterceptorChain$ValidatingInvocation.proceed(InvocationInterceptorChain.java:131) ~[junit-jupiter-engine-5.7.2.jar:5.7.2]
	at org.junit.jupiter.engine.extension.TimeoutExtension.intercept(TimeoutExtension.java:149) ~[junit-jupiter-engine-5.7.2.jar:5.7.2]
	at org.junit.jupiter.engine.extension.TimeoutExtension.interceptTestableMethod(TimeoutExtension.java:140) ~[junit-jupiter-engine-5.7.2.jar:5.7.2]
	at org.junit.jupiter.engine.extension.TimeoutExtension.interceptTestMethod(TimeoutExtension.java:84) ~[junit-jupiter-engine-5.7.2.jar:5.7.2]
	at org.junit.jupiter.engine.execution.ExecutableInvoker$ReflectiveInterceptorCall.lambda$ofVoidMethod$0(ExecutableInvoker.java:115) ~[junit-jupiter-engine-5.7.2.jar:5.7.2]
	at org.junit.jupiter.engine.execution.ExecutableInvoker.lambda$invoke$0(ExecutableInvoker.java:105) ~[junit-jupiter-engine-5.7.2.jar:5.7.2]
	at org.junit.jupiter.engine.execution.InvocationInterceptorChain$InterceptedInvocation.proceed(InvocationInterceptorChain.java:106) ~[junit-jupiter-engine-5.7.2.jar:5.7.2]
	at org.junit.jupiter.engine.execution.InvocationInterceptorChain.proceed(InvocationInterceptorChain.java:64) ~[junit-jupiter-engine-5.7.2.jar:5.7.2]
	at org.junit.jupiter.engine.execution.InvocationInterceptorChain.chainAndInvoke(InvocationInterceptorChain.java:45) ~[junit-jupiter-engine-5.7.2.jar:5.7.2]
	at org.junit.jupiter.engine.execution.InvocationInterceptorChain.invoke(InvocationInterceptorChain.java:37) ~[junit-jupiter-engine-5.7.2.jar:5.7.2]
	at org.junit.jupiter.engine.execution.ExecutableInvoker.invoke(ExecutableInvoker.java:104) ~[junit-jupiter-engine-5.7.2.jar:5.7.2]
	at org.junit.jupiter.engine.execution.ExecutableInvoker.invoke(ExecutableInvoker.java:98) ~[junit-jupiter-engine-5.7.2.jar:5.7.2]
	at org.junit.jupiter.engine.descriptor.TestMethodTestDescriptor.lambda$invokeTestMethod$6(TestMethodTestDescriptor.java:210) ~[junit-jupiter-engine-5.7.2.jar:5.7.2]
	at org.junit.platform.engine.support.hierarchical.ThrowableCollector.execute(ThrowableCollector.java:73) ~[junit-platform-engine-1.7.2.jar:1.7.2]
	at org.junit.jupiter.engine.descriptor.TestMethodTestDescriptor.invokeTestMethod(TestMethodTestDescriptor.java:206) ~[junit-jupiter-engine-5.7.2.jar:5.7.2]
	at org.junit.jupiter.engine.descriptor.TestMethodTestDescriptor.execute(TestMethodTestDescriptor.java:131) ~[junit-jupiter-engine-5.7.2.jar:5.7.2]
	at org.junit.jupiter.engine.descriptor.TestMethodTestDescriptor.execute(TestMethodTestDescriptor.java:65) ~[junit-jupiter-engine-5.7.2.jar:5.7.2]
	at org.junit.platform.engine.support.hierarchical.NodeTestTask.lambda$executeRecursively$5(NodeTestTask.java:139) ~[junit-platform-engine-1.7.2.jar:1.7.2]
	at org.junit.platform.engine.support.hierarchical.ThrowableCollector.execute(ThrowableCollector.java:73) ~[junit-platform-engine-1.7.2.jar:1.7.2]
	at org.junit.platform.engine.support.hierarchical.NodeTestTask.lambda$executeRecursively$7(NodeTestTask.java:129) ~[junit-platform-engine-1.7.2.jar:1.7.2]
	at org.junit.platform.engine.support.hierarchical.Node.around(Node.java:137) ~[junit-platform-engine-1.7.2.jar:1.7.2]
	at org.junit.platform.engine.support.hierarchical.NodeTestTask.lambda$executeRecursively$8(NodeTestTask.java:127) ~[junit-platform-engine-1.7.2.jar:1.7.2]
	at org.junit.platform.engine.support.hierarchical.ThrowableCollector.execute(ThrowableCollector.java:73) ~[junit-platform-engine-1.7.2.jar:1.7.2]
	at org.junit.platform.engine.support.hierarchical.NodeTestTask.executeRecursively(NodeTestTask.java:126) ~[junit-platform-engine-1.7.2.jar:1.7.2]
	at org.junit.platform.engine.support.hierarchical.NodeTestTask.execute(NodeTestTask.java:84) ~[junit-platform-engine-1.7.2.jar:1.7.2]
	at java.util.ArrayList.forEach(ArrayList.java:1597) ~[?:?]
	at org.junit.platform.engine.support.hierarchical.SameThreadHierarchicalTestExecutorService.invokeAll(SameThreadHierarchicalTestExecutorService.java:38) ~[junit-platform-engine-1.7.2.jar:1.7.2]
	at org.junit.platform.engine.support.hierarchical.NodeTestTask.lambda$executeRecursively$5(NodeTestTask.java:143) ~[junit-platform-engine-1.7.2.jar:1.7.2]
	at org.junit.platform.engine.support.hierarchical.ThrowableCollector.execute(ThrowableCollector.java:73) ~[junit-platform-engine-1.7.2.jar:1.7.2]
	at org.junit.platform.engine.support.hierarchical.NodeTestTask.lambda$executeRecursively$7(NodeTestTask.java:129) ~[junit-platform-engine-1.7.2.jar:1.7.2]
	at org.junit.platform.engine.support.hierarchical.Node.around(Node.java:137) ~[junit-platform-engine-1.7.2.jar:1.7.2]
	at org.junit.platform.engine.support.hierarchical.NodeTestTask.lambda$executeRecursively$8(NodeTestTask.java:127) ~[junit-platform-engine-1.7.2.jar:1.7.2]
	at org.junit.platform.engine.support.hierarchical.ThrowableCollector.execute(ThrowableCollector.java:73) ~[junit-platform-engine-1.7.2.jar:1.7.2]
	at org.junit.platform.engine.support.hierarchical.NodeTestTask.executeRecursively(NodeTestTask.java:126) ~[junit-platform-engine-1.7.2.jar:1.7.2]
	at org.junit.platform.engine.support.hierarchical.NodeTestTask.execute(NodeTestTask.java:84) ~[junit-platform-engine-1.7.2.jar:1.7.2]
	at java.util.ArrayList.forEach(ArrayList.java:1597) ~[?:?]
	at org.junit.platform.engine.support.hierarchical.SameThreadHierarchicalTestExecutorService.invokeAll(SameThreadHierarchicalTestExecutorService.java:38) ~[junit-platform-engine-1.7.2.jar:1.7.2]
	at org.junit.platform.engine.support.hierarchical.NodeTestTask.lambda$executeRecursively$5(NodeTestTask.java:143) ~[junit-platform-engine-1.7.2.jar:1.7.2]
	at org.junit.platform.engine.support.hierarchical.ThrowableCollector.execute(ThrowableCollector.java:73) ~[junit-platform-engine-1.7.2.jar:1.7.2]
	at org.junit.platform.engine.support.hierarchical.NodeTestTask.lambda$executeRecursively$7(NodeTestTask.java:129) ~[junit-platform-engine-1.7.2.jar:1.7.2]
	at org.junit.platform.engine.support.hierarchical.Node.around(Node.java:137) ~[junit-platform-engine-1.7.2.jar:1.7.2]
	at org.junit.platform.engine.support.hierarchical.NodeTestTask.lambda$executeRecursively$8(NodeTestTask.java:127) ~[junit-platform-engine-1.7.2.jar:1.7.2]
	at org.junit.platform.engine.support.hierarchical.ThrowableCollector.execute(ThrowableCollector.java:73) [junit-platform-engine-1.7.2.jar:1.7.2]
	at org.junit.platform.engine.support.hierarchical.NodeTestTask.executeRecursively(NodeTestTask.java:126) [junit-platform-engine-1.7.2.jar:1.7.2]
	at org.junit.platform.engine.support.hierarchical.NodeTestTask.execute(NodeTestTask.java:84) [junit-platform-engine-1.7.2.jar:1.7.2]
	at org.junit.platform.engine.support.hierarchical.SameThreadHierarchicalTestExecutorService.submit(SameThreadHierarchicalTestExecutorService.java:32) [junit-platform-engine-1.7.2.jar:1.7.2]
	at org.junit.platform.engine.support.hierarchical.HierarchicalTestExecutor.execute(HierarchicalTestExecutor.java:57) [junit-platform-engine-1.7.2.jar:1.7.2]
	at org.junit.platform.engine.support.hierarchical.HierarchicalTestEngine.execute(HierarchicalTestEngine.java:51) [junit-platform-engine-1.7.2.jar:1.7.2]
	at org.junit.platform.launcher.core.DefaultLauncher.execute(DefaultLauncher.java:170) [junit-platform-launcher-1.2.0.jar:1.2.0]
	at org.junit.platform.launcher.core.DefaultLauncher.execute(DefaultLauncher.java:154) [junit-platform-launcher-1.2.0.jar:1.2.0]
	at org.junit.platform.launcher.core.DefaultLauncher.execute(DefaultLauncher.java:90) [junit-platform-launcher-1.2.0.jar:1.2.0]
	at org.junit.platform.surefire.provider.JUnitPlatformProvider.invokeAllTests(JUnitPlatformProvider.java:132) [junit-platform-surefire-provider-1.2.0.jar:1.2.0]
	at org.junit.platform.surefire.provider.JUnitPlatformProvider.invoke(JUnitPlatformProvider.java:111) [junit-platform-surefire-provider-1.2.0.jar:1.2.0]
	at org.apache.maven.surefire.booter.ForkedBooter.invokeProviderInSameClassLoader(ForkedBooter.java:379) [surefire-booter-2.21.0.jar:2.21.0]
	at org.apache.maven.surefire.booter.ForkedBooter.runSuitesInProcess(ForkedBooter.java:340) [surefire-booter-2.21.0.jar:2.21.0]
	at org.apache.maven.surefire.booter.ForkedBooter.execute(ForkedBooter.java:125) [surefire-booter-2.21.0.jar:2.21.0]
	at org.apache.maven.surefire.booter.ForkedBooter.main(ForkedBooter.java:413) [surefire-booter-2.21.0.jar:2.21.0]
2025-02-10 21:41:04 [main] ERROR: Unable to process exiting vehicle
java.lang.NullPointerException: Cannot invoke "Object.getClass()" because "date" is null
	at java.util.Date.getMillisOf(Date.java:956) ~[?:?]
	at java.util.Date.before(Date.java:915) ~[?:?]
	at com.parkit.parkingsystem.service.FareCalculatorService.calculateFare(FareCalculatorService.java:15) ~[classes/:?]
	at com.parkit.parkingsystem.service.ParkingService.processExitingVehicle(ParkingService.java:155) ~[classes/:?]
	at com.parkit.parkingsystem.ParkingServiceTest.processExitingVehicleTestUnableUpdate(ParkingServiceTest.java:107) ~[test-classes/:?]
	at jdk.internal.reflect.DirectMethodHandleAccessor.invoke(DirectMethodHandleAccessor.java:103) ~[?:?]
	at java.lang.reflect.Method.invoke(Method.java:580) ~[?:?]
	at org.junit.platform.commons.util.ReflectionUtils.invokeMethod(ReflectionUtils.java:688) ~[junit-platform-commons-1.7.2.jar:1.7.2]
	at org.junit.jupiter.engine.execution.MethodInvocation.proceed(MethodInvocation.java:60) ~[junit-jupiter-engine-5.7.2.jar:5.7.2]
	at org.junit.jupiter.engine.execution.InvocationInterceptorChain$ValidatingInvocation.proceed(InvocationInterceptorChain.java:131) ~[junit-jupiter-engine-5.7.2.jar:5.7.2]
	at org.junit.jupiter.engine.extension.TimeoutExtension.intercept(TimeoutExtension.java:149) ~[junit-jupiter-engine-5.7.2.jar:5.7.2]
	at org.junit.jupiter.engine.extension.TimeoutExtension.interceptTestableMethod(TimeoutExtension.java:140) ~[junit-jupiter-engine-5.7.2.jar:5.7.2]
	at org.junit.jupiter.engine.extension.TimeoutExtension.interceptTestMethod(TimeoutExtension.java:84) ~[junit-jupiter-engine-5.7.2.jar:5.7.2]
	at org.junit.jupiter.engine.execution.ExecutableInvoker$ReflectiveInterceptorCall.lambda$ofVoidMethod$0(ExecutableInvoker.java:115) ~[junit-jupiter-engine-5.7.2.jar:5.7.2]
	at org.junit.jupiter.engine.execution.ExecutableInvoker.lambda$invoke$0(ExecutableInvoker.java:105) ~[junit-jupiter-engine-5.7.2.jar:5.7.2]
	at org.junit.jupiter.engine.execution.InvocationInterceptorChain$InterceptedInvocation.proceed(InvocationInterceptorChain.java:106) ~[junit-jupiter-engine-5.7.2.jar:5.7.2]
	at org.junit.jupiter.engine.execution.InvocationInterceptorChain.proceed(InvocationInterceptorChain.java:64) ~[junit-jupiter-engine-5.7.2.jar:5.7.2]
	at org.junit.jupiter.engine.execution.InvocationInterceptorChain.chainAndInvoke(InvocationInterceptorChain.java:45) ~[junit-jupiter-engine-5.7.2.jar:5.7.2]
	at org.junit.jupiter.engine.execution.InvocationInterceptorChain.invoke(InvocationInterceptorChain.java:37) ~[junit-jupiter-engine-5.7.2.jar:5.7.2]
	at org.junit.jupiter.engine.execution.ExecutableInvoker.invoke(ExecutableInvoker.java:104) ~[junit-jupiter-engine-5.7.2.jar:5.7.2]
	at org.junit.jupiter.engine.execution.ExecutableInvoker.invoke(ExecutableInvoker.java:98) ~[junit-jupiter-engine-5.7.2.jar:5.7.2]
	at org.junit.jupiter.engine.descriptor.TestMethodTestDescriptor.lambda$invokeTestMethod$6(TestMethodTestDescriptor.java:210) ~[junit-jupiter-engine-5.7.2.jar:5.7.2]
	at org.junit.platform.engine.support.hierarchical.ThrowableCollector.execute(ThrowableCollector.java:73) ~[junit-platform-engine-1.7.2.jar:1.7.2]
	at org.junit.jupiter.engine.descriptor.TestMethodTestDescriptor.invokeTestMethod(TestMethodTestDescriptor.java:206) ~[junit-jupiter-engine-5.7.2.jar:5.7.2]
	at org.junit.jupiter.engine.descriptor.TestMethodTestDescriptor.execute(TestMethodTestDescriptor.java:131) ~[junit-jupiter-engine-5.7.2.jar:5.7.2]
	at org.junit.jupiter.engine.descriptor.TestMethodTestDescriptor.execute(TestMethodTestDescriptor.java:65) ~[junit-jupiter-engine-5.7.2.jar:5.7.2]
	at org.junit.platform.engine.support.hierarchical.NodeTestTask.lambda$executeRecursively$5(NodeTestTask.java:139) ~[junit-platform-engine-1.7.2.jar:1.7.2]
	at org.junit.platform.engine.support.hierarchical.ThrowableCollector.execute(ThrowableCollector.java:73) ~[junit-platform-engine-1.7.2.jar:1.7.2]
	at org.junit.platform.engine.support.hierarchical.NodeTestTask.lambda$executeRecursively$7(NodeTestTask.java:129) ~[junit-platform-engine-1.7.2.jar:1.7.2]
	at org.junit.platform.engine.support.hierarchical.Node.around(Node.java:137) ~[junit-platform-engine-1.7.2.jar:1.7.2]
	at org.junit.platform.engine.support.hierarchical.NodeTestTask.lambda$executeRecursively$8(NodeTestTask.java:127) ~[junit-platform-engine-1.7.2.jar:1.7.2]
	at org.junit.platform.engine.support.hierarchical.ThrowableCollector.execute(ThrowableCollector.java:73) ~[junit-platform-engine-1.7.2.jar:1.7.2]
	at org.junit.platform.engine.support.hierarchical.NodeTestTask.executeRecursively(NodeTestTask.java:126) ~[junit-platform-engine-1.7.2.jar:1.7.2]
	at org.junit.platform.engine.support.hierarchical.NodeTestTask.execute(NodeTestTask.java:84) ~[junit-platform-engine-1.7.2.jar:1.7.2]
	at java.util.ArrayList.forEach(ArrayList.java:1597) ~[?:?]
	at org.junit.platform.engine.support.hierarchical.SameThreadHierarchicalTestExecutorService.invokeAll(SameThreadHierarchicalTestExecutorService.java:38) ~[junit-platform-engine-1.7.2.jar:1.7.2]
	at org.junit.platform.engine.support.hierarchical.NodeTestTask.lambda$executeRecursively$5(NodeTestTask.java:143) ~[junit-platform-engine-1.7.2.jar:1.7.2]
	at org.junit.platform.engine.support.hierarchical.ThrowableCollector.execute(ThrowableCollector.java:73) ~[junit-platform-engine-1.7.2.jar:1.7.2]
	at org.junit.platform.engine.support.hierarchical.NodeTestTask.lambda$executeRecursively$7(NodeTestTask.java:129) ~[junit-platform-engine-1.7.2.jar:1.7.2]
	at org.junit.platform.engine.support.hierarchical.Node.around(Node.java:137) ~[junit-platform-engine-1.7.2.jar:1.7.2]
	at org.junit.platform.engine.support.hierarchical.NodeTestTask.lambda$executeRecursively$8(NodeTestTask.java:127) ~[junit-platform-engine-1.7.2.jar:1.7.2]
	at org.junit.platform.engine.support.hierarchical.ThrowableCollector.execute(ThrowableCollector.java:73) ~[junit-platform-engine-1.7.2.jar:1.7.2]
	at org.junit.platform.engine.support.hierarchical.NodeTestTask.executeRecursively(NodeTestTask.java:126) ~[junit-platform-engine-1.7.2.jar:1.7.2]
	at org.junit.platform.engine.support.hierarchical.NodeTestTask.execute(NodeTestTask.java:84) ~[junit-platform-engine-1.7.2.jar:1.7.2]
	at java.util.ArrayList.forEach(ArrayList.java:1597) ~[?:?]
	at org.junit.platform.engine.support.hierarchical.SameThreadHierarchicalTestExecutorService.invokeAll(SameThreadHierarchicalTestExecutorService.java:38) ~[junit-platform-engine-1.7.2.jar:1.7.2]
	at org.junit.platform.engine.support.hierarchical.NodeTestTask.lambda$executeRecursively$5(NodeTestTask.java:143) ~[junit-platform-engine-1.7.2.jar:1.7.2]
	at org.junit.platform.engine.support.hierarchical.ThrowableCollector.execute(ThrowableCollector.java:73) ~[junit-platform-engine-1.7.2.jar:1.7.2]
	at org.junit.platform.engine.support.hierarchical.NodeTestTask.lambda$executeRecursively$7(NodeTestTask.java:129) ~[junit-platform-engine-1.7.2.jar:1.7.2]
	at org.junit.platform.engine.support.hierarchical.Node.around(Node.java:137) ~[junit-platform-engine-1.7.2.jar:1.7.2]
	at org.junit.platform.engine.support.hierarchical.NodeTestTask.lambda$executeRecursively$8(NodeTestTask.java:127) ~[junit-platform-engine-1.7.2.jar:1.7.2]
	at org.junit.platform.engine.support.hierarchical.ThrowableCollector.execute(ThrowableCollector.java:73) [junit-platform-engine-1.7.2.jar:1.7.2]
	at org.junit.platform.engine.support.hierarchical.NodeTestTask.executeRecursively(NodeTestTask.java:126) [junit-platform-engine-1.7.2.jar:1.7.2]
	at org.junit.platform.engine.support.hierarchical.NodeTestTask.execute(NodeTestTask.java:84) [junit-platform-engine-1.7.2.jar:1.7.2]
	at org.junit.platform.engine.support.hierarchical.SameThreadHierarchicalTestExecutorService.submit(SameThreadHierarchicalTestExecutorService.java:32) [junit-platform-engine-1.7.2.jar:1.7.2]
	at org.junit.platform.engine.support.hierarchical.HierarchicalTestExecutor.execute(HierarchicalTestExecutor.java:57) [junit-platform-engine-1.7.2.jar:1.7.2]
	at org.junit.platform.engine.support.hierarchical.HierarchicalTestEngine.execute(HierarchicalTestEngine.java:51) [junit-platform-engine-1.7.2.jar:1.7.2]
	at org.junit.platform.launcher.core.DefaultLauncher.execute(DefaultLauncher.java:170) [junit-platform-launcher-1.2.0.jar:1.2.0]
	at org.junit.platform.launcher.core.DefaultLauncher.execute(DefaultLauncher.java:154) [junit-platform-launcher-1.2.0.jar:1.2.0]
	at org.junit.platform.launcher.core.DefaultLauncher.execute(DefaultLauncher.java:90) [junit-platform-launcher-1.2.0.jar:1.2.0]
	at org.junit.platform.surefire.provider.JUnitPlatformProvider.invokeAllTests(JUnitPlatformProvider.java:132) [junit-platform-surefire-provider-1.2.0.jar:1.2.0]
	at org.junit.platform.surefire.provider.JUnitPlatformProvider.invoke(JUnitPlatformProvider.java:111) [junit-platform-surefire-provider-1.2.0.jar:1.2.0]
	at org.apache.maven.surefire.booter.ForkedBooter.invokeProviderInSameClassLoader(ForkedBooter.java:379) [surefire-booter-2.21.0.jar:2.21.0]
	at org.apache.maven.surefire.booter.ForkedBooter.runSuitesInProcess(ForkedBooter.java:340) [surefire-booter-2.21.0.jar:2.21.0]
	at org.apache.maven.surefire.booter.ForkedBooter.execute(ForkedBooter.java:125) [surefire-booter-2.21.0.jar:2.21.0]
	at org.apache.maven.surefire.booter.ForkedBooter.main(ForkedBooter.java:413) [surefire-booter-2.21.0.jar:2.21.0]
2025-02-10 21:41:04 [main] INFO : Please select vehicle type from menu
2025-02-10 21:41:04 [main] INFO : 1 CAR
2025-02-10 21:41:04 [main] INFO : 2 BIKE
2025-02-10 21:41:04 [main] ERROR: Error fetching parking number from DB. Parking slots might be full
2025-02-10 21:41:04 [main] INFO : Please select vehicle type from menu
2025-02-10 21:41:04 [main] INFO : 1 CAR
2025-02-10 21:41:04 [main] INFO : 2 BIKE
2025-02-10 21:41:04 [main] INFO : Next available parking number is: 1
2025-02-10 21:41:04 [main] ERROR: Unable to process exiting vehicle
java.lang.NullPointerException: Cannot invoke "Object.getClass()" because "date" is null
	at java.util.Date.getMillisOf(Date.java:956) ~[?:?]
	at java.util.Date.before(Date.java:915) ~[?:?]
	at com.parkit.parkingsystem.service.FareCalculatorService.calculateFare(FareCalculatorService.java:15) ~[classes/:?]
	at com.parkit.parkingsystem.service.ParkingService.processExitingVehicle(ParkingService.java:155) ~[classes/:?]
	at com.parkit.parkingsystem.ParkingServiceTest.processExitingVehicleTest(ParkingServiceTest.java:69) ~[test-classes/:?]
	at jdk.internal.reflect.DirectMethodHandleAccessor.invoke(DirectMethodHandleAccessor.java:103) ~[?:?]
	at java.lang.reflect.Method.invoke(Method.java:580) ~[?:?]
	at org.junit.platform.commons.util.ReflectionUtils.invokeMethod(ReflectionUtils.java:688) ~[junit-platform-commons-1.7.2.jar:1.7.2]
	at org.junit.jupiter.engine.execution.MethodInvocation.proceed(MethodInvocation.java:60) ~[junit-jupiter-engine-5.7.2.jar:5.7.2]
	at org.junit.jupiter.engine.execution.InvocationInterceptorChain$ValidatingInvocation.proceed(InvocationInterceptorChain.java:131) ~[junit-jupiter-engine-5.7.2.jar:5.7.2]
	at org.junit.jupiter.engine.extension.TimeoutExtension.intercept(TimeoutExtension.java:149) ~[junit-jupiter-engine-5.7.2.jar:5.7.2]
	at org.junit.jupiter.engine.extension.TimeoutExtension.interceptTestableMethod(TimeoutExtension.java:140) ~[junit-jupiter-engine-5.7.2.jar:5.7.2]
	at org.junit.jupiter.engine.extension.TimeoutExtension.interceptTestMethod(TimeoutExtension.java:84) ~[junit-jupiter-engine-5.7.2.jar:5.7.2]
	at org.junit.jupiter.engine.execution.ExecutableInvoker$ReflectiveInterceptorCall.lambda$ofVoidMethod$0(ExecutableInvoker.java:115) ~[junit-jupiter-engine-5.7.2.jar:5.7.2]
	at org.junit.jupiter.engine.execution.ExecutableInvoker.lambda$invoke$0(ExecutableInvoker.java:105) ~[junit-jupiter-engine-5.7.2.jar:5.7.2]
	at org.junit.jupiter.engine.execution.InvocationInterceptorChain$InterceptedInvocation.proceed(InvocationInterceptorChain.java:106) ~[junit-jupiter-engine-5.7.2.jar:5.7.2]
	at org.junit.jupiter.engine.execution.InvocationInterceptorChain.proceed(InvocationInterceptorChain.java:64) ~[junit-jupiter-engine-5.7.2.jar:5.7.2]
	at org.junit.jupiter.engine.execution.InvocationInterceptorChain.chainAndInvoke(InvocationInterceptorChain.java:45) ~[junit-jupiter-engine-5.7.2.jar:5.7.2]
	at org.junit.jupiter.engine.execution.InvocationInterceptorChain.invoke(InvocationInterceptorChain.java:37) ~[junit-jupiter-engine-5.7.2.jar:5.7.2]
	at org.junit.jupiter.engine.execution.ExecutableInvoker.invoke(ExecutableInvoker.java:104) ~[junit-jupiter-engine-5.7.2.jar:5.7.2]
	at org.junit.jupiter.engine.execution.ExecutableInvoker.invoke(ExecutableInvoker.java:98) ~[junit-jupiter-engine-5.7.2.jar:5.7.2]
	at org.junit.jupiter.engine.descriptor.TestMethodTestDescriptor.lambda$invokeTestMethod$6(TestMethodTestDescriptor.java:210) ~[junit-jupiter-engine-5.7.2.jar:5.7.2]
	at org.junit.platform.engine.support.hierarchical.ThrowableCollector.execute(ThrowableCollector.java:73) ~[junit-platform-engine-1.7.2.jar:1.7.2]
	at org.junit.jupiter.engine.descriptor.TestMethodTestDescriptor.invokeTestMethod(TestMethodTestDescriptor.java:206) ~[junit-jupiter-engine-5.7.2.jar:5.7.2]
	at org.junit.jupiter.engine.descriptor.TestMethodTestDescriptor.execute(TestMethodTestDescriptor.java:131) ~[junit-jupiter-engine-5.7.2.jar:5.7.2]
	at org.junit.jupiter.engine.descriptor.TestMethodTestDescriptor.execute(TestMethodTestDescriptor.java:65) ~[junit-jupiter-engine-5.7.2.jar:5.7.2]
	at org.junit.platform.engine.support.hierarchical.NodeTestTask.lambda$executeRecursively$5(NodeTestTask.java:139) ~[junit-platform-engine-1.7.2.jar:1.7.2]
	at org.junit.platform.engine.support.hierarchical.ThrowableCollector.execute(ThrowableCollector.java:73) ~[junit-platform-engine-1.7.2.jar:1.7.2]
	at org.junit.platform.engine.support.hierarchical.NodeTestTask.lambda$executeRecursively$7(NodeTestTask.java:129) ~[junit-platform-engine-1.7.2.jar:1.7.2]
	at org.junit.platform.engine.support.hierarchical.Node.around(Node.java:137) ~[junit-platform-engine-1.7.2.jar:1.7.2]
	at org.junit.platform.engine.support.hierarchical.NodeTestTask.lambda$executeRecursively$8(NodeTestTask.java:127) ~[junit-platform-engine-1.7.2.jar:1.7.2]
	at org.junit.platform.engine.support.hierarchical.ThrowableCollector.execute(ThrowableCollector.java:73) ~[junit-platform-engine-1.7.2.jar:1.7.2]
	at org.junit.platform.engine.support.hierarchical.NodeTestTask.executeRecursively(NodeTestTask.java:126) ~[junit-platform-engine-1.7.2.jar:1.7.2]
	at org.junit.platform.engine.support.hierarchical.NodeTestTask.execute(NodeTestTask.java:84) ~[junit-platform-engine-1.7.2.jar:1.7.2]
	at java.util.ArrayList.forEach(ArrayList.java:1597) ~[?:?]
	at org.junit.platform.engine.support.hierarchical.SameThreadHierarchicalTestExecutorService.invokeAll(SameThreadHierarchicalTestExecutorService.java:38) ~[junit-platform-engine-1.7.2.jar:1.7.2]
	at org.junit.platform.engine.support.hierarchical.NodeTestTask.lambda$executeRecursively$5(NodeTestTask.java:143) ~[junit-platform-engine-1.7.2.jar:1.7.2]
	at org.junit.platform.engine.support.hierarchical.ThrowableCollector.execute(ThrowableCollector.java:73) ~[junit-platform-engine-1.7.2.jar:1.7.2]
	at org.junit.platform.engine.support.hierarchical.NodeTestTask.lambda$executeRecursively$7(NodeTestTask.java:129) ~[junit-platform-engine-1.7.2.jar:1.7.2]
	at org.junit.platform.engine.support.hierarchical.Node.around(Node.java:137) ~[junit-platform-engine-1.7.2.jar:1.7.2]
	at org.junit.platform.engine.support.hierarchical.NodeTestTask.lambda$executeRecursively$8(NodeTestTask.java:127) ~[junit-platform-engine-1.7.2.jar:1.7.2]
	at org.junit.platform.engine.support.hierarchical.ThrowableCollector.execute(ThrowableCollector.java:73) ~[junit-platform-engine-1.7.2.jar:1.7.2]
	at org.junit.platform.engine.support.hierarchical.NodeTestTask.executeRecursively(NodeTestTask.java:126) ~[junit-platform-engine-1.7.2.jar:1.7.2]
	at org.junit.platform.engine.support.hierarchical.NodeTestTask.execute(NodeTestTask.java:84) ~[junit-platform-engine-1.7.2.jar:1.7.2]
	at java.util.ArrayList.forEach(ArrayList.java:1597) ~[?:?]
	at org.junit.platform.engine.support.hierarchical.SameThreadHierarchicalTestExecutorService.invokeAll(SameThreadHierarchicalTestExecutorService.java:38) ~[junit-platform-engine-1.7.2.jar:1.7.2]
	at org.junit.platform.engine.support.hierarchical.NodeTestTask.lambda$executeRecursively$5(NodeTestTask.java:143) ~[junit-platform-engine-1.7.2.jar:1.7.2]
	at org.junit.platform.engine.support.hierarchical.ThrowableCollector.execute(ThrowableCollector.java:73) ~[junit-platform-engine-1.7.2.jar:1.7.2]
	at org.junit.platform.engine.support.hierarchical.NodeTestTask.lambda$executeRecursively$7(NodeTestTask.java:129) ~[junit-platform-engine-1.7.2.jar:1.7.2]
	at org.junit.platform.engine.support.hierarchical.Node.around(Node.java:137) ~[junit-platform-engine-1.7.2.jar:1.7.2]
	at org.junit.platform.engine.support.hierarchical.NodeTestTask.lambda$executeRecursively$8(NodeTestTask.java:127) ~[junit-platform-engine-1.7.2.jar:1.7.2]
	at org.junit.platform.engine.support.hierarchical.ThrowableCollector.execute(ThrowableCollector.java:73) [junit-platform-engine-1.7.2.jar:1.7.2]
	at org.junit.platform.engine.support.hierarchical.NodeTestTask.executeRecursively(NodeTestTask.java:126) [junit-platform-engine-1.7.2.jar:1.7.2]
	at org.junit.platform.engine.support.hierarchical.NodeTestTask.execute(NodeTestTask.java:84) [junit-platform-engine-1.7.2.jar:1.7.2]
	at org.junit.platform.engine.support.hierarchical.SameThreadHierarchicalTestExecutorService.submit(SameThreadHierarchicalTestExecutorService.java:32) [junit-platform-engine-1.7.2.jar:1.7.2]
	at org.junit.platform.engine.support.hierarchical.HierarchicalTestExecutor.execute(HierarchicalTestExecutor.java:57) [junit-platform-engine-1.7.2.jar:1.7.2]
	at org.junit.platform.engine.support.hierarchical.HierarchicalTestEngine.execute(HierarchicalTestEngine.java:51) [junit-platform-engine-1.7.2.jar:1.7.2]
	at org.junit.platform.launcher.core.DefaultLauncher.execute(DefaultLauncher.java:170) [junit-platform-launcher-1.2.0.jar:1.2.0]
	at org.junit.platform.launcher.core.DefaultLauncher.execute(DefaultLauncher.java:154) [junit-platform-launcher-1.2.0.jar:1.2.0]
	at org.junit.platform.launcher.core.DefaultLauncher.execute(DefaultLauncher.java:90) [junit-platform-launcher-1.2.0.jar:1.2.0]
	at org.junit.platform.surefire.provider.JUnitPlatformProvider.invokeAllTests(JUnitPlatformProvider.java:132) [junit-platform-surefire-provider-1.2.0.jar:1.2.0]
	at org.junit.platform.surefire.provider.JUnitPlatformProvider.invoke(JUnitPlatformProvider.java:111) [junit-platform-surefire-provider-1.2.0.jar:1.2.0]
	at org.apache.maven.surefire.booter.ForkedBooter.invokeProviderInSameClassLoader(ForkedBooter.java:379) [surefire-booter-2.21.0.jar:2.21.0]
	at org.apache.maven.surefire.booter.ForkedBooter.runSuitesInProcess(ForkedBooter.java:340) [surefire-booter-2.21.0.jar:2.21.0]
	at org.apache.maven.surefire.booter.ForkedBooter.execute(ForkedBooter.java:125) [surefire-booter-2.21.0.jar:2.21.0]
	at org.apache.maven.surefire.booter.ForkedBooter.main(ForkedBooter.java:413) [surefire-booter-2.21.0.jar:2.21.0]
2025-02-10 21:41:04 [main] INFO : Generated Ticket and saved in DB
2025-02-10 21:41:04 [main] INFO : Please park your vehicle in spot number: 1
2025-02-10 21:41:04 [main] INFO : Recorded in-time for vehicle number: ABCDEF is: 2025-02-10T21:41:04.662+1100
2025-02-10 21:41:04 [main] ERROR: Unable to process incoming vehicle
java.lang.NullPointerException: Cannot invoke "java.util.Date.toString()" because the return value of "com.parkit.parkingsystem.model.Ticket.getOutTime()" is null
	at com.parkit.parkingsystem.service.FareCalculatorService.calculateFare(FareCalculatorService.java:16) ~[classes/:?]
	at com.parkit.parkingsystem.service.ParkingService.processIncomingVehicle(ParkingService.java:95) ~[classes/:?]
	at com.parkit.parkingsystem.ParkingServiceTest.testProcessIncomingVehicle(ParkingServiceTest.java:85) ~[test-classes/:?]
	at jdk.internal.reflect.DirectMethodHandleAccessor.invoke(DirectMethodHandleAccessor.java:103) ~[?:?]
	at java.lang.reflect.Method.invoke(Method.java:580) ~[?:?]
	at org.junit.platform.commons.util.ReflectionUtils.invokeMethod(ReflectionUtils.java:688) ~[junit-platform-commons-1.7.2.jar:1.7.2]
	at org.junit.jupiter.engine.execution.MethodInvocation.proceed(MethodInvocation.java:60) ~[junit-jupiter-engine-5.7.2.jar:5.7.2]
	at org.junit.jupiter.engine.execution.InvocationInterceptorChain$ValidatingInvocation.proceed(InvocationInterceptorChain.java:131) ~[junit-jupiter-engine-5.7.2.jar:5.7.2]
	at org.junit.jupiter.engine.extension.TimeoutExtension.intercept(TimeoutExtension.java:149) ~[junit-jupiter-engine-5.7.2.jar:5.7.2]
	at org.junit.jupiter.engine.extension.TimeoutExtension.interceptTestableMethod(TimeoutExtension.java:140) ~[junit-jupiter-engine-5.7.2.jar:5.7.2]
	at org.junit.jupiter.engine.extension.TimeoutExtension.interceptTestMethod(TimeoutExtension.java:84) ~[junit-jupiter-engine-5.7.2.jar:5.7.2]
	at org.junit.jupiter.engine.execution.ExecutableInvoker$ReflectiveInterceptorCall.lambda$ofVoidMethod$0(ExecutableInvoker.java:115) ~[junit-jupiter-engine-5.7.2.jar:5.7.2]
	at org.junit.jupiter.engine.execution.ExecutableInvoker.lambda$invoke$0(ExecutableInvoker.java:105) ~[junit-jupiter-engine-5.7.2.jar:5.7.2]
	at org.junit.jupiter.engine.execution.InvocationInterceptorChain$InterceptedInvocation.proceed(InvocationInterceptorChain.java:106) ~[junit-jupiter-engine-5.7.2.jar:5.7.2]
	at org.junit.jupiter.engine.execution.InvocationInterceptorChain.proceed(InvocationInterceptorChain.java:64) ~[junit-jupiter-engine-5.7.2.jar:5.7.2]
	at org.junit.jupiter.engine.execution.InvocationInterceptorChain.chainAndInvoke(InvocationInterceptorChain.java:45) ~[junit-jupiter-engine-5.7.2.jar:5.7.2]
	at org.junit.jupiter.engine.execution.InvocationInterceptorChain.invoke(InvocationInterceptorChain.java:37) ~[junit-jupiter-engine-5.7.2.jar:5.7.2]
	at org.junit.jupiter.engine.execution.ExecutableInvoker.invoke(ExecutableInvoker.java:104) ~[junit-jupiter-engine-5.7.2.jar:5.7.2]
	at org.junit.jupiter.engine.execution.ExecutableInvoker.invoke(ExecutableInvoker.java:98) ~[junit-jupiter-engine-5.7.2.jar:5.7.2]
	at org.junit.jupiter.engine.descriptor.TestMethodTestDescriptor.lambda$invokeTestMethod$6(TestMethodTestDescriptor.java:210) ~[junit-jupiter-engine-5.7.2.jar:5.7.2]
	at org.junit.platform.engine.support.hierarchical.ThrowableCollector.execute(ThrowableCollector.java:73) ~[junit-platform-engine-1.7.2.jar:1.7.2]
	at org.junit.jupiter.engine.descriptor.TestMethodTestDescriptor.invokeTestMethod(TestMethodTestDescriptor.java:206) ~[junit-jupiter-engine-5.7.2.jar:5.7.2]
	at org.junit.jupiter.engine.descriptor.TestMethodTestDescriptor.execute(TestMethodTestDescriptor.java:131) ~[junit-jupiter-engine-5.7.2.jar:5.7.2]
	at org.junit.jupiter.engine.descriptor.TestMethodTestDescriptor.execute(TestMethodTestDescriptor.java:65) ~[junit-jupiter-engine-5.7.2.jar:5.7.2]
	at org.junit.platform.engine.support.hierarchical.NodeTestTask.lambda$executeRecursively$5(NodeTestTask.java:139) ~[junit-platform-engine-1.7.2.jar:1.7.2]
	at org.junit.platform.engine.support.hierarchical.ThrowableCollector.execute(ThrowableCollector.java:73) ~[junit-platform-engine-1.7.2.jar:1.7.2]
	at org.junit.platform.engine.support.hierarchical.NodeTestTask.lambda$executeRecursively$7(NodeTestTask.java:129) ~[junit-platform-engine-1.7.2.jar:1.7.2]
	at org.junit.platform.engine.support.hierarchical.Node.around(Node.java:137) ~[junit-platform-engine-1.7.2.jar:1.7.2]
	at org.junit.platform.engine.support.hierarchical.NodeTestTask.lambda$executeRecursively$8(NodeTestTask.java:127) ~[junit-platform-engine-1.7.2.jar:1.7.2]
	at org.junit.platform.engine.support.hierarchical.ThrowableCollector.execute(ThrowableCollector.java:73) ~[junit-platform-engine-1.7.2.jar:1.7.2]
	at org.junit.platform.engine.support.hierarchical.NodeTestTask.executeRecursively(NodeTestTask.java:126) ~[junit-platform-engine-1.7.2.jar:1.7.2]
	at org.junit.platform.engine.support.hierarchical.NodeTestTask.execute(NodeTestTask.java:84) ~[junit-platform-engine-1.7.2.jar:1.7.2]
	at java.util.ArrayList.forEach(ArrayList.java:1597) ~[?:?]
	at org.junit.platform.engine.support.hierarchical.SameThreadHierarchicalTestExecutorService.invokeAll(SameThreadHierarchicalTestExecutorService.java:38) ~[junit-platform-engine-1.7.2.jar:1.7.2]
	at org.junit.platform.engine.support.hierarchical.NodeTestTask.lambda$executeRecursively$5(NodeTestTask.java:143) ~[junit-platform-engine-1.7.2.jar:1.7.2]
	at org.junit.platform.engine.support.hierarchical.ThrowableCollector.execute(ThrowableCollector.java:73) ~[junit-platform-engine-1.7.2.jar:1.7.2]
	at org.junit.platform.engine.support.hierarchical.NodeTestTask.lambda$executeRecursively$7(NodeTestTask.java:129) ~[junit-platform-engine-1.7.2.jar:1.7.2]
	at org.junit.platform.engine.support.hierarchical.Node.around(Node.java:137) ~[junit-platform-engine-1.7.2.jar:1.7.2]
	at org.junit.platform.engine.support.hierarchical.NodeTestTask.lambda$executeRecursively$8(NodeTestTask.java:127) ~[junit-platform-engine-1.7.2.jar:1.7.2]
	at org.junit.platform.engine.support.hierarchical.ThrowableCollector.execute(ThrowableCollector.java:73) ~[junit-platform-engine-1.7.2.jar:1.7.2]
	at org.junit.platform.engine.support.hierarchical.NodeTestTask.executeRecursively(NodeTestTask.java:126) ~[junit-platform-engine-1.7.2.jar:1.7.2]
	at org.junit.platform.engine.support.hierarchical.NodeTestTask.execute(NodeTestTask.java:84) ~[junit-platform-engine-1.7.2.jar:1.7.2]
	at java.util.ArrayList.forEach(ArrayList.java:1597) ~[?:?]
	at org.junit.platform.engine.support.hierarchical.SameThreadHierarchicalTestExecutorService.invokeAll(SameThreadHierarchicalTestExecutorService.java:38) ~[junit-platform-engine-1.7.2.jar:1.7.2]
	at org.junit.platform.engine.support.hierarchical.NodeTestTask.lambda$executeRecursively$5(NodeTestTask.java:143) ~[junit-platform-engine-1.7.2.jar:1.7.2]
	at org.junit.platform.engine.support.hierarchical.ThrowableCollector.execute(ThrowableCollector.java:73) ~[junit-platform-engine-1.7.2.jar:1.7.2]
	at org.junit.platform.engine.support.hierarchical.NodeTestTask.lambda$executeRecursively$7(NodeTestTask.java:129) ~[junit-platform-engine-1.7.2.jar:1.7.2]
	at org.junit.platform.engine.support.hierarchical.Node.around(Node.java:137) ~[junit-platform-engine-1.7.2.jar:1.7.2]
	at org.junit.platform.engine.support.hierarchical.NodeTestTask.lambda$executeRecursively$8(NodeTestTask.java:127) ~[junit-platform-engine-1.7.2.jar:1.7.2]
	at org.junit.platform.engine.support.hierarchical.ThrowableCollector.execute(ThrowableCollector.java:73) [junit-platform-engine-1.7.2.jar:1.7.2]
	at org.junit.platform.engine.support.hierarchical.NodeTestTask.executeRecursively(NodeTestTask.java:126) [junit-platform-engine-1.7.2.jar:1.7.2]
	at org.junit.platform.engine.support.hierarchical.NodeTestTask.execute(NodeTestTask.java:84) [junit-platform-engine-1.7.2.jar:1.7.2]
	at org.junit.platform.engine.support.hierarchical.SameThreadHierarchicalTestExecutorService.submit(SameThreadHierarchicalTestExecutorService.java:32) [junit-platform-engine-1.7.2.jar:1.7.2]
	at org.junit.platform.engine.support.hierarchical.HierarchicalTestExecutor.execute(HierarchicalTestExecutor.java:57) [junit-platform-engine-1.7.2.jar:1.7.2]
	at org.junit.platform.engine.support.hierarchical.HierarchicalTestEngine.execute(HierarchicalTestEngine.java:51) [junit-platform-engine-1.7.2.jar:1.7.2]
	at org.junit.platform.launcher.core.DefaultLauncher.execute(DefaultLauncher.java:170) [junit-platform-launcher-1.2.0.jar:1.2.0]
	at org.junit.platform.launcher.core.DefaultLauncher.execute(DefaultLauncher.java:154) [junit-platform-launcher-1.2.0.jar:1.2.0]
	at org.junit.platform.launcher.core.DefaultLauncher.execute(DefaultLauncher.java:90) [junit-platform-launcher-1.2.0.jar:1.2.0]
	at org.junit.platform.surefire.provider.JUnitPlatformProvider.invokeAllTests(JUnitPlatformProvider.java:132) [junit-platform-surefire-provider-1.2.0.jar:1.2.0]
	at org.junit.platform.surefire.provider.JUnitPlatformProvider.invoke(JUnitPlatformProvider.java:111) [junit-platform-surefire-provider-1.2.0.jar:1.2.0]
	at org.apache.maven.surefire.booter.ForkedBooter.invokeProviderInSameClassLoader(ForkedBooter.java:379) [surefire-booter-2.21.0.jar:2.21.0]
	at org.apache.maven.surefire.booter.ForkedBooter.runSuitesInProcess(ForkedBooter.java:340) [surefire-booter-2.21.0.jar:2.21.0]
	at org.apache.maven.surefire.booter.ForkedBooter.execute(ForkedBooter.java:125) [surefire-booter-2.21.0.jar:2.21.0]
	at org.apache.maven.surefire.booter.ForkedBooter.main(ForkedBooter.java:413) [surefire-booter-2.21.0.jar:2.21.0]
2025-02-10 21:44:29 [main] INFO : Please select vehicle type from menu
2025-02-10 21:44:30 [main] INFO : 1 CAR
2025-02-10 21:44:30 [main] INFO : 2 BIKE
2025-02-10 21:44:30 [main] INFO : Incorrect input provided
2025-02-10 21:44:30 [main] ERROR: Error parsing user input for type of vehicle
java.lang.IllegalArgumentException: Entered input is invalid
	at com.parkit.parkingsystem.service.ParkingService.getVehichleType(ParkingService.java:142) ~[classes/:?]
	at com.parkit.parkingsystem.service.ParkingService.getNextParkingNumberIfAvailable(ParkingService.java:112) ~[classes/:?]
	at com.parkit.parkingsystem.ParkingServiceTest.testGetNextParkingNumberIfAvailableParkingNumberNotFound(ParkingServiceTest.java:135) ~[test-classes/:?]
	at jdk.internal.reflect.DirectMethodHandleAccessor.invoke(DirectMethodHandleAccessor.java:103) ~[?:?]
	at java.lang.reflect.Method.invoke(Method.java:580) ~[?:?]
	at org.junit.platform.commons.util.ReflectionUtils.invokeMethod(ReflectionUtils.java:688) ~[junit-platform-commons-1.7.2.jar:1.7.2]
	at org.junit.jupiter.engine.execution.MethodInvocation.proceed(MethodInvocation.java:60) ~[junit-jupiter-engine-5.7.2.jar:5.7.2]
	at org.junit.jupiter.engine.execution.InvocationInterceptorChain$ValidatingInvocation.proceed(InvocationInterceptorChain.java:131) ~[junit-jupiter-engine-5.7.2.jar:5.7.2]
	at org.junit.jupiter.engine.extension.TimeoutExtension.intercept(TimeoutExtension.java:149) ~[junit-jupiter-engine-5.7.2.jar:5.7.2]
	at org.junit.jupiter.engine.extension.TimeoutExtension.interceptTestableMethod(TimeoutExtension.java:140) ~[junit-jupiter-engine-5.7.2.jar:5.7.2]
	at org.junit.jupiter.engine.extension.TimeoutExtension.interceptTestMethod(TimeoutExtension.java:84) ~[junit-jupiter-engine-5.7.2.jar:5.7.2]
	at org.junit.jupiter.engine.execution.ExecutableInvoker$ReflectiveInterceptorCall.lambda$ofVoidMethod$0(ExecutableInvoker.java:115) ~[junit-jupiter-engine-5.7.2.jar:5.7.2]
	at org.junit.jupiter.engine.execution.ExecutableInvoker.lambda$invoke$0(ExecutableInvoker.java:105) ~[junit-jupiter-engine-5.7.2.jar:5.7.2]
	at org.junit.jupiter.engine.execution.InvocationInterceptorChain$InterceptedInvocation.proceed(InvocationInterceptorChain.java:106) ~[junit-jupiter-engine-5.7.2.jar:5.7.2]
	at org.junit.jupiter.engine.execution.InvocationInterceptorChain.proceed(InvocationInterceptorChain.java:64) ~[junit-jupiter-engine-5.7.2.jar:5.7.2]
	at org.junit.jupiter.engine.execution.InvocationInterceptorChain.chainAndInvoke(InvocationInterceptorChain.java:45) ~[junit-jupiter-engine-5.7.2.jar:5.7.2]
	at org.junit.jupiter.engine.execution.InvocationInterceptorChain.invoke(InvocationInterceptorChain.java:37) ~[junit-jupiter-engine-5.7.2.jar:5.7.2]
	at org.junit.jupiter.engine.execution.ExecutableInvoker.invoke(ExecutableInvoker.java:104) ~[junit-jupiter-engine-5.7.2.jar:5.7.2]
	at org.junit.jupiter.engine.execution.ExecutableInvoker.invoke(ExecutableInvoker.java:98) ~[junit-jupiter-engine-5.7.2.jar:5.7.2]
	at org.junit.jupiter.engine.descriptor.TestMethodTestDescriptor.lambda$invokeTestMethod$6(TestMethodTestDescriptor.java:210) ~[junit-jupiter-engine-5.7.2.jar:5.7.2]
	at org.junit.platform.engine.support.hierarchical.ThrowableCollector.execute(ThrowableCollector.java:73) ~[junit-platform-engine-1.7.2.jar:1.7.2]
	at org.junit.jupiter.engine.descriptor.TestMethodTestDescriptor.invokeTestMethod(TestMethodTestDescriptor.java:206) ~[junit-jupiter-engine-5.7.2.jar:5.7.2]
	at org.junit.jupiter.engine.descriptor.TestMethodTestDescriptor.execute(TestMethodTestDescriptor.java:131) ~[junit-jupiter-engine-5.7.2.jar:5.7.2]
	at org.junit.jupiter.engine.descriptor.TestMethodTestDescriptor.execute(TestMethodTestDescriptor.java:65) ~[junit-jupiter-engine-5.7.2.jar:5.7.2]
	at org.junit.platform.engine.support.hierarchical.NodeTestTask.lambda$executeRecursively$5(NodeTestTask.java:139) ~[junit-platform-engine-1.7.2.jar:1.7.2]
	at org.junit.platform.engine.support.hierarchical.ThrowableCollector.execute(ThrowableCollector.java:73) ~[junit-platform-engine-1.7.2.jar:1.7.2]
	at org.junit.platform.engine.support.hierarchical.NodeTestTask.lambda$executeRecursively$7(NodeTestTask.java:129) ~[junit-platform-engine-1.7.2.jar:1.7.2]
	at org.junit.platform.engine.support.hierarchical.Node.around(Node.java:137) ~[junit-platform-engine-1.7.2.jar:1.7.2]
	at org.junit.platform.engine.support.hierarchical.NodeTestTask.lambda$executeRecursively$8(NodeTestTask.java:127) ~[junit-platform-engine-1.7.2.jar:1.7.2]
	at org.junit.platform.engine.support.hierarchical.ThrowableCollector.execute(ThrowableCollector.java:73) ~[junit-platform-engine-1.7.2.jar:1.7.2]
	at org.junit.platform.engine.support.hierarchical.NodeTestTask.executeRecursively(NodeTestTask.java:126) ~[junit-platform-engine-1.7.2.jar:1.7.2]
	at org.junit.platform.engine.support.hierarchical.NodeTestTask.execute(NodeTestTask.java:84) ~[junit-platform-engine-1.7.2.jar:1.7.2]
	at java.util.ArrayList.forEach(ArrayList.java:1597) ~[?:?]
	at org.junit.platform.engine.support.hierarchical.SameThreadHierarchicalTestExecutorService.invokeAll(SameThreadHierarchicalTestExecutorService.java:38) ~[junit-platform-engine-1.7.2.jar:1.7.2]
	at org.junit.platform.engine.support.hierarchical.NodeTestTask.lambda$executeRecursively$5(NodeTestTask.java:143) ~[junit-platform-engine-1.7.2.jar:1.7.2]
	at org.junit.platform.engine.support.hierarchical.ThrowableCollector.execute(ThrowableCollector.java:73) ~[junit-platform-engine-1.7.2.jar:1.7.2]
	at org.junit.platform.engine.support.hierarchical.NodeTestTask.lambda$executeRecursively$7(NodeTestTask.java:129) ~[junit-platform-engine-1.7.2.jar:1.7.2]
	at org.junit.platform.engine.support.hierarchical.Node.around(Node.java:137) ~[junit-platform-engine-1.7.2.jar:1.7.2]
	at org.junit.platform.engine.support.hierarchical.NodeTestTask.lambda$executeRecursively$8(NodeTestTask.java:127) ~[junit-platform-engine-1.7.2.jar:1.7.2]
	at org.junit.platform.engine.support.hierarchical.ThrowableCollector.execute(ThrowableCollector.java:73) ~[junit-platform-engine-1.7.2.jar:1.7.2]
	at org.junit.platform.engine.support.hierarchical.NodeTestTask.executeRecursively(NodeTestTask.java:126) ~[junit-platform-engine-1.7.2.jar:1.7.2]
	at org.junit.platform.engine.support.hierarchical.NodeTestTask.execute(NodeTestTask.java:84) ~[junit-platform-engine-1.7.2.jar:1.7.2]
	at java.util.ArrayList.forEach(ArrayList.java:1597) ~[?:?]
	at org.junit.platform.engine.support.hierarchical.SameThreadHierarchicalTestExecutorService.invokeAll(SameThreadHierarchicalTestExecutorService.java:38) ~[junit-platform-engine-1.7.2.jar:1.7.2]
	at org.junit.platform.engine.support.hierarchical.NodeTestTask.lambda$executeRecursively$5(NodeTestTask.java:143) ~[junit-platform-engine-1.7.2.jar:1.7.2]
	at org.junit.platform.engine.support.hierarchical.ThrowableCollector.execute(ThrowableCollector.java:73) ~[junit-platform-engine-1.7.2.jar:1.7.2]
	at org.junit.platform.engine.support.hierarchical.NodeTestTask.lambda$executeRecursively$7(NodeTestTask.java:129) ~[junit-platform-engine-1.7.2.jar:1.7.2]
	at org.junit.platform.engine.support.hierarchical.Node.around(Node.java:137) ~[junit-platform-engine-1.7.2.jar:1.7.2]
	at org.junit.platform.engine.support.hierarchical.NodeTestTask.lambda$executeRecursively$8(NodeTestTask.java:127) ~[junit-platform-engine-1.7.2.jar:1.7.2]
	at org.junit.platform.engine.support.hierarchical.ThrowableCollector.execute(ThrowableCollector.java:73) [junit-platform-engine-1.7.2.jar:1.7.2]
	at org.junit.platform.engine.support.hierarchical.NodeTestTask.executeRecursively(NodeTestTask.java:126) [junit-platform-engine-1.7.2.jar:1.7.2]
	at org.junit.platform.engine.support.hierarchical.NodeTestTask.execute(NodeTestTask.java:84) [junit-platform-engine-1.7.2.jar:1.7.2]
	at org.junit.platform.engine.support.hierarchical.SameThreadHierarchicalTestExecutorService.submit(SameThreadHierarchicalTestExecutorService.java:32) [junit-platform-engine-1.7.2.jar:1.7.2]
	at org.junit.platform.engine.support.hierarchical.HierarchicalTestExecutor.execute(HierarchicalTestExecutor.java:57) [junit-platform-engine-1.7.2.jar:1.7.2]
	at org.junit.platform.engine.support.hierarchical.HierarchicalTestEngine.execute(HierarchicalTestEngine.java:51) [junit-platform-engine-1.7.2.jar:1.7.2]
	at org.junit.platform.launcher.core.DefaultLauncher.execute(DefaultLauncher.java:170) [junit-platform-launcher-1.2.0.jar:1.2.0]
	at org.junit.platform.launcher.core.DefaultLauncher.execute(DefaultLauncher.java:154) [junit-platform-launcher-1.2.0.jar:1.2.0]
	at org.junit.platform.launcher.core.DefaultLauncher.execute(DefaultLauncher.java:90) [junit-platform-launcher-1.2.0.jar:1.2.0]
	at org.junit.platform.surefire.provider.JUnitPlatformProvider.invokeAllTests(JUnitPlatformProvider.java:132) [junit-platform-surefire-provider-1.2.0.jar:1.2.0]
	at org.junit.platform.surefire.provider.JUnitPlatformProvider.invoke(JUnitPlatformProvider.java:111) [junit-platform-surefire-provider-1.2.0.jar:1.2.0]
	at org.apache.maven.surefire.booter.ForkedBooter.invokeProviderInSameClassLoader(ForkedBooter.java:379) [surefire-booter-2.21.0.jar:2.21.0]
	at org.apache.maven.surefire.booter.ForkedBooter.runSuitesInProcess(ForkedBooter.java:340) [surefire-booter-2.21.0.jar:2.21.0]
	at org.apache.maven.surefire.booter.ForkedBooter.execute(ForkedBooter.java:125) [surefire-booter-2.21.0.jar:2.21.0]
	at org.apache.maven.surefire.booter.ForkedBooter.main(ForkedBooter.java:413) [surefire-booter-2.21.0.jar:2.21.0]
2025-02-10 21:44:30 [main] ERROR: Unable to process exiting vehicle
java.lang.NullPointerException: Cannot invoke "Object.getClass()" because "date" is null
	at java.util.Date.getMillisOf(Date.java:956) ~[?:?]
	at java.util.Date.before(Date.java:915) ~[?:?]
	at com.parkit.parkingsystem.service.FareCalculatorService.calculateFare(FareCalculatorService.java:15) ~[classes/:?]
	at com.parkit.parkingsystem.service.ParkingService.processExitingVehicle(ParkingService.java:154) ~[classes/:?]
	at com.parkit.parkingsystem.ParkingServiceTest.processExitingVehicleTestUnableUpdate(ParkingServiceTest.java:107) ~[test-classes/:?]
	at jdk.internal.reflect.DirectMethodHandleAccessor.invoke(DirectMethodHandleAccessor.java:103) ~[?:?]
	at java.lang.reflect.Method.invoke(Method.java:580) ~[?:?]
	at org.junit.platform.commons.util.ReflectionUtils.invokeMethod(ReflectionUtils.java:688) ~[junit-platform-commons-1.7.2.jar:1.7.2]
	at org.junit.jupiter.engine.execution.MethodInvocation.proceed(MethodInvocation.java:60) ~[junit-jupiter-engine-5.7.2.jar:5.7.2]
	at org.junit.jupiter.engine.execution.InvocationInterceptorChain$ValidatingInvocation.proceed(InvocationInterceptorChain.java:131) ~[junit-jupiter-engine-5.7.2.jar:5.7.2]
	at org.junit.jupiter.engine.extension.TimeoutExtension.intercept(TimeoutExtension.java:149) ~[junit-jupiter-engine-5.7.2.jar:5.7.2]
	at org.junit.jupiter.engine.extension.TimeoutExtension.interceptTestableMethod(TimeoutExtension.java:140) ~[junit-jupiter-engine-5.7.2.jar:5.7.2]
	at org.junit.jupiter.engine.extension.TimeoutExtension.interceptTestMethod(TimeoutExtension.java:84) ~[junit-jupiter-engine-5.7.2.jar:5.7.2]
	at org.junit.jupiter.engine.execution.ExecutableInvoker$ReflectiveInterceptorCall.lambda$ofVoidMethod$0(ExecutableInvoker.java:115) ~[junit-jupiter-engine-5.7.2.jar:5.7.2]
	at org.junit.jupiter.engine.execution.ExecutableInvoker.lambda$invoke$0(ExecutableInvoker.java:105) ~[junit-jupiter-engine-5.7.2.jar:5.7.2]
	at org.junit.jupiter.engine.execution.InvocationInterceptorChain$InterceptedInvocation.proceed(InvocationInterceptorChain.java:106) ~[junit-jupiter-engine-5.7.2.jar:5.7.2]
	at org.junit.jupiter.engine.execution.InvocationInterceptorChain.proceed(InvocationInterceptorChain.java:64) ~[junit-jupiter-engine-5.7.2.jar:5.7.2]
	at org.junit.jupiter.engine.execution.InvocationInterceptorChain.chainAndInvoke(InvocationInterceptorChain.java:45) ~[junit-jupiter-engine-5.7.2.jar:5.7.2]
	at org.junit.jupiter.engine.execution.InvocationInterceptorChain.invoke(InvocationInterceptorChain.java:37) ~[junit-jupiter-engine-5.7.2.jar:5.7.2]
	at org.junit.jupiter.engine.execution.ExecutableInvoker.invoke(ExecutableInvoker.java:104) ~[junit-jupiter-engine-5.7.2.jar:5.7.2]
	at org.junit.jupiter.engine.execution.ExecutableInvoker.invoke(ExecutableInvoker.java:98) ~[junit-jupiter-engine-5.7.2.jar:5.7.2]
	at org.junit.jupiter.engine.descriptor.TestMethodTestDescriptor.lambda$invokeTestMethod$6(TestMethodTestDescriptor.java:210) ~[junit-jupiter-engine-5.7.2.jar:5.7.2]
	at org.junit.platform.engine.support.hierarchical.ThrowableCollector.execute(ThrowableCollector.java:73) ~[junit-platform-engine-1.7.2.jar:1.7.2]
	at org.junit.jupiter.engine.descriptor.TestMethodTestDescriptor.invokeTestMethod(TestMethodTestDescriptor.java:206) ~[junit-jupiter-engine-5.7.2.jar:5.7.2]
	at org.junit.jupiter.engine.descriptor.TestMethodTestDescriptor.execute(TestMethodTestDescriptor.java:131) ~[junit-jupiter-engine-5.7.2.jar:5.7.2]
	at org.junit.jupiter.engine.descriptor.TestMethodTestDescriptor.execute(TestMethodTestDescriptor.java:65) ~[junit-jupiter-engine-5.7.2.jar:5.7.2]
	at org.junit.platform.engine.support.hierarchical.NodeTestTask.lambda$executeRecursively$5(NodeTestTask.java:139) ~[junit-platform-engine-1.7.2.jar:1.7.2]
	at org.junit.platform.engine.support.hierarchical.ThrowableCollector.execute(ThrowableCollector.java:73) ~[junit-platform-engine-1.7.2.jar:1.7.2]
	at org.junit.platform.engine.support.hierarchical.NodeTestTask.lambda$executeRecursively$7(NodeTestTask.java:129) ~[junit-platform-engine-1.7.2.jar:1.7.2]
	at org.junit.platform.engine.support.hierarchical.Node.around(Node.java:137) ~[junit-platform-engine-1.7.2.jar:1.7.2]
	at org.junit.platform.engine.support.hierarchical.NodeTestTask.lambda$executeRecursively$8(NodeTestTask.java:127) ~[junit-platform-engine-1.7.2.jar:1.7.2]
	at org.junit.platform.engine.support.hierarchical.ThrowableCollector.execute(ThrowableCollector.java:73) ~[junit-platform-engine-1.7.2.jar:1.7.2]
	at org.junit.platform.engine.support.hierarchical.NodeTestTask.executeRecursively(NodeTestTask.java:126) ~[junit-platform-engine-1.7.2.jar:1.7.2]
	at org.junit.platform.engine.support.hierarchical.NodeTestTask.execute(NodeTestTask.java:84) ~[junit-platform-engine-1.7.2.jar:1.7.2]
	at java.util.ArrayList.forEach(ArrayList.java:1597) ~[?:?]
	at org.junit.platform.engine.support.hierarchical.SameThreadHierarchicalTestExecutorService.invokeAll(SameThreadHierarchicalTestExecutorService.java:38) ~[junit-platform-engine-1.7.2.jar:1.7.2]
	at org.junit.platform.engine.support.hierarchical.NodeTestTask.lambda$executeRecursively$5(NodeTestTask.java:143) ~[junit-platform-engine-1.7.2.jar:1.7.2]
	at org.junit.platform.engine.support.hierarchical.ThrowableCollector.execute(ThrowableCollector.java:73) ~[junit-platform-engine-1.7.2.jar:1.7.2]
	at org.junit.platform.engine.support.hierarchical.NodeTestTask.lambda$executeRecursively$7(NodeTestTask.java:129) ~[junit-platform-engine-1.7.2.jar:1.7.2]
	at org.junit.platform.engine.support.hierarchical.Node.around(Node.java:137) ~[junit-platform-engine-1.7.2.jar:1.7.2]
	at org.junit.platform.engine.support.hierarchical.NodeTestTask.lambda$executeRecursively$8(NodeTestTask.java:127) ~[junit-platform-engine-1.7.2.jar:1.7.2]
	at org.junit.platform.engine.support.hierarchical.ThrowableCollector.execute(ThrowableCollector.java:73) ~[junit-platform-engine-1.7.2.jar:1.7.2]
	at org.junit.platform.engine.support.hierarchical.NodeTestTask.executeRecursively(NodeTestTask.java:126) ~[junit-platform-engine-1.7.2.jar:1.7.2]
	at org.junit.platform.engine.support.hierarchical.NodeTestTask.execute(NodeTestTask.java:84) ~[junit-platform-engine-1.7.2.jar:1.7.2]
	at java.util.ArrayList.forEach(ArrayList.java:1597) ~[?:?]
	at org.junit.platform.engine.support.hierarchical.SameThreadHierarchicalTestExecutorService.invokeAll(SameThreadHierarchicalTestExecutorService.java:38) ~[junit-platform-engine-1.7.2.jar:1.7.2]
	at org.junit.platform.engine.support.hierarchical.NodeTestTask.lambda$executeRecursively$5(NodeTestTask.java:143) ~[junit-platform-engine-1.7.2.jar:1.7.2]
	at org.junit.platform.engine.support.hierarchical.ThrowableCollector.execute(ThrowableCollector.java:73) ~[junit-platform-engine-1.7.2.jar:1.7.2]
	at org.junit.platform.engine.support.hierarchical.NodeTestTask.lambda$executeRecursively$7(NodeTestTask.java:129) ~[junit-platform-engine-1.7.2.jar:1.7.2]
	at org.junit.platform.engine.support.hierarchical.Node.around(Node.java:137) ~[junit-platform-engine-1.7.2.jar:1.7.2]
	at org.junit.platform.engine.support.hierarchical.NodeTestTask.lambda$executeRecursively$8(NodeTestTask.java:127) ~[junit-platform-engine-1.7.2.jar:1.7.2]
	at org.junit.platform.engine.support.hierarchical.ThrowableCollector.execute(ThrowableCollector.java:73) [junit-platform-engine-1.7.2.jar:1.7.2]
	at org.junit.platform.engine.support.hierarchical.NodeTestTask.executeRecursively(NodeTestTask.java:126) [junit-platform-engine-1.7.2.jar:1.7.2]
	at org.junit.platform.engine.support.hierarchical.NodeTestTask.execute(NodeTestTask.java:84) [junit-platform-engine-1.7.2.jar:1.7.2]
	at org.junit.platform.engine.support.hierarchical.SameThreadHierarchicalTestExecutorService.submit(SameThreadHierarchicalTestExecutorService.java:32) [junit-platform-engine-1.7.2.jar:1.7.2]
	at org.junit.platform.engine.support.hierarchical.HierarchicalTestExecutor.execute(HierarchicalTestExecutor.java:57) [junit-platform-engine-1.7.2.jar:1.7.2]
	at org.junit.platform.engine.support.hierarchical.HierarchicalTestEngine.execute(HierarchicalTestEngine.java:51) [junit-platform-engine-1.7.2.jar:1.7.2]
	at org.junit.platform.launcher.core.DefaultLauncher.execute(DefaultLauncher.java:170) [junit-platform-launcher-1.2.0.jar:1.2.0]
	at org.junit.platform.launcher.core.DefaultLauncher.execute(DefaultLauncher.java:154) [junit-platform-launcher-1.2.0.jar:1.2.0]
	at org.junit.platform.launcher.core.DefaultLauncher.execute(DefaultLauncher.java:90) [junit-platform-launcher-1.2.0.jar:1.2.0]
	at org.junit.platform.surefire.provider.JUnitPlatformProvider.invokeAllTests(JUnitPlatformProvider.java:132) [junit-platform-surefire-provider-1.2.0.jar:1.2.0]
	at org.junit.platform.surefire.provider.JUnitPlatformProvider.invoke(JUnitPlatformProvider.java:111) [junit-platform-surefire-provider-1.2.0.jar:1.2.0]
	at org.apache.maven.surefire.booter.ForkedBooter.invokeProviderInSameClassLoader(ForkedBooter.java:379) [surefire-booter-2.21.0.jar:2.21.0]
	at org.apache.maven.surefire.booter.ForkedBooter.runSuitesInProcess(ForkedBooter.java:340) [surefire-booter-2.21.0.jar:2.21.0]
	at org.apache.maven.surefire.booter.ForkedBooter.execute(ForkedBooter.java:125) [surefire-booter-2.21.0.jar:2.21.0]
	at org.apache.maven.surefire.booter.ForkedBooter.main(ForkedBooter.java:413) [surefire-booter-2.21.0.jar:2.21.0]
2025-02-10 21:44:30 [main] INFO : Please select vehicle type from menu
2025-02-10 21:44:30 [main] INFO : 1 CAR
2025-02-10 21:44:30 [main] INFO : 2 BIKE
2025-02-10 21:44:30 [main] ERROR: Error fetching parking number from DB. Parking slots might be full
2025-02-10 21:44:30 [main] INFO : Please select vehicle type from menu
2025-02-10 21:44:30 [main] INFO : 1 CAR
2025-02-10 21:44:30 [main] INFO : 2 BIKE
2025-02-10 21:44:30 [main] INFO : Next available parking number is: 1
2025-02-10 21:44:30 [main] ERROR: Unable to process exiting vehicle
java.lang.NullPointerException: Cannot invoke "Object.getClass()" because "date" is null
	at java.util.Date.getMillisOf(Date.java:956) ~[?:?]
	at java.util.Date.before(Date.java:915) ~[?:?]
	at com.parkit.parkingsystem.service.FareCalculatorService.calculateFare(FareCalculatorService.java:15) ~[classes/:?]
	at com.parkit.parkingsystem.service.ParkingService.processExitingVehicle(ParkingService.java:154) ~[classes/:?]
	at com.parkit.parkingsystem.ParkingServiceTest.processExitingVehicleTest(ParkingServiceTest.java:69) ~[test-classes/:?]
	at jdk.internal.reflect.DirectMethodHandleAccessor.invoke(DirectMethodHandleAccessor.java:103) ~[?:?]
	at java.lang.reflect.Method.invoke(Method.java:580) ~[?:?]
	at org.junit.platform.commons.util.ReflectionUtils.invokeMethod(ReflectionUtils.java:688) ~[junit-platform-commons-1.7.2.jar:1.7.2]
	at org.junit.jupiter.engine.execution.MethodInvocation.proceed(MethodInvocation.java:60) ~[junit-jupiter-engine-5.7.2.jar:5.7.2]
	at org.junit.jupiter.engine.execution.InvocationInterceptorChain$ValidatingInvocation.proceed(InvocationInterceptorChain.java:131) ~[junit-jupiter-engine-5.7.2.jar:5.7.2]
	at org.junit.jupiter.engine.extension.TimeoutExtension.intercept(TimeoutExtension.java:149) ~[junit-jupiter-engine-5.7.2.jar:5.7.2]
	at org.junit.jupiter.engine.extension.TimeoutExtension.interceptTestableMethod(TimeoutExtension.java:140) ~[junit-jupiter-engine-5.7.2.jar:5.7.2]
	at org.junit.jupiter.engine.extension.TimeoutExtension.interceptTestMethod(TimeoutExtension.java:84) ~[junit-jupiter-engine-5.7.2.jar:5.7.2]
	at org.junit.jupiter.engine.execution.ExecutableInvoker$ReflectiveInterceptorCall.lambda$ofVoidMethod$0(ExecutableInvoker.java:115) ~[junit-jupiter-engine-5.7.2.jar:5.7.2]
	at org.junit.jupiter.engine.execution.ExecutableInvoker.lambda$invoke$0(ExecutableInvoker.java:105) ~[junit-jupiter-engine-5.7.2.jar:5.7.2]
	at org.junit.jupiter.engine.execution.InvocationInterceptorChain$InterceptedInvocation.proceed(InvocationInterceptorChain.java:106) ~[junit-jupiter-engine-5.7.2.jar:5.7.2]
	at org.junit.jupiter.engine.execution.InvocationInterceptorChain.proceed(InvocationInterceptorChain.java:64) ~[junit-jupiter-engine-5.7.2.jar:5.7.2]
	at org.junit.jupiter.engine.execution.InvocationInterceptorChain.chainAndInvoke(InvocationInterceptorChain.java:45) ~[junit-jupiter-engine-5.7.2.jar:5.7.2]
	at org.junit.jupiter.engine.execution.InvocationInterceptorChain.invoke(InvocationInterceptorChain.java:37) ~[junit-jupiter-engine-5.7.2.jar:5.7.2]
	at org.junit.jupiter.engine.execution.ExecutableInvoker.invoke(ExecutableInvoker.java:104) ~[junit-jupiter-engine-5.7.2.jar:5.7.2]
	at org.junit.jupiter.engine.execution.ExecutableInvoker.invoke(ExecutableInvoker.java:98) ~[junit-jupiter-engine-5.7.2.jar:5.7.2]
	at org.junit.jupiter.engine.descriptor.TestMethodTestDescriptor.lambda$invokeTestMethod$6(TestMethodTestDescriptor.java:210) ~[junit-jupiter-engine-5.7.2.jar:5.7.2]
	at org.junit.platform.engine.support.hierarchical.ThrowableCollector.execute(ThrowableCollector.java:73) ~[junit-platform-engine-1.7.2.jar:1.7.2]
	at org.junit.jupiter.engine.descriptor.TestMethodTestDescriptor.invokeTestMethod(TestMethodTestDescriptor.java:206) ~[junit-jupiter-engine-5.7.2.jar:5.7.2]
	at org.junit.jupiter.engine.descriptor.TestMethodTestDescriptor.execute(TestMethodTestDescriptor.java:131) ~[junit-jupiter-engine-5.7.2.jar:5.7.2]
	at org.junit.jupiter.engine.descriptor.TestMethodTestDescriptor.execute(TestMethodTestDescriptor.java:65) ~[junit-jupiter-engine-5.7.2.jar:5.7.2]
	at org.junit.platform.engine.support.hierarchical.NodeTestTask.lambda$executeRecursively$5(NodeTestTask.java:139) ~[junit-platform-engine-1.7.2.jar:1.7.2]
	at org.junit.platform.engine.support.hierarchical.ThrowableCollector.execute(ThrowableCollector.java:73) ~[junit-platform-engine-1.7.2.jar:1.7.2]
	at org.junit.platform.engine.support.hierarchical.NodeTestTask.lambda$executeRecursively$7(NodeTestTask.java:129) ~[junit-platform-engine-1.7.2.jar:1.7.2]
	at org.junit.platform.engine.support.hierarchical.Node.around(Node.java:137) ~[junit-platform-engine-1.7.2.jar:1.7.2]
	at org.junit.platform.engine.support.hierarchical.NodeTestTask.lambda$executeRecursively$8(NodeTestTask.java:127) ~[junit-platform-engine-1.7.2.jar:1.7.2]
	at org.junit.platform.engine.support.hierarchical.ThrowableCollector.execute(ThrowableCollector.java:73) ~[junit-platform-engine-1.7.2.jar:1.7.2]
	at org.junit.platform.engine.support.hierarchical.NodeTestTask.executeRecursively(NodeTestTask.java:126) ~[junit-platform-engine-1.7.2.jar:1.7.2]
	at org.junit.platform.engine.support.hierarchical.NodeTestTask.execute(NodeTestTask.java:84) ~[junit-platform-engine-1.7.2.jar:1.7.2]
	at java.util.ArrayList.forEach(ArrayList.java:1597) ~[?:?]
	at org.junit.platform.engine.support.hierarchical.SameThreadHierarchicalTestExecutorService.invokeAll(SameThreadHierarchicalTestExecutorService.java:38) ~[junit-platform-engine-1.7.2.jar:1.7.2]
	at org.junit.platform.engine.support.hierarchical.NodeTestTask.lambda$executeRecursively$5(NodeTestTask.java:143) ~[junit-platform-engine-1.7.2.jar:1.7.2]
	at org.junit.platform.engine.support.hierarchical.ThrowableCollector.execute(ThrowableCollector.java:73) ~[junit-platform-engine-1.7.2.jar:1.7.2]
	at org.junit.platform.engine.support.hierarchical.NodeTestTask.lambda$executeRecursively$7(NodeTestTask.java:129) ~[junit-platform-engine-1.7.2.jar:1.7.2]
	at org.junit.platform.engine.support.hierarchical.Node.around(Node.java:137) ~[junit-platform-engine-1.7.2.jar:1.7.2]
	at org.junit.platform.engine.support.hierarchical.NodeTestTask.lambda$executeRecursively$8(NodeTestTask.java:127) ~[junit-platform-engine-1.7.2.jar:1.7.2]
	at org.junit.platform.engine.support.hierarchical.ThrowableCollector.execute(ThrowableCollector.java:73) ~[junit-platform-engine-1.7.2.jar:1.7.2]
	at org.junit.platform.engine.support.hierarchical.NodeTestTask.executeRecursively(NodeTestTask.java:126) ~[junit-platform-engine-1.7.2.jar:1.7.2]
	at org.junit.platform.engine.support.hierarchical.NodeTestTask.execute(NodeTestTask.java:84) ~[junit-platform-engine-1.7.2.jar:1.7.2]
	at java.util.ArrayList.forEach(ArrayList.java:1597) ~[?:?]
	at org.junit.platform.engine.support.hierarchical.SameThreadHierarchicalTestExecutorService.invokeAll(SameThreadHierarchicalTestExecutorService.java:38) ~[junit-platform-engine-1.7.2.jar:1.7.2]
	at org.junit.platform.engine.support.hierarchical.NodeTestTask.lambda$executeRecursively$5(NodeTestTask.java:143) ~[junit-platform-engine-1.7.2.jar:1.7.2]
	at org.junit.platform.engine.support.hierarchical.ThrowableCollector.execute(ThrowableCollector.java:73) ~[junit-platform-engine-1.7.2.jar:1.7.2]
	at org.junit.platform.engine.support.hierarchical.NodeTestTask.lambda$executeRecursively$7(NodeTestTask.java:129) ~[junit-platform-engine-1.7.2.jar:1.7.2]
	at org.junit.platform.engine.support.hierarchical.Node.around(Node.java:137) ~[junit-platform-engine-1.7.2.jar:1.7.2]
	at org.junit.platform.engine.support.hierarchical.NodeTestTask.lambda$executeRecursively$8(NodeTestTask.java:127) ~[junit-platform-engine-1.7.2.jar:1.7.2]
	at org.junit.platform.engine.support.hierarchical.ThrowableCollector.execute(ThrowableCollector.java:73) [junit-platform-engine-1.7.2.jar:1.7.2]
	at org.junit.platform.engine.support.hierarchical.NodeTestTask.executeRecursively(NodeTestTask.java:126) [junit-platform-engine-1.7.2.jar:1.7.2]
	at org.junit.platform.engine.support.hierarchical.NodeTestTask.execute(NodeTestTask.java:84) [junit-platform-engine-1.7.2.jar:1.7.2]
	at org.junit.platform.engine.support.hierarchical.SameThreadHierarchicalTestExecutorService.submit(SameThreadHierarchicalTestExecutorService.java:32) [junit-platform-engine-1.7.2.jar:1.7.2]
	at org.junit.platform.engine.support.hierarchical.HierarchicalTestExecutor.execute(HierarchicalTestExecutor.java:57) [junit-platform-engine-1.7.2.jar:1.7.2]
	at org.junit.platform.engine.support.hierarchical.HierarchicalTestEngine.execute(HierarchicalTestEngine.java:51) [junit-platform-engine-1.7.2.jar:1.7.2]
	at org.junit.platform.launcher.core.DefaultLauncher.execute(DefaultLauncher.java:170) [junit-platform-launcher-1.2.0.jar:1.2.0]
	at org.junit.platform.launcher.core.DefaultLauncher.execute(DefaultLauncher.java:154) [junit-platform-launcher-1.2.0.jar:1.2.0]
	at org.junit.platform.launcher.core.DefaultLauncher.execute(DefaultLauncher.java:90) [junit-platform-launcher-1.2.0.jar:1.2.0]
	at org.junit.platform.surefire.provider.JUnitPlatformProvider.invokeAllTests(JUnitPlatformProvider.java:132) [junit-platform-surefire-provider-1.2.0.jar:1.2.0]
	at org.junit.platform.surefire.provider.JUnitPlatformProvider.invoke(JUnitPlatformProvider.java:111) [junit-platform-surefire-provider-1.2.0.jar:1.2.0]
	at org.apache.maven.surefire.booter.ForkedBooter.invokeProviderInSameClassLoader(ForkedBooter.java:379) [surefire-booter-2.21.0.jar:2.21.0]
	at org.apache.maven.surefire.booter.ForkedBooter.runSuitesInProcess(ForkedBooter.java:340) [surefire-booter-2.21.0.jar:2.21.0]
	at org.apache.maven.surefire.booter.ForkedBooter.execute(ForkedBooter.java:125) [surefire-booter-2.21.0.jar:2.21.0]
	at org.apache.maven.surefire.booter.ForkedBooter.main(ForkedBooter.java:413) [surefire-booter-2.21.0.jar:2.21.0]
2025-02-10 21:44:31 [main] INFO : Generated Ticket and saved in DB
2025-02-10 21:44:31 [main] INFO : Please park your vehicle in spot number: 1
2025-02-10 21:44:31 [main] INFO : Recorded in-time for vehicle number: ABCDEF is: 2025-02-10T21:44:31.036+1100
2025-02-10 21:44:31 [main] ERROR: Unable to process incoming vehicle
java.lang.NullPointerException: Cannot invoke "java.util.Date.toString()" because the return value of "com.parkit.parkingsystem.model.Ticket.getOutTime()" is null
	at com.parkit.parkingsystem.service.FareCalculatorService.calculateFare(FareCalculatorService.java:16) ~[classes/:?]
	at com.parkit.parkingsystem.service.ParkingService.processIncomingVehicle(ParkingService.java:95) ~[classes/:?]
	at com.parkit.parkingsystem.ParkingServiceTest.testProcessIncomingVehicle(ParkingServiceTest.java:85) ~[test-classes/:?]
	at jdk.internal.reflect.DirectMethodHandleAccessor.invoke(DirectMethodHandleAccessor.java:103) ~[?:?]
	at java.lang.reflect.Method.invoke(Method.java:580) ~[?:?]
	at org.junit.platform.commons.util.ReflectionUtils.invokeMethod(ReflectionUtils.java:688) ~[junit-platform-commons-1.7.2.jar:1.7.2]
	at org.junit.jupiter.engine.execution.MethodInvocation.proceed(MethodInvocation.java:60) ~[junit-jupiter-engine-5.7.2.jar:5.7.2]
	at org.junit.jupiter.engine.execution.InvocationInterceptorChain$ValidatingInvocation.proceed(InvocationInterceptorChain.java:131) ~[junit-jupiter-engine-5.7.2.jar:5.7.2]
	at org.junit.jupiter.engine.extension.TimeoutExtension.intercept(TimeoutExtension.java:149) ~[junit-jupiter-engine-5.7.2.jar:5.7.2]
	at org.junit.jupiter.engine.extension.TimeoutExtension.interceptTestableMethod(TimeoutExtension.java:140) ~[junit-jupiter-engine-5.7.2.jar:5.7.2]
	at org.junit.jupiter.engine.extension.TimeoutExtension.interceptTestMethod(TimeoutExtension.java:84) ~[junit-jupiter-engine-5.7.2.jar:5.7.2]
	at org.junit.jupiter.engine.execution.ExecutableInvoker$ReflectiveInterceptorCall.lambda$ofVoidMethod$0(ExecutableInvoker.java:115) ~[junit-jupiter-engine-5.7.2.jar:5.7.2]
	at org.junit.jupiter.engine.execution.ExecutableInvoker.lambda$invoke$0(ExecutableInvoker.java:105) ~[junit-jupiter-engine-5.7.2.jar:5.7.2]
	at org.junit.jupiter.engine.execution.InvocationInterceptorChain$InterceptedInvocation.proceed(InvocationInterceptorChain.java:106) ~[junit-jupiter-engine-5.7.2.jar:5.7.2]
	at org.junit.jupiter.engine.execution.InvocationInterceptorChain.proceed(InvocationInterceptorChain.java:64) ~[junit-jupiter-engine-5.7.2.jar:5.7.2]
	at org.junit.jupiter.engine.execution.InvocationInterceptorChain.chainAndInvoke(InvocationInterceptorChain.java:45) ~[junit-jupiter-engine-5.7.2.jar:5.7.2]
	at org.junit.jupiter.engine.execution.InvocationInterceptorChain.invoke(InvocationInterceptorChain.java:37) ~[junit-jupiter-engine-5.7.2.jar:5.7.2]
	at org.junit.jupiter.engine.execution.ExecutableInvoker.invoke(ExecutableInvoker.java:104) ~[junit-jupiter-engine-5.7.2.jar:5.7.2]
	at org.junit.jupiter.engine.execution.ExecutableInvoker.invoke(ExecutableInvoker.java:98) ~[junit-jupiter-engine-5.7.2.jar:5.7.2]
	at org.junit.jupiter.engine.descriptor.TestMethodTestDescriptor.lambda$invokeTestMethod$6(TestMethodTestDescriptor.java:210) ~[junit-jupiter-engine-5.7.2.jar:5.7.2]
	at org.junit.platform.engine.support.hierarchical.ThrowableCollector.execute(ThrowableCollector.java:73) ~[junit-platform-engine-1.7.2.jar:1.7.2]
	at org.junit.jupiter.engine.descriptor.TestMethodTestDescriptor.invokeTestMethod(TestMethodTestDescriptor.java:206) ~[junit-jupiter-engine-5.7.2.jar:5.7.2]
	at org.junit.jupiter.engine.descriptor.TestMethodTestDescriptor.execute(TestMethodTestDescriptor.java:131) ~[junit-jupiter-engine-5.7.2.jar:5.7.2]
	at org.junit.jupiter.engine.descriptor.TestMethodTestDescriptor.execute(TestMethodTestDescriptor.java:65) ~[junit-jupiter-engine-5.7.2.jar:5.7.2]
	at org.junit.platform.engine.support.hierarchical.NodeTestTask.lambda$executeRecursively$5(NodeTestTask.java:139) ~[junit-platform-engine-1.7.2.jar:1.7.2]
	at org.junit.platform.engine.support.hierarchical.ThrowableCollector.execute(ThrowableCollector.java:73) ~[junit-platform-engine-1.7.2.jar:1.7.2]
	at org.junit.platform.engine.support.hierarchical.NodeTestTask.lambda$executeRecursively$7(NodeTestTask.java:129) ~[junit-platform-engine-1.7.2.jar:1.7.2]
	at org.junit.platform.engine.support.hierarchical.Node.around(Node.java:137) ~[junit-platform-engine-1.7.2.jar:1.7.2]
	at org.junit.platform.engine.support.hierarchical.NodeTestTask.lambda$executeRecursively$8(NodeTestTask.java:127) ~[junit-platform-engine-1.7.2.jar:1.7.2]
	at org.junit.platform.engine.support.hierarchical.ThrowableCollector.execute(ThrowableCollector.java:73) ~[junit-platform-engine-1.7.2.jar:1.7.2]
	at org.junit.platform.engine.support.hierarchical.NodeTestTask.executeRecursively(NodeTestTask.java:126) ~[junit-platform-engine-1.7.2.jar:1.7.2]
	at org.junit.platform.engine.support.hierarchical.NodeTestTask.execute(NodeTestTask.java:84) ~[junit-platform-engine-1.7.2.jar:1.7.2]
	at java.util.ArrayList.forEach(ArrayList.java:1597) ~[?:?]
	at org.junit.platform.engine.support.hierarchical.SameThreadHierarchicalTestExecutorService.invokeAll(SameThreadHierarchicalTestExecutorService.java:38) ~[junit-platform-engine-1.7.2.jar:1.7.2]
	at org.junit.platform.engine.support.hierarchical.NodeTestTask.lambda$executeRecursively$5(NodeTestTask.java:143) ~[junit-platform-engine-1.7.2.jar:1.7.2]
	at org.junit.platform.engine.support.hierarchical.ThrowableCollector.execute(ThrowableCollector.java:73) ~[junit-platform-engine-1.7.2.jar:1.7.2]
	at org.junit.platform.engine.support.hierarchical.NodeTestTask.lambda$executeRecursively$7(NodeTestTask.java:129) ~[junit-platform-engine-1.7.2.jar:1.7.2]
	at org.junit.platform.engine.support.hierarchical.Node.around(Node.java:137) ~[junit-platform-engine-1.7.2.jar:1.7.2]
	at org.junit.platform.engine.support.hierarchical.NodeTestTask.lambda$executeRecursively$8(NodeTestTask.java:127) ~[junit-platform-engine-1.7.2.jar:1.7.2]
	at org.junit.platform.engine.support.hierarchical.ThrowableCollector.execute(ThrowableCollector.java:73) ~[junit-platform-engine-1.7.2.jar:1.7.2]
	at org.junit.platform.engine.support.hierarchical.NodeTestTask.executeRecursively(NodeTestTask.java:126) ~[junit-platform-engine-1.7.2.jar:1.7.2]
	at org.junit.platform.engine.support.hierarchical.NodeTestTask.execute(NodeTestTask.java:84) ~[junit-platform-engine-1.7.2.jar:1.7.2]
	at java.util.ArrayList.forEach(ArrayList.java:1597) ~[?:?]
	at org.junit.platform.engine.support.hierarchical.SameThreadHierarchicalTestExecutorService.invokeAll(SameThreadHierarchicalTestExecutorService.java:38) ~[junit-platform-engine-1.7.2.jar:1.7.2]
	at org.junit.platform.engine.support.hierarchical.NodeTestTask.lambda$executeRecursively$5(NodeTestTask.java:143) ~[junit-platform-engine-1.7.2.jar:1.7.2]
	at org.junit.platform.engine.support.hierarchical.ThrowableCollector.execute(ThrowableCollector.java:73) ~[junit-platform-engine-1.7.2.jar:1.7.2]
	at org.junit.platform.engine.support.hierarchical.NodeTestTask.lambda$executeRecursively$7(NodeTestTask.java:129) ~[junit-platform-engine-1.7.2.jar:1.7.2]
	at org.junit.platform.engine.support.hierarchical.Node.around(Node.java:137) ~[junit-platform-engine-1.7.2.jar:1.7.2]
	at org.junit.platform.engine.support.hierarchical.NodeTestTask.lambda$executeRecursively$8(NodeTestTask.java:127) ~[junit-platform-engine-1.7.2.jar:1.7.2]
	at org.junit.platform.engine.support.hierarchical.ThrowableCollector.execute(ThrowableCollector.java:73) [junit-platform-engine-1.7.2.jar:1.7.2]
	at org.junit.platform.engine.support.hierarchical.NodeTestTask.executeRecursively(NodeTestTask.java:126) [junit-platform-engine-1.7.2.jar:1.7.2]
	at org.junit.platform.engine.support.hierarchical.NodeTestTask.execute(NodeTestTask.java:84) [junit-platform-engine-1.7.2.jar:1.7.2]
	at org.junit.platform.engine.support.hierarchical.SameThreadHierarchicalTestExecutorService.submit(SameThreadHierarchicalTestExecutorService.java:32) [junit-platform-engine-1.7.2.jar:1.7.2]
	at org.junit.platform.engine.support.hierarchical.HierarchicalTestExecutor.execute(HierarchicalTestExecutor.java:57) [junit-platform-engine-1.7.2.jar:1.7.2]
	at org.junit.platform.engine.support.hierarchical.HierarchicalTestEngine.execute(HierarchicalTestEngine.java:51) [junit-platform-engine-1.7.2.jar:1.7.2]
	at org.junit.platform.launcher.core.DefaultLauncher.execute(DefaultLauncher.java:170) [junit-platform-launcher-1.2.0.jar:1.2.0]
	at org.junit.platform.launcher.core.DefaultLauncher.execute(DefaultLauncher.java:154) [junit-platform-launcher-1.2.0.jar:1.2.0]
	at org.junit.platform.launcher.core.DefaultLauncher.execute(DefaultLauncher.java:90) [junit-platform-launcher-1.2.0.jar:1.2.0]
	at org.junit.platform.surefire.provider.JUnitPlatformProvider.invokeAllTests(JUnitPlatformProvider.java:132) [junit-platform-surefire-provider-1.2.0.jar:1.2.0]
	at org.junit.platform.surefire.provider.JUnitPlatformProvider.invoke(JUnitPlatformProvider.java:111) [junit-platform-surefire-provider-1.2.0.jar:1.2.0]
	at org.apache.maven.surefire.booter.ForkedBooter.invokeProviderInSameClassLoader(ForkedBooter.java:379) [surefire-booter-2.21.0.jar:2.21.0]
	at org.apache.maven.surefire.booter.ForkedBooter.runSuitesInProcess(ForkedBooter.java:340) [surefire-booter-2.21.0.jar:2.21.0]
	at org.apache.maven.surefire.booter.ForkedBooter.execute(ForkedBooter.java:125) [surefire-booter-2.21.0.jar:2.21.0]
	at org.apache.maven.surefire.booter.ForkedBooter.main(ForkedBooter.java:413) [surefire-booter-2.21.0.jar:2.21.0]
2025-02-10 21:49:37 [main] INFO : Please select vehicle type from menu
2025-02-10 21:49:37 [main] INFO : 1 CAR
2025-02-10 21:49:37 [main] INFO : 2 BIKE
2025-02-10 21:49:37 [main] INFO : Incorrect input provided
2025-02-10 21:49:37 [main] ERROR: Error parsing user input for type of vehicle
java.lang.IllegalArgumentException: Entered input is invalid
	at com.parkit.parkingsystem.service.ParkingService.getVehichleType(ParkingService.java:142) ~[classes/:?]
	at com.parkit.parkingsystem.service.ParkingService.getNextParkingNumberIfAvailable(ParkingService.java:112) ~[classes/:?]
	at com.parkit.parkingsystem.ParkingServiceTest.testGetNextParkingNumberIfAvailableParkingNumberNotFound(ParkingServiceTest.java:135) ~[test-classes/:?]
	at jdk.internal.reflect.DirectMethodHandleAccessor.invoke(DirectMethodHandleAccessor.java:103) ~[?:?]
	at java.lang.reflect.Method.invoke(Method.java:580) ~[?:?]
	at org.junit.platform.commons.util.ReflectionUtils.invokeMethod(ReflectionUtils.java:688) ~[junit-platform-commons-1.7.2.jar:1.7.2]
	at org.junit.jupiter.engine.execution.MethodInvocation.proceed(MethodInvocation.java:60) ~[junit-jupiter-engine-5.7.2.jar:5.7.2]
	at org.junit.jupiter.engine.execution.InvocationInterceptorChain$ValidatingInvocation.proceed(InvocationInterceptorChain.java:131) ~[junit-jupiter-engine-5.7.2.jar:5.7.2]
	at org.junit.jupiter.engine.extension.TimeoutExtension.intercept(TimeoutExtension.java:149) ~[junit-jupiter-engine-5.7.2.jar:5.7.2]
	at org.junit.jupiter.engine.extension.TimeoutExtension.interceptTestableMethod(TimeoutExtension.java:140) ~[junit-jupiter-engine-5.7.2.jar:5.7.2]
	at org.junit.jupiter.engine.extension.TimeoutExtension.interceptTestMethod(TimeoutExtension.java:84) ~[junit-jupiter-engine-5.7.2.jar:5.7.2]
	at org.junit.jupiter.engine.execution.ExecutableInvoker$ReflectiveInterceptorCall.lambda$ofVoidMethod$0(ExecutableInvoker.java:115) ~[junit-jupiter-engine-5.7.2.jar:5.7.2]
	at org.junit.jupiter.engine.execution.ExecutableInvoker.lambda$invoke$0(ExecutableInvoker.java:105) ~[junit-jupiter-engine-5.7.2.jar:5.7.2]
	at org.junit.jupiter.engine.execution.InvocationInterceptorChain$InterceptedInvocation.proceed(InvocationInterceptorChain.java:106) ~[junit-jupiter-engine-5.7.2.jar:5.7.2]
	at org.junit.jupiter.engine.execution.InvocationInterceptorChain.proceed(InvocationInterceptorChain.java:64) ~[junit-jupiter-engine-5.7.2.jar:5.7.2]
	at org.junit.jupiter.engine.execution.InvocationInterceptorChain.chainAndInvoke(InvocationInterceptorChain.java:45) ~[junit-jupiter-engine-5.7.2.jar:5.7.2]
	at org.junit.jupiter.engine.execution.InvocationInterceptorChain.invoke(InvocationInterceptorChain.java:37) ~[junit-jupiter-engine-5.7.2.jar:5.7.2]
	at org.junit.jupiter.engine.execution.ExecutableInvoker.invoke(ExecutableInvoker.java:104) ~[junit-jupiter-engine-5.7.2.jar:5.7.2]
	at org.junit.jupiter.engine.execution.ExecutableInvoker.invoke(ExecutableInvoker.java:98) ~[junit-jupiter-engine-5.7.2.jar:5.7.2]
	at org.junit.jupiter.engine.descriptor.TestMethodTestDescriptor.lambda$invokeTestMethod$6(TestMethodTestDescriptor.java:210) ~[junit-jupiter-engine-5.7.2.jar:5.7.2]
	at org.junit.platform.engine.support.hierarchical.ThrowableCollector.execute(ThrowableCollector.java:73) ~[junit-platform-engine-1.7.2.jar:1.7.2]
	at org.junit.jupiter.engine.descriptor.TestMethodTestDescriptor.invokeTestMethod(TestMethodTestDescriptor.java:206) ~[junit-jupiter-engine-5.7.2.jar:5.7.2]
	at org.junit.jupiter.engine.descriptor.TestMethodTestDescriptor.execute(TestMethodTestDescriptor.java:131) ~[junit-jupiter-engine-5.7.2.jar:5.7.2]
	at org.junit.jupiter.engine.descriptor.TestMethodTestDescriptor.execute(TestMethodTestDescriptor.java:65) ~[junit-jupiter-engine-5.7.2.jar:5.7.2]
	at org.junit.platform.engine.support.hierarchical.NodeTestTask.lambda$executeRecursively$5(NodeTestTask.java:139) ~[junit-platform-engine-1.7.2.jar:1.7.2]
	at org.junit.platform.engine.support.hierarchical.ThrowableCollector.execute(ThrowableCollector.java:73) ~[junit-platform-engine-1.7.2.jar:1.7.2]
	at org.junit.platform.engine.support.hierarchical.NodeTestTask.lambda$executeRecursively$7(NodeTestTask.java:129) ~[junit-platform-engine-1.7.2.jar:1.7.2]
	at org.junit.platform.engine.support.hierarchical.Node.around(Node.java:137) ~[junit-platform-engine-1.7.2.jar:1.7.2]
	at org.junit.platform.engine.support.hierarchical.NodeTestTask.lambda$executeRecursively$8(NodeTestTask.java:127) ~[junit-platform-engine-1.7.2.jar:1.7.2]
	at org.junit.platform.engine.support.hierarchical.ThrowableCollector.execute(ThrowableCollector.java:73) ~[junit-platform-engine-1.7.2.jar:1.7.2]
	at org.junit.platform.engine.support.hierarchical.NodeTestTask.executeRecursively(NodeTestTask.java:126) ~[junit-platform-engine-1.7.2.jar:1.7.2]
	at org.junit.platform.engine.support.hierarchical.NodeTestTask.execute(NodeTestTask.java:84) ~[junit-platform-engine-1.7.2.jar:1.7.2]
	at java.util.ArrayList.forEach(ArrayList.java:1597) ~[?:?]
	at org.junit.platform.engine.support.hierarchical.SameThreadHierarchicalTestExecutorService.invokeAll(SameThreadHierarchicalTestExecutorService.java:38) ~[junit-platform-engine-1.7.2.jar:1.7.2]
	at org.junit.platform.engine.support.hierarchical.NodeTestTask.lambda$executeRecursively$5(NodeTestTask.java:143) ~[junit-platform-engine-1.7.2.jar:1.7.2]
	at org.junit.platform.engine.support.hierarchical.ThrowableCollector.execute(ThrowableCollector.java:73) ~[junit-platform-engine-1.7.2.jar:1.7.2]
	at org.junit.platform.engine.support.hierarchical.NodeTestTask.lambda$executeRecursively$7(NodeTestTask.java:129) ~[junit-platform-engine-1.7.2.jar:1.7.2]
	at org.junit.platform.engine.support.hierarchical.Node.around(Node.java:137) ~[junit-platform-engine-1.7.2.jar:1.7.2]
	at org.junit.platform.engine.support.hierarchical.NodeTestTask.lambda$executeRecursively$8(NodeTestTask.java:127) ~[junit-platform-engine-1.7.2.jar:1.7.2]
	at org.junit.platform.engine.support.hierarchical.ThrowableCollector.execute(ThrowableCollector.java:73) ~[junit-platform-engine-1.7.2.jar:1.7.2]
	at org.junit.platform.engine.support.hierarchical.NodeTestTask.executeRecursively(NodeTestTask.java:126) ~[junit-platform-engine-1.7.2.jar:1.7.2]
	at org.junit.platform.engine.support.hierarchical.NodeTestTask.execute(NodeTestTask.java:84) ~[junit-platform-engine-1.7.2.jar:1.7.2]
	at java.util.ArrayList.forEach(ArrayList.java:1597) ~[?:?]
	at org.junit.platform.engine.support.hierarchical.SameThreadHierarchicalTestExecutorService.invokeAll(SameThreadHierarchicalTestExecutorService.java:38) ~[junit-platform-engine-1.7.2.jar:1.7.2]
	at org.junit.platform.engine.support.hierarchical.NodeTestTask.lambda$executeRecursively$5(NodeTestTask.java:143) ~[junit-platform-engine-1.7.2.jar:1.7.2]
	at org.junit.platform.engine.support.hierarchical.ThrowableCollector.execute(ThrowableCollector.java:73) ~[junit-platform-engine-1.7.2.jar:1.7.2]
	at org.junit.platform.engine.support.hierarchical.NodeTestTask.lambda$executeRecursively$7(NodeTestTask.java:129) ~[junit-platform-engine-1.7.2.jar:1.7.2]
	at org.junit.platform.engine.support.hierarchical.Node.around(Node.java:137) ~[junit-platform-engine-1.7.2.jar:1.7.2]
	at org.junit.platform.engine.support.hierarchical.NodeTestTask.lambda$executeRecursively$8(NodeTestTask.java:127) ~[junit-platform-engine-1.7.2.jar:1.7.2]
	at org.junit.platform.engine.support.hierarchical.ThrowableCollector.execute(ThrowableCollector.java:73) [junit-platform-engine-1.7.2.jar:1.7.2]
	at org.junit.platform.engine.support.hierarchical.NodeTestTask.executeRecursively(NodeTestTask.java:126) [junit-platform-engine-1.7.2.jar:1.7.2]
	at org.junit.platform.engine.support.hierarchical.NodeTestTask.execute(NodeTestTask.java:84) [junit-platform-engine-1.7.2.jar:1.7.2]
	at org.junit.platform.engine.support.hierarchical.SameThreadHierarchicalTestExecutorService.submit(SameThreadHierarchicalTestExecutorService.java:32) [junit-platform-engine-1.7.2.jar:1.7.2]
	at org.junit.platform.engine.support.hierarchical.HierarchicalTestExecutor.execute(HierarchicalTestExecutor.java:57) [junit-platform-engine-1.7.2.jar:1.7.2]
	at org.junit.platform.engine.support.hierarchical.HierarchicalTestEngine.execute(HierarchicalTestEngine.java:51) [junit-platform-engine-1.7.2.jar:1.7.2]
	at org.junit.platform.launcher.core.DefaultLauncher.execute(DefaultLauncher.java:170) [junit-platform-launcher-1.2.0.jar:1.2.0]
	at org.junit.platform.launcher.core.DefaultLauncher.execute(DefaultLauncher.java:154) [junit-platform-launcher-1.2.0.jar:1.2.0]
	at org.junit.platform.launcher.core.DefaultLauncher.execute(DefaultLauncher.java:90) [junit-platform-launcher-1.2.0.jar:1.2.0]
	at org.junit.platform.surefire.provider.JUnitPlatformProvider.invokeAllTests(JUnitPlatformProvider.java:132) [junit-platform-surefire-provider-1.2.0.jar:1.2.0]
	at org.junit.platform.surefire.provider.JUnitPlatformProvider.invoke(JUnitPlatformProvider.java:111) [junit-platform-surefire-provider-1.2.0.jar:1.2.0]
	at org.apache.maven.surefire.booter.ForkedBooter.invokeProviderInSameClassLoader(ForkedBooter.java:379) [surefire-booter-2.21.0.jar:2.21.0]
	at org.apache.maven.surefire.booter.ForkedBooter.runSuitesInProcess(ForkedBooter.java:340) [surefire-booter-2.21.0.jar:2.21.0]
	at org.apache.maven.surefire.booter.ForkedBooter.execute(ForkedBooter.java:125) [surefire-booter-2.21.0.jar:2.21.0]
	at org.apache.maven.surefire.booter.ForkedBooter.main(ForkedBooter.java:413) [surefire-booter-2.21.0.jar:2.21.0]
2025-02-10 21:49:37 [main] ERROR: Unable to process exiting vehicle
java.lang.NullPointerException: Cannot invoke "Object.getClass()" because "date" is null
	at java.util.Date.getMillisOf(Date.java:956) ~[?:?]
	at java.util.Date.before(Date.java:915) ~[?:?]
	at com.parkit.parkingsystem.service.FareCalculatorService.calculateFare(FareCalculatorService.java:15) ~[classes/:?]
	at com.parkit.parkingsystem.service.ParkingService.processExitingVehicle(ParkingService.java:155) ~[classes/:?]
	at com.parkit.parkingsystem.ParkingServiceTest.processExitingVehicleTestUnableUpdate(ParkingServiceTest.java:107) ~[test-classes/:?]
	at jdk.internal.reflect.DirectMethodHandleAccessor.invoke(DirectMethodHandleAccessor.java:103) ~[?:?]
	at java.lang.reflect.Method.invoke(Method.java:580) ~[?:?]
	at org.junit.platform.commons.util.ReflectionUtils.invokeMethod(ReflectionUtils.java:688) ~[junit-platform-commons-1.7.2.jar:1.7.2]
	at org.junit.jupiter.engine.execution.MethodInvocation.proceed(MethodInvocation.java:60) ~[junit-jupiter-engine-5.7.2.jar:5.7.2]
	at org.junit.jupiter.engine.execution.InvocationInterceptorChain$ValidatingInvocation.proceed(InvocationInterceptorChain.java:131) ~[junit-jupiter-engine-5.7.2.jar:5.7.2]
	at org.junit.jupiter.engine.extension.TimeoutExtension.intercept(TimeoutExtension.java:149) ~[junit-jupiter-engine-5.7.2.jar:5.7.2]
	at org.junit.jupiter.engine.extension.TimeoutExtension.interceptTestableMethod(TimeoutExtension.java:140) ~[junit-jupiter-engine-5.7.2.jar:5.7.2]
	at org.junit.jupiter.engine.extension.TimeoutExtension.interceptTestMethod(TimeoutExtension.java:84) ~[junit-jupiter-engine-5.7.2.jar:5.7.2]
	at org.junit.jupiter.engine.execution.ExecutableInvoker$ReflectiveInterceptorCall.lambda$ofVoidMethod$0(ExecutableInvoker.java:115) ~[junit-jupiter-engine-5.7.2.jar:5.7.2]
	at org.junit.jupiter.engine.execution.ExecutableInvoker.lambda$invoke$0(ExecutableInvoker.java:105) ~[junit-jupiter-engine-5.7.2.jar:5.7.2]
	at org.junit.jupiter.engine.execution.InvocationInterceptorChain$InterceptedInvocation.proceed(InvocationInterceptorChain.java:106) ~[junit-jupiter-engine-5.7.2.jar:5.7.2]
	at org.junit.jupiter.engine.execution.InvocationInterceptorChain.proceed(InvocationInterceptorChain.java:64) ~[junit-jupiter-engine-5.7.2.jar:5.7.2]
	at org.junit.jupiter.engine.execution.InvocationInterceptorChain.chainAndInvoke(InvocationInterceptorChain.java:45) ~[junit-jupiter-engine-5.7.2.jar:5.7.2]
	at org.junit.jupiter.engine.execution.InvocationInterceptorChain.invoke(InvocationInterceptorChain.java:37) ~[junit-jupiter-engine-5.7.2.jar:5.7.2]
	at org.junit.jupiter.engine.execution.ExecutableInvoker.invoke(ExecutableInvoker.java:104) ~[junit-jupiter-engine-5.7.2.jar:5.7.2]
	at org.junit.jupiter.engine.execution.ExecutableInvoker.invoke(ExecutableInvoker.java:98) ~[junit-jupiter-engine-5.7.2.jar:5.7.2]
	at org.junit.jupiter.engine.descriptor.TestMethodTestDescriptor.lambda$invokeTestMethod$6(TestMethodTestDescriptor.java:210) ~[junit-jupiter-engine-5.7.2.jar:5.7.2]
	at org.junit.platform.engine.support.hierarchical.ThrowableCollector.execute(ThrowableCollector.java:73) ~[junit-platform-engine-1.7.2.jar:1.7.2]
	at org.junit.jupiter.engine.descriptor.TestMethodTestDescriptor.invokeTestMethod(TestMethodTestDescriptor.java:206) ~[junit-jupiter-engine-5.7.2.jar:5.7.2]
	at org.junit.jupiter.engine.descriptor.TestMethodTestDescriptor.execute(TestMethodTestDescriptor.java:131) ~[junit-jupiter-engine-5.7.2.jar:5.7.2]
	at org.junit.jupiter.engine.descriptor.TestMethodTestDescriptor.execute(TestMethodTestDescriptor.java:65) ~[junit-jupiter-engine-5.7.2.jar:5.7.2]
	at org.junit.platform.engine.support.hierarchical.NodeTestTask.lambda$executeRecursively$5(NodeTestTask.java:139) ~[junit-platform-engine-1.7.2.jar:1.7.2]
	at org.junit.platform.engine.support.hierarchical.ThrowableCollector.execute(ThrowableCollector.java:73) ~[junit-platform-engine-1.7.2.jar:1.7.2]
	at org.junit.platform.engine.support.hierarchical.NodeTestTask.lambda$executeRecursively$7(NodeTestTask.java:129) ~[junit-platform-engine-1.7.2.jar:1.7.2]
	at org.junit.platform.engine.support.hierarchical.Node.around(Node.java:137) ~[junit-platform-engine-1.7.2.jar:1.7.2]
	at org.junit.platform.engine.support.hierarchical.NodeTestTask.lambda$executeRecursively$8(NodeTestTask.java:127) ~[junit-platform-engine-1.7.2.jar:1.7.2]
	at org.junit.platform.engine.support.hierarchical.ThrowableCollector.execute(ThrowableCollector.java:73) ~[junit-platform-engine-1.7.2.jar:1.7.2]
	at org.junit.platform.engine.support.hierarchical.NodeTestTask.executeRecursively(NodeTestTask.java:126) ~[junit-platform-engine-1.7.2.jar:1.7.2]
	at org.junit.platform.engine.support.hierarchical.NodeTestTask.execute(NodeTestTask.java:84) ~[junit-platform-engine-1.7.2.jar:1.7.2]
	at java.util.ArrayList.forEach(ArrayList.java:1597) ~[?:?]
	at org.junit.platform.engine.support.hierarchical.SameThreadHierarchicalTestExecutorService.invokeAll(SameThreadHierarchicalTestExecutorService.java:38) ~[junit-platform-engine-1.7.2.jar:1.7.2]
	at org.junit.platform.engine.support.hierarchical.NodeTestTask.lambda$executeRecursively$5(NodeTestTask.java:143) ~[junit-platform-engine-1.7.2.jar:1.7.2]
	at org.junit.platform.engine.support.hierarchical.ThrowableCollector.execute(ThrowableCollector.java:73) ~[junit-platform-engine-1.7.2.jar:1.7.2]
	at org.junit.platform.engine.support.hierarchical.NodeTestTask.lambda$executeRecursively$7(NodeTestTask.java:129) ~[junit-platform-engine-1.7.2.jar:1.7.2]
	at org.junit.platform.engine.support.hierarchical.Node.around(Node.java:137) ~[junit-platform-engine-1.7.2.jar:1.7.2]
	at org.junit.platform.engine.support.hierarchical.NodeTestTask.lambda$executeRecursively$8(NodeTestTask.java:127) ~[junit-platform-engine-1.7.2.jar:1.7.2]
	at org.junit.platform.engine.support.hierarchical.ThrowableCollector.execute(ThrowableCollector.java:73) ~[junit-platform-engine-1.7.2.jar:1.7.2]
	at org.junit.platform.engine.support.hierarchical.NodeTestTask.executeRecursively(NodeTestTask.java:126) ~[junit-platform-engine-1.7.2.jar:1.7.2]
	at org.junit.platform.engine.support.hierarchical.NodeTestTask.execute(NodeTestTask.java:84) ~[junit-platform-engine-1.7.2.jar:1.7.2]
	at java.util.ArrayList.forEach(ArrayList.java:1597) ~[?:?]
	at org.junit.platform.engine.support.hierarchical.SameThreadHierarchicalTestExecutorService.invokeAll(SameThreadHierarchicalTestExecutorService.java:38) ~[junit-platform-engine-1.7.2.jar:1.7.2]
	at org.junit.platform.engine.support.hierarchical.NodeTestTask.lambda$executeRecursively$5(NodeTestTask.java:143) ~[junit-platform-engine-1.7.2.jar:1.7.2]
	at org.junit.platform.engine.support.hierarchical.ThrowableCollector.execute(ThrowableCollector.java:73) ~[junit-platform-engine-1.7.2.jar:1.7.2]
	at org.junit.platform.engine.support.hierarchical.NodeTestTask.lambda$executeRecursively$7(NodeTestTask.java:129) ~[junit-platform-engine-1.7.2.jar:1.7.2]
	at org.junit.platform.engine.support.hierarchical.Node.around(Node.java:137) ~[junit-platform-engine-1.7.2.jar:1.7.2]
	at org.junit.platform.engine.support.hierarchical.NodeTestTask.lambda$executeRecursively$8(NodeTestTask.java:127) ~[junit-platform-engine-1.7.2.jar:1.7.2]
	at org.junit.platform.engine.support.hierarchical.ThrowableCollector.execute(ThrowableCollector.java:73) [junit-platform-engine-1.7.2.jar:1.7.2]
	at org.junit.platform.engine.support.hierarchical.NodeTestTask.executeRecursively(NodeTestTask.java:126) [junit-platform-engine-1.7.2.jar:1.7.2]
	at org.junit.platform.engine.support.hierarchical.NodeTestTask.execute(NodeTestTask.java:84) [junit-platform-engine-1.7.2.jar:1.7.2]
	at org.junit.platform.engine.support.hierarchical.SameThreadHierarchicalTestExecutorService.submit(SameThreadHierarchicalTestExecutorService.java:32) [junit-platform-engine-1.7.2.jar:1.7.2]
	at org.junit.platform.engine.support.hierarchical.HierarchicalTestExecutor.execute(HierarchicalTestExecutor.java:57) [junit-platform-engine-1.7.2.jar:1.7.2]
	at org.junit.platform.engine.support.hierarchical.HierarchicalTestEngine.execute(HierarchicalTestEngine.java:51) [junit-platform-engine-1.7.2.jar:1.7.2]
	at org.junit.platform.launcher.core.DefaultLauncher.execute(DefaultLauncher.java:170) [junit-platform-launcher-1.2.0.jar:1.2.0]
	at org.junit.platform.launcher.core.DefaultLauncher.execute(DefaultLauncher.java:154) [junit-platform-launcher-1.2.0.jar:1.2.0]
	at org.junit.platform.launcher.core.DefaultLauncher.execute(DefaultLauncher.java:90) [junit-platform-launcher-1.2.0.jar:1.2.0]
	at org.junit.platform.surefire.provider.JUnitPlatformProvider.invokeAllTests(JUnitPlatformProvider.java:132) [junit-platform-surefire-provider-1.2.0.jar:1.2.0]
	at org.junit.platform.surefire.provider.JUnitPlatformProvider.invoke(JUnitPlatformProvider.java:111) [junit-platform-surefire-provider-1.2.0.jar:1.2.0]
	at org.apache.maven.surefire.booter.ForkedBooter.invokeProviderInSameClassLoader(ForkedBooter.java:379) [surefire-booter-2.21.0.jar:2.21.0]
	at org.apache.maven.surefire.booter.ForkedBooter.runSuitesInProcess(ForkedBooter.java:340) [surefire-booter-2.21.0.jar:2.21.0]
	at org.apache.maven.surefire.booter.ForkedBooter.execute(ForkedBooter.java:125) [surefire-booter-2.21.0.jar:2.21.0]
	at org.apache.maven.surefire.booter.ForkedBooter.main(ForkedBooter.java:413) [surefire-booter-2.21.0.jar:2.21.0]
2025-02-10 21:49:38 [main] INFO : Please select vehicle type from menu
2025-02-10 21:49:38 [main] INFO : 1 CAR
2025-02-10 21:49:38 [main] INFO : 2 BIKE
2025-02-10 21:49:38 [main] ERROR: Error fetching parking number from DB. Parking slots might be full
2025-02-10 21:49:38 [main] INFO : Please select vehicle type from menu
2025-02-10 21:49:38 [main] INFO : 1 CAR
2025-02-10 21:49:38 [main] INFO : 2 BIKE
2025-02-10 21:49:38 [main] INFO : Next available parking number is: 1
2025-02-10 21:49:38 [main] ERROR: Unable to process exiting vehicle
java.lang.NullPointerException: Cannot invoke "Object.getClass()" because "date" is null
	at java.util.Date.getMillisOf(Date.java:956) ~[?:?]
	at java.util.Date.before(Date.java:915) ~[?:?]
	at com.parkit.parkingsystem.service.FareCalculatorService.calculateFare(FareCalculatorService.java:15) ~[classes/:?]
	at com.parkit.parkingsystem.service.ParkingService.processExitingVehicle(ParkingService.java:155) ~[classes/:?]
	at com.parkit.parkingsystem.ParkingServiceTest.processExitingVehicleTest(ParkingServiceTest.java:69) ~[test-classes/:?]
	at jdk.internal.reflect.DirectMethodHandleAccessor.invoke(DirectMethodHandleAccessor.java:103) ~[?:?]
	at java.lang.reflect.Method.invoke(Method.java:580) ~[?:?]
	at org.junit.platform.commons.util.ReflectionUtils.invokeMethod(ReflectionUtils.java:688) ~[junit-platform-commons-1.7.2.jar:1.7.2]
	at org.junit.jupiter.engine.execution.MethodInvocation.proceed(MethodInvocation.java:60) ~[junit-jupiter-engine-5.7.2.jar:5.7.2]
	at org.junit.jupiter.engine.execution.InvocationInterceptorChain$ValidatingInvocation.proceed(InvocationInterceptorChain.java:131) ~[junit-jupiter-engine-5.7.2.jar:5.7.2]
	at org.junit.jupiter.engine.extension.TimeoutExtension.intercept(TimeoutExtension.java:149) ~[junit-jupiter-engine-5.7.2.jar:5.7.2]
	at org.junit.jupiter.engine.extension.TimeoutExtension.interceptTestableMethod(TimeoutExtension.java:140) ~[junit-jupiter-engine-5.7.2.jar:5.7.2]
	at org.junit.jupiter.engine.extension.TimeoutExtension.interceptTestMethod(TimeoutExtension.java:84) ~[junit-jupiter-engine-5.7.2.jar:5.7.2]
	at org.junit.jupiter.engine.execution.ExecutableInvoker$ReflectiveInterceptorCall.lambda$ofVoidMethod$0(ExecutableInvoker.java:115) ~[junit-jupiter-engine-5.7.2.jar:5.7.2]
	at org.junit.jupiter.engine.execution.ExecutableInvoker.lambda$invoke$0(ExecutableInvoker.java:105) ~[junit-jupiter-engine-5.7.2.jar:5.7.2]
	at org.junit.jupiter.engine.execution.InvocationInterceptorChain$InterceptedInvocation.proceed(InvocationInterceptorChain.java:106) ~[junit-jupiter-engine-5.7.2.jar:5.7.2]
	at org.junit.jupiter.engine.execution.InvocationInterceptorChain.proceed(InvocationInterceptorChain.java:64) ~[junit-jupiter-engine-5.7.2.jar:5.7.2]
	at org.junit.jupiter.engine.execution.InvocationInterceptorChain.chainAndInvoke(InvocationInterceptorChain.java:45) ~[junit-jupiter-engine-5.7.2.jar:5.7.2]
	at org.junit.jupiter.engine.execution.InvocationInterceptorChain.invoke(InvocationInterceptorChain.java:37) ~[junit-jupiter-engine-5.7.2.jar:5.7.2]
	at org.junit.jupiter.engine.execution.ExecutableInvoker.invoke(ExecutableInvoker.java:104) ~[junit-jupiter-engine-5.7.2.jar:5.7.2]
	at org.junit.jupiter.engine.execution.ExecutableInvoker.invoke(ExecutableInvoker.java:98) ~[junit-jupiter-engine-5.7.2.jar:5.7.2]
	at org.junit.jupiter.engine.descriptor.TestMethodTestDescriptor.lambda$invokeTestMethod$6(TestMethodTestDescriptor.java:210) ~[junit-jupiter-engine-5.7.2.jar:5.7.2]
	at org.junit.platform.engine.support.hierarchical.ThrowableCollector.execute(ThrowableCollector.java:73) ~[junit-platform-engine-1.7.2.jar:1.7.2]
	at org.junit.jupiter.engine.descriptor.TestMethodTestDescriptor.invokeTestMethod(TestMethodTestDescriptor.java:206) ~[junit-jupiter-engine-5.7.2.jar:5.7.2]
	at org.junit.jupiter.engine.descriptor.TestMethodTestDescriptor.execute(TestMethodTestDescriptor.java:131) ~[junit-jupiter-engine-5.7.2.jar:5.7.2]
	at org.junit.jupiter.engine.descriptor.TestMethodTestDescriptor.execute(TestMethodTestDescriptor.java:65) ~[junit-jupiter-engine-5.7.2.jar:5.7.2]
	at org.junit.platform.engine.support.hierarchical.NodeTestTask.lambda$executeRecursively$5(NodeTestTask.java:139) ~[junit-platform-engine-1.7.2.jar:1.7.2]
	at org.junit.platform.engine.support.hierarchical.ThrowableCollector.execute(ThrowableCollector.java:73) ~[junit-platform-engine-1.7.2.jar:1.7.2]
	at org.junit.platform.engine.support.hierarchical.NodeTestTask.lambda$executeRecursively$7(NodeTestTask.java:129) ~[junit-platform-engine-1.7.2.jar:1.7.2]
	at org.junit.platform.engine.support.hierarchical.Node.around(Node.java:137) ~[junit-platform-engine-1.7.2.jar:1.7.2]
	at org.junit.platform.engine.support.hierarchical.NodeTestTask.lambda$executeRecursively$8(NodeTestTask.java:127) ~[junit-platform-engine-1.7.2.jar:1.7.2]
	at org.junit.platform.engine.support.hierarchical.ThrowableCollector.execute(ThrowableCollector.java:73) ~[junit-platform-engine-1.7.2.jar:1.7.2]
	at org.junit.platform.engine.support.hierarchical.NodeTestTask.executeRecursively(NodeTestTask.java:126) ~[junit-platform-engine-1.7.2.jar:1.7.2]
	at org.junit.platform.engine.support.hierarchical.NodeTestTask.execute(NodeTestTask.java:84) ~[junit-platform-engine-1.7.2.jar:1.7.2]
	at java.util.ArrayList.forEach(ArrayList.java:1597) ~[?:?]
	at org.junit.platform.engine.support.hierarchical.SameThreadHierarchicalTestExecutorService.invokeAll(SameThreadHierarchicalTestExecutorService.java:38) ~[junit-platform-engine-1.7.2.jar:1.7.2]
	at org.junit.platform.engine.support.hierarchical.NodeTestTask.lambda$executeRecursively$5(NodeTestTask.java:143) ~[junit-platform-engine-1.7.2.jar:1.7.2]
	at org.junit.platform.engine.support.hierarchical.ThrowableCollector.execute(ThrowableCollector.java:73) ~[junit-platform-engine-1.7.2.jar:1.7.2]
	at org.junit.platform.engine.support.hierarchical.NodeTestTask.lambda$executeRecursively$7(NodeTestTask.java:129) ~[junit-platform-engine-1.7.2.jar:1.7.2]
	at org.junit.platform.engine.support.hierarchical.Node.around(Node.java:137) ~[junit-platform-engine-1.7.2.jar:1.7.2]
	at org.junit.platform.engine.support.hierarchical.NodeTestTask.lambda$executeRecursively$8(NodeTestTask.java:127) ~[junit-platform-engine-1.7.2.jar:1.7.2]
	at org.junit.platform.engine.support.hierarchical.ThrowableCollector.execute(ThrowableCollector.java:73) ~[junit-platform-engine-1.7.2.jar:1.7.2]
	at org.junit.platform.engine.support.hierarchical.NodeTestTask.executeRecursively(NodeTestTask.java:126) ~[junit-platform-engine-1.7.2.jar:1.7.2]
	at org.junit.platform.engine.support.hierarchical.NodeTestTask.execute(NodeTestTask.java:84) ~[junit-platform-engine-1.7.2.jar:1.7.2]
	at java.util.ArrayList.forEach(ArrayList.java:1597) ~[?:?]
	at org.junit.platform.engine.support.hierarchical.SameThreadHierarchicalTestExecutorService.invokeAll(SameThreadHierarchicalTestExecutorService.java:38) ~[junit-platform-engine-1.7.2.jar:1.7.2]
	at org.junit.platform.engine.support.hierarchical.NodeTestTask.lambda$executeRecursively$5(NodeTestTask.java:143) ~[junit-platform-engine-1.7.2.jar:1.7.2]
	at org.junit.platform.engine.support.hierarchical.ThrowableCollector.execute(ThrowableCollector.java:73) ~[junit-platform-engine-1.7.2.jar:1.7.2]
	at org.junit.platform.engine.support.hierarchical.NodeTestTask.lambda$executeRecursively$7(NodeTestTask.java:129) ~[junit-platform-engine-1.7.2.jar:1.7.2]
	at org.junit.platform.engine.support.hierarchical.Node.around(Node.java:137) ~[junit-platform-engine-1.7.2.jar:1.7.2]
	at org.junit.platform.engine.support.hierarchical.NodeTestTask.lambda$executeRecursively$8(NodeTestTask.java:127) ~[junit-platform-engine-1.7.2.jar:1.7.2]
	at org.junit.platform.engine.support.hierarchical.ThrowableCollector.execute(ThrowableCollector.java:73) [junit-platform-engine-1.7.2.jar:1.7.2]
	at org.junit.platform.engine.support.hierarchical.NodeTestTask.executeRecursively(NodeTestTask.java:126) [junit-platform-engine-1.7.2.jar:1.7.2]
	at org.junit.platform.engine.support.hierarchical.NodeTestTask.execute(NodeTestTask.java:84) [junit-platform-engine-1.7.2.jar:1.7.2]
	at org.junit.platform.engine.support.hierarchical.SameThreadHierarchicalTestExecutorService.submit(SameThreadHierarchicalTestExecutorService.java:32) [junit-platform-engine-1.7.2.jar:1.7.2]
	at org.junit.platform.engine.support.hierarchical.HierarchicalTestExecutor.execute(HierarchicalTestExecutor.java:57) [junit-platform-engine-1.7.2.jar:1.7.2]
	at org.junit.platform.engine.support.hierarchical.HierarchicalTestEngine.execute(HierarchicalTestEngine.java:51) [junit-platform-engine-1.7.2.jar:1.7.2]
	at org.junit.platform.launcher.core.DefaultLauncher.execute(DefaultLauncher.java:170) [junit-platform-launcher-1.2.0.jar:1.2.0]
	at org.junit.platform.launcher.core.DefaultLauncher.execute(DefaultLauncher.java:154) [junit-platform-launcher-1.2.0.jar:1.2.0]
	at org.junit.platform.launcher.core.DefaultLauncher.execute(DefaultLauncher.java:90) [junit-platform-launcher-1.2.0.jar:1.2.0]
	at org.junit.platform.surefire.provider.JUnitPlatformProvider.invokeAllTests(JUnitPlatformProvider.java:132) [junit-platform-surefire-provider-1.2.0.jar:1.2.0]
	at org.junit.platform.surefire.provider.JUnitPlatformProvider.invoke(JUnitPlatformProvider.java:111) [junit-platform-surefire-provider-1.2.0.jar:1.2.0]
	at org.apache.maven.surefire.booter.ForkedBooter.invokeProviderInSameClassLoader(ForkedBooter.java:379) [surefire-booter-2.21.0.jar:2.21.0]
	at org.apache.maven.surefire.booter.ForkedBooter.runSuitesInProcess(ForkedBooter.java:340) [surefire-booter-2.21.0.jar:2.21.0]
	at org.apache.maven.surefire.booter.ForkedBooter.execute(ForkedBooter.java:125) [surefire-booter-2.21.0.jar:2.21.0]
	at org.apache.maven.surefire.booter.ForkedBooter.main(ForkedBooter.java:413) [surefire-booter-2.21.0.jar:2.21.0]
2025-02-10 21:49:38 [main] INFO : Generated Ticket and saved in DB
2025-02-10 21:49:38 [main] INFO : Please park your vehicle in spot number: 1
2025-02-10 21:49:38 [main] INFO : Recorded in-time for vehicle number: ABCDEF is: 2025-02-10T21:49:38.317+1100
2025-02-10 21:49:38 [main] ERROR: Unable to process incoming vehicle
java.lang.NullPointerException: Cannot invoke "java.util.Date.toString()" because the return value of "com.parkit.parkingsystem.model.Ticket.getOutTime()" is null
	at com.parkit.parkingsystem.service.FareCalculatorService.calculateFare(FareCalculatorService.java:16) ~[classes/:?]
	at com.parkit.parkingsystem.service.ParkingService.processIncomingVehicle(ParkingService.java:95) ~[classes/:?]
	at com.parkit.parkingsystem.ParkingServiceTest.testProcessIncomingVehicle(ParkingServiceTest.java:85) ~[test-classes/:?]
	at jdk.internal.reflect.DirectMethodHandleAccessor.invoke(DirectMethodHandleAccessor.java:103) ~[?:?]
	at java.lang.reflect.Method.invoke(Method.java:580) ~[?:?]
	at org.junit.platform.commons.util.ReflectionUtils.invokeMethod(ReflectionUtils.java:688) ~[junit-platform-commons-1.7.2.jar:1.7.2]
	at org.junit.jupiter.engine.execution.MethodInvocation.proceed(MethodInvocation.java:60) ~[junit-jupiter-engine-5.7.2.jar:5.7.2]
	at org.junit.jupiter.engine.execution.InvocationInterceptorChain$ValidatingInvocation.proceed(InvocationInterceptorChain.java:131) ~[junit-jupiter-engine-5.7.2.jar:5.7.2]
	at org.junit.jupiter.engine.extension.TimeoutExtension.intercept(TimeoutExtension.java:149) ~[junit-jupiter-engine-5.7.2.jar:5.7.2]
	at org.junit.jupiter.engine.extension.TimeoutExtension.interceptTestableMethod(TimeoutExtension.java:140) ~[junit-jupiter-engine-5.7.2.jar:5.7.2]
	at org.junit.jupiter.engine.extension.TimeoutExtension.interceptTestMethod(TimeoutExtension.java:84) ~[junit-jupiter-engine-5.7.2.jar:5.7.2]
	at org.junit.jupiter.engine.execution.ExecutableInvoker$ReflectiveInterceptorCall.lambda$ofVoidMethod$0(ExecutableInvoker.java:115) ~[junit-jupiter-engine-5.7.2.jar:5.7.2]
	at org.junit.jupiter.engine.execution.ExecutableInvoker.lambda$invoke$0(ExecutableInvoker.java:105) ~[junit-jupiter-engine-5.7.2.jar:5.7.2]
	at org.junit.jupiter.engine.execution.InvocationInterceptorChain$InterceptedInvocation.proceed(InvocationInterceptorChain.java:106) ~[junit-jupiter-engine-5.7.2.jar:5.7.2]
	at org.junit.jupiter.engine.execution.InvocationInterceptorChain.proceed(InvocationInterceptorChain.java:64) ~[junit-jupiter-engine-5.7.2.jar:5.7.2]
	at org.junit.jupiter.engine.execution.InvocationInterceptorChain.chainAndInvoke(InvocationInterceptorChain.java:45) ~[junit-jupiter-engine-5.7.2.jar:5.7.2]
	at org.junit.jupiter.engine.execution.InvocationInterceptorChain.invoke(InvocationInterceptorChain.java:37) ~[junit-jupiter-engine-5.7.2.jar:5.7.2]
	at org.junit.jupiter.engine.execution.ExecutableInvoker.invoke(ExecutableInvoker.java:104) ~[junit-jupiter-engine-5.7.2.jar:5.7.2]
	at org.junit.jupiter.engine.execution.ExecutableInvoker.invoke(ExecutableInvoker.java:98) ~[junit-jupiter-engine-5.7.2.jar:5.7.2]
	at org.junit.jupiter.engine.descriptor.TestMethodTestDescriptor.lambda$invokeTestMethod$6(TestMethodTestDescriptor.java:210) ~[junit-jupiter-engine-5.7.2.jar:5.7.2]
	at org.junit.platform.engine.support.hierarchical.ThrowableCollector.execute(ThrowableCollector.java:73) ~[junit-platform-engine-1.7.2.jar:1.7.2]
	at org.junit.jupiter.engine.descriptor.TestMethodTestDescriptor.invokeTestMethod(TestMethodTestDescriptor.java:206) ~[junit-jupiter-engine-5.7.2.jar:5.7.2]
	at org.junit.jupiter.engine.descriptor.TestMethodTestDescriptor.execute(TestMethodTestDescriptor.java:131) ~[junit-jupiter-engine-5.7.2.jar:5.7.2]
	at org.junit.jupiter.engine.descriptor.TestMethodTestDescriptor.execute(TestMethodTestDescriptor.java:65) ~[junit-jupiter-engine-5.7.2.jar:5.7.2]
	at org.junit.platform.engine.support.hierarchical.NodeTestTask.lambda$executeRecursively$5(NodeTestTask.java:139) ~[junit-platform-engine-1.7.2.jar:1.7.2]
	at org.junit.platform.engine.support.hierarchical.ThrowableCollector.execute(ThrowableCollector.java:73) ~[junit-platform-engine-1.7.2.jar:1.7.2]
	at org.junit.platform.engine.support.hierarchical.NodeTestTask.lambda$executeRecursively$7(NodeTestTask.java:129) ~[junit-platform-engine-1.7.2.jar:1.7.2]
	at org.junit.platform.engine.support.hierarchical.Node.around(Node.java:137) ~[junit-platform-engine-1.7.2.jar:1.7.2]
	at org.junit.platform.engine.support.hierarchical.NodeTestTask.lambda$executeRecursively$8(NodeTestTask.java:127) ~[junit-platform-engine-1.7.2.jar:1.7.2]
	at org.junit.platform.engine.support.hierarchical.ThrowableCollector.execute(ThrowableCollector.java:73) ~[junit-platform-engine-1.7.2.jar:1.7.2]
	at org.junit.platform.engine.support.hierarchical.NodeTestTask.executeRecursively(NodeTestTask.java:126) ~[junit-platform-engine-1.7.2.jar:1.7.2]
	at org.junit.platform.engine.support.hierarchical.NodeTestTask.execute(NodeTestTask.java:84) ~[junit-platform-engine-1.7.2.jar:1.7.2]
	at java.util.ArrayList.forEach(ArrayList.java:1597) ~[?:?]
	at org.junit.platform.engine.support.hierarchical.SameThreadHierarchicalTestExecutorService.invokeAll(SameThreadHierarchicalTestExecutorService.java:38) ~[junit-platform-engine-1.7.2.jar:1.7.2]
	at org.junit.platform.engine.support.hierarchical.NodeTestTask.lambda$executeRecursively$5(NodeTestTask.java:143) ~[junit-platform-engine-1.7.2.jar:1.7.2]
	at org.junit.platform.engine.support.hierarchical.ThrowableCollector.execute(ThrowableCollector.java:73) ~[junit-platform-engine-1.7.2.jar:1.7.2]
	at org.junit.platform.engine.support.hierarchical.NodeTestTask.lambda$executeRecursively$7(NodeTestTask.java:129) ~[junit-platform-engine-1.7.2.jar:1.7.2]
	at org.junit.platform.engine.support.hierarchical.Node.around(Node.java:137) ~[junit-platform-engine-1.7.2.jar:1.7.2]
	at org.junit.platform.engine.support.hierarchical.NodeTestTask.lambda$executeRecursively$8(NodeTestTask.java:127) ~[junit-platform-engine-1.7.2.jar:1.7.2]
	at org.junit.platform.engine.support.hierarchical.ThrowableCollector.execute(ThrowableCollector.java:73) ~[junit-platform-engine-1.7.2.jar:1.7.2]
	at org.junit.platform.engine.support.hierarchical.NodeTestTask.executeRecursively(NodeTestTask.java:126) ~[junit-platform-engine-1.7.2.jar:1.7.2]
	at org.junit.platform.engine.support.hierarchical.NodeTestTask.execute(NodeTestTask.java:84) ~[junit-platform-engine-1.7.2.jar:1.7.2]
	at java.util.ArrayList.forEach(ArrayList.java:1597) ~[?:?]
	at org.junit.platform.engine.support.hierarchical.SameThreadHierarchicalTestExecutorService.invokeAll(SameThreadHierarchicalTestExecutorService.java:38) ~[junit-platform-engine-1.7.2.jar:1.7.2]
	at org.junit.platform.engine.support.hierarchical.NodeTestTask.lambda$executeRecursively$5(NodeTestTask.java:143) ~[junit-platform-engine-1.7.2.jar:1.7.2]
	at org.junit.platform.engine.support.hierarchical.ThrowableCollector.execute(ThrowableCollector.java:73) ~[junit-platform-engine-1.7.2.jar:1.7.2]
	at org.junit.platform.engine.support.hierarchical.NodeTestTask.lambda$executeRecursively$7(NodeTestTask.java:129) ~[junit-platform-engine-1.7.2.jar:1.7.2]
	at org.junit.platform.engine.support.hierarchical.Node.around(Node.java:137) ~[junit-platform-engine-1.7.2.jar:1.7.2]
	at org.junit.platform.engine.support.hierarchical.NodeTestTask.lambda$executeRecursively$8(NodeTestTask.java:127) ~[junit-platform-engine-1.7.2.jar:1.7.2]
	at org.junit.platform.engine.support.hierarchical.ThrowableCollector.execute(ThrowableCollector.java:73) [junit-platform-engine-1.7.2.jar:1.7.2]
	at org.junit.platform.engine.support.hierarchical.NodeTestTask.executeRecursively(NodeTestTask.java:126) [junit-platform-engine-1.7.2.jar:1.7.2]
	at org.junit.platform.engine.support.hierarchical.NodeTestTask.execute(NodeTestTask.java:84) [junit-platform-engine-1.7.2.jar:1.7.2]
	at org.junit.platform.engine.support.hierarchical.SameThreadHierarchicalTestExecutorService.submit(SameThreadHierarchicalTestExecutorService.java:32) [junit-platform-engine-1.7.2.jar:1.7.2]
	at org.junit.platform.engine.support.hierarchical.HierarchicalTestExecutor.execute(HierarchicalTestExecutor.java:57) [junit-platform-engine-1.7.2.jar:1.7.2]
	at org.junit.platform.engine.support.hierarchical.HierarchicalTestEngine.execute(HierarchicalTestEngine.java:51) [junit-platform-engine-1.7.2.jar:1.7.2]
	at org.junit.platform.launcher.core.DefaultLauncher.execute(DefaultLauncher.java:170) [junit-platform-launcher-1.2.0.jar:1.2.0]
	at org.junit.platform.launcher.core.DefaultLauncher.execute(DefaultLauncher.java:154) [junit-platform-launcher-1.2.0.jar:1.2.0]
	at org.junit.platform.launcher.core.DefaultLauncher.execute(DefaultLauncher.java:90) [junit-platform-launcher-1.2.0.jar:1.2.0]
	at org.junit.platform.surefire.provider.JUnitPlatformProvider.invokeAllTests(JUnitPlatformProvider.java:132) [junit-platform-surefire-provider-1.2.0.jar:1.2.0]
	at org.junit.platform.surefire.provider.JUnitPlatformProvider.invoke(JUnitPlatformProvider.java:111) [junit-platform-surefire-provider-1.2.0.jar:1.2.0]
	at org.apache.maven.surefire.booter.ForkedBooter.invokeProviderInSameClassLoader(ForkedBooter.java:379) [surefire-booter-2.21.0.jar:2.21.0]
	at org.apache.maven.surefire.booter.ForkedBooter.runSuitesInProcess(ForkedBooter.java:340) [surefire-booter-2.21.0.jar:2.21.0]
	at org.apache.maven.surefire.booter.ForkedBooter.execute(ForkedBooter.java:125) [surefire-booter-2.21.0.jar:2.21.0]
	at org.apache.maven.surefire.booter.ForkedBooter.main(ForkedBooter.java:413) [surefire-booter-2.21.0.jar:2.21.0]
2025-02-10 21:51:54 [main] INFO : Please select vehicle type from menu
2025-02-10 21:51:54 [main] INFO : 1 CAR
2025-02-10 21:51:54 [main] INFO : 2 BIKE
2025-02-10 21:51:54 [main] INFO : Incorrect input provided
2025-02-10 21:51:54 [main] ERROR: Error parsing user input for type of vehicle
java.lang.IllegalArgumentException: Entered input is invalid
	at com.parkit.parkingsystem.service.ParkingService.getVehichleType(ParkingService.java:142) ~[classes/:?]
	at com.parkit.parkingsystem.service.ParkingService.getNextParkingNumberIfAvailable(ParkingService.java:112) ~[classes/:?]
	at com.parkit.parkingsystem.ParkingServiceTest.testGetNextParkingNumberIfAvailableParkingNumberNotFound(ParkingServiceTest.java:134) ~[test-classes/:?]
	at jdk.internal.reflect.DirectMethodHandleAccessor.invoke(DirectMethodHandleAccessor.java:103) ~[?:?]
	at java.lang.reflect.Method.invoke(Method.java:580) ~[?:?]
	at org.junit.platform.commons.util.ReflectionUtils.invokeMethod(ReflectionUtils.java:688) ~[junit-platform-commons-1.7.2.jar:1.7.2]
	at org.junit.jupiter.engine.execution.MethodInvocation.proceed(MethodInvocation.java:60) ~[junit-jupiter-engine-5.7.2.jar:5.7.2]
	at org.junit.jupiter.engine.execution.InvocationInterceptorChain$ValidatingInvocation.proceed(InvocationInterceptorChain.java:131) ~[junit-jupiter-engine-5.7.2.jar:5.7.2]
	at org.junit.jupiter.engine.extension.TimeoutExtension.intercept(TimeoutExtension.java:149) ~[junit-jupiter-engine-5.7.2.jar:5.7.2]
	at org.junit.jupiter.engine.extension.TimeoutExtension.interceptTestableMethod(TimeoutExtension.java:140) ~[junit-jupiter-engine-5.7.2.jar:5.7.2]
	at org.junit.jupiter.engine.extension.TimeoutExtension.interceptTestMethod(TimeoutExtension.java:84) ~[junit-jupiter-engine-5.7.2.jar:5.7.2]
	at org.junit.jupiter.engine.execution.ExecutableInvoker$ReflectiveInterceptorCall.lambda$ofVoidMethod$0(ExecutableInvoker.java:115) ~[junit-jupiter-engine-5.7.2.jar:5.7.2]
	at org.junit.jupiter.engine.execution.ExecutableInvoker.lambda$invoke$0(ExecutableInvoker.java:105) ~[junit-jupiter-engine-5.7.2.jar:5.7.2]
	at org.junit.jupiter.engine.execution.InvocationInterceptorChain$InterceptedInvocation.proceed(InvocationInterceptorChain.java:106) ~[junit-jupiter-engine-5.7.2.jar:5.7.2]
	at org.junit.jupiter.engine.execution.InvocationInterceptorChain.proceed(InvocationInterceptorChain.java:64) ~[junit-jupiter-engine-5.7.2.jar:5.7.2]
	at org.junit.jupiter.engine.execution.InvocationInterceptorChain.chainAndInvoke(InvocationInterceptorChain.java:45) ~[junit-jupiter-engine-5.7.2.jar:5.7.2]
	at org.junit.jupiter.engine.execution.InvocationInterceptorChain.invoke(InvocationInterceptorChain.java:37) ~[junit-jupiter-engine-5.7.2.jar:5.7.2]
	at org.junit.jupiter.engine.execution.ExecutableInvoker.invoke(ExecutableInvoker.java:104) ~[junit-jupiter-engine-5.7.2.jar:5.7.2]
	at org.junit.jupiter.engine.execution.ExecutableInvoker.invoke(ExecutableInvoker.java:98) ~[junit-jupiter-engine-5.7.2.jar:5.7.2]
	at org.junit.jupiter.engine.descriptor.TestMethodTestDescriptor.lambda$invokeTestMethod$6(TestMethodTestDescriptor.java:210) ~[junit-jupiter-engine-5.7.2.jar:5.7.2]
	at org.junit.platform.engine.support.hierarchical.ThrowableCollector.execute(ThrowableCollector.java:73) ~[junit-platform-engine-1.7.2.jar:1.7.2]
	at org.junit.jupiter.engine.descriptor.TestMethodTestDescriptor.invokeTestMethod(TestMethodTestDescriptor.java:206) ~[junit-jupiter-engine-5.7.2.jar:5.7.2]
	at org.junit.jupiter.engine.descriptor.TestMethodTestDescriptor.execute(TestMethodTestDescriptor.java:131) ~[junit-jupiter-engine-5.7.2.jar:5.7.2]
	at org.junit.jupiter.engine.descriptor.TestMethodTestDescriptor.execute(TestMethodTestDescriptor.java:65) ~[junit-jupiter-engine-5.7.2.jar:5.7.2]
	at org.junit.platform.engine.support.hierarchical.NodeTestTask.lambda$executeRecursively$5(NodeTestTask.java:139) ~[junit-platform-engine-1.7.2.jar:1.7.2]
	at org.junit.platform.engine.support.hierarchical.ThrowableCollector.execute(ThrowableCollector.java:73) ~[junit-platform-engine-1.7.2.jar:1.7.2]
	at org.junit.platform.engine.support.hierarchical.NodeTestTask.lambda$executeRecursively$7(NodeTestTask.java:129) ~[junit-platform-engine-1.7.2.jar:1.7.2]
	at org.junit.platform.engine.support.hierarchical.Node.around(Node.java:137) ~[junit-platform-engine-1.7.2.jar:1.7.2]
	at org.junit.platform.engine.support.hierarchical.NodeTestTask.lambda$executeRecursively$8(NodeTestTask.java:127) ~[junit-platform-engine-1.7.2.jar:1.7.2]
	at org.junit.platform.engine.support.hierarchical.ThrowableCollector.execute(ThrowableCollector.java:73) ~[junit-platform-engine-1.7.2.jar:1.7.2]
	at org.junit.platform.engine.support.hierarchical.NodeTestTask.executeRecursively(NodeTestTask.java:126) ~[junit-platform-engine-1.7.2.jar:1.7.2]
	at org.junit.platform.engine.support.hierarchical.NodeTestTask.execute(NodeTestTask.java:84) ~[junit-platform-engine-1.7.2.jar:1.7.2]
	at java.util.ArrayList.forEach(ArrayList.java:1597) ~[?:?]
	at org.junit.platform.engine.support.hierarchical.SameThreadHierarchicalTestExecutorService.invokeAll(SameThreadHierarchicalTestExecutorService.java:38) ~[junit-platform-engine-1.7.2.jar:1.7.2]
	at org.junit.platform.engine.support.hierarchical.NodeTestTask.lambda$executeRecursively$5(NodeTestTask.java:143) ~[junit-platform-engine-1.7.2.jar:1.7.2]
	at org.junit.platform.engine.support.hierarchical.ThrowableCollector.execute(ThrowableCollector.java:73) ~[junit-platform-engine-1.7.2.jar:1.7.2]
	at org.junit.platform.engine.support.hierarchical.NodeTestTask.lambda$executeRecursively$7(NodeTestTask.java:129) ~[junit-platform-engine-1.7.2.jar:1.7.2]
	at org.junit.platform.engine.support.hierarchical.Node.around(Node.java:137) ~[junit-platform-engine-1.7.2.jar:1.7.2]
	at org.junit.platform.engine.support.hierarchical.NodeTestTask.lambda$executeRecursively$8(NodeTestTask.java:127) ~[junit-platform-engine-1.7.2.jar:1.7.2]
	at org.junit.platform.engine.support.hierarchical.ThrowableCollector.execute(ThrowableCollector.java:73) ~[junit-platform-engine-1.7.2.jar:1.7.2]
	at org.junit.platform.engine.support.hierarchical.NodeTestTask.executeRecursively(NodeTestTask.java:126) ~[junit-platform-engine-1.7.2.jar:1.7.2]
	at org.junit.platform.engine.support.hierarchical.NodeTestTask.execute(NodeTestTask.java:84) ~[junit-platform-engine-1.7.2.jar:1.7.2]
	at java.util.ArrayList.forEach(ArrayList.java:1597) ~[?:?]
	at org.junit.platform.engine.support.hierarchical.SameThreadHierarchicalTestExecutorService.invokeAll(SameThreadHierarchicalTestExecutorService.java:38) ~[junit-platform-engine-1.7.2.jar:1.7.2]
	at org.junit.platform.engine.support.hierarchical.NodeTestTask.lambda$executeRecursively$5(NodeTestTask.java:143) ~[junit-platform-engine-1.7.2.jar:1.7.2]
	at org.junit.platform.engine.support.hierarchical.ThrowableCollector.execute(ThrowableCollector.java:73) ~[junit-platform-engine-1.7.2.jar:1.7.2]
	at org.junit.platform.engine.support.hierarchical.NodeTestTask.lambda$executeRecursively$7(NodeTestTask.java:129) ~[junit-platform-engine-1.7.2.jar:1.7.2]
	at org.junit.platform.engine.support.hierarchical.Node.around(Node.java:137) ~[junit-platform-engine-1.7.2.jar:1.7.2]
	at org.junit.platform.engine.support.hierarchical.NodeTestTask.lambda$executeRecursively$8(NodeTestTask.java:127) ~[junit-platform-engine-1.7.2.jar:1.7.2]
	at org.junit.platform.engine.support.hierarchical.ThrowableCollector.execute(ThrowableCollector.java:73) [junit-platform-engine-1.7.2.jar:1.7.2]
	at org.junit.platform.engine.support.hierarchical.NodeTestTask.executeRecursively(NodeTestTask.java:126) [junit-platform-engine-1.7.2.jar:1.7.2]
	at org.junit.platform.engine.support.hierarchical.NodeTestTask.execute(NodeTestTask.java:84) [junit-platform-engine-1.7.2.jar:1.7.2]
	at org.junit.platform.engine.support.hierarchical.SameThreadHierarchicalTestExecutorService.submit(SameThreadHierarchicalTestExecutorService.java:32) [junit-platform-engine-1.7.2.jar:1.7.2]
	at org.junit.platform.engine.support.hierarchical.HierarchicalTestExecutor.execute(HierarchicalTestExecutor.java:57) [junit-platform-engine-1.7.2.jar:1.7.2]
	at org.junit.platform.engine.support.hierarchical.HierarchicalTestEngine.execute(HierarchicalTestEngine.java:51) [junit-platform-engine-1.7.2.jar:1.7.2]
	at org.junit.platform.launcher.core.DefaultLauncher.execute(DefaultLauncher.java:170) [junit-platform-launcher-1.2.0.jar:1.2.0]
	at org.junit.platform.launcher.core.DefaultLauncher.execute(DefaultLauncher.java:154) [junit-platform-launcher-1.2.0.jar:1.2.0]
	at org.junit.platform.launcher.core.DefaultLauncher.execute(DefaultLauncher.java:90) [junit-platform-launcher-1.2.0.jar:1.2.0]
	at org.junit.platform.surefire.provider.JUnitPlatformProvider.invokeAllTests(JUnitPlatformProvider.java:132) [junit-platform-surefire-provider-1.2.0.jar:1.2.0]
	at org.junit.platform.surefire.provider.JUnitPlatformProvider.invoke(JUnitPlatformProvider.java:111) [junit-platform-surefire-provider-1.2.0.jar:1.2.0]
	at org.apache.maven.surefire.booter.ForkedBooter.invokeProviderInSameClassLoader(ForkedBooter.java:379) [surefire-booter-2.21.0.jar:2.21.0]
	at org.apache.maven.surefire.booter.ForkedBooter.runSuitesInProcess(ForkedBooter.java:340) [surefire-booter-2.21.0.jar:2.21.0]
	at org.apache.maven.surefire.booter.ForkedBooter.execute(ForkedBooter.java:125) [surefire-booter-2.21.0.jar:2.21.0]
	at org.apache.maven.surefire.booter.ForkedBooter.main(ForkedBooter.java:413) [surefire-booter-2.21.0.jar:2.21.0]
2025-02-10 21:51:55 [main] ERROR: Unable to process exiting vehicle
java.lang.NullPointerException: Cannot invoke "Object.getClass()" because "date" is null
	at java.util.Date.getMillisOf(Date.java:956) ~[?:?]
	at java.util.Date.before(Date.java:915) ~[?:?]
	at com.parkit.parkingsystem.service.FareCalculatorService.calculateFare(FareCalculatorService.java:15) ~[classes/:?]
	at com.parkit.parkingsystem.service.ParkingService.processExitingVehicle(ParkingService.java:155) ~[classes/:?]
	at com.parkit.parkingsystem.ParkingServiceTest.processExitingVehicleTestUnableUpdate(ParkingServiceTest.java:107) ~[test-classes/:?]
	at jdk.internal.reflect.DirectMethodHandleAccessor.invoke(DirectMethodHandleAccessor.java:103) ~[?:?]
	at java.lang.reflect.Method.invoke(Method.java:580) ~[?:?]
	at org.junit.platform.commons.util.ReflectionUtils.invokeMethod(ReflectionUtils.java:688) ~[junit-platform-commons-1.7.2.jar:1.7.2]
	at org.junit.jupiter.engine.execution.MethodInvocation.proceed(MethodInvocation.java:60) ~[junit-jupiter-engine-5.7.2.jar:5.7.2]
	at org.junit.jupiter.engine.execution.InvocationInterceptorChain$ValidatingInvocation.proceed(InvocationInterceptorChain.java:131) ~[junit-jupiter-engine-5.7.2.jar:5.7.2]
	at org.junit.jupiter.engine.extension.TimeoutExtension.intercept(TimeoutExtension.java:149) ~[junit-jupiter-engine-5.7.2.jar:5.7.2]
	at org.junit.jupiter.engine.extension.TimeoutExtension.interceptTestableMethod(TimeoutExtension.java:140) ~[junit-jupiter-engine-5.7.2.jar:5.7.2]
	at org.junit.jupiter.engine.extension.TimeoutExtension.interceptTestMethod(TimeoutExtension.java:84) ~[junit-jupiter-engine-5.7.2.jar:5.7.2]
	at org.junit.jupiter.engine.execution.ExecutableInvoker$ReflectiveInterceptorCall.lambda$ofVoidMethod$0(ExecutableInvoker.java:115) ~[junit-jupiter-engine-5.7.2.jar:5.7.2]
	at org.junit.jupiter.engine.execution.ExecutableInvoker.lambda$invoke$0(ExecutableInvoker.java:105) ~[junit-jupiter-engine-5.7.2.jar:5.7.2]
	at org.junit.jupiter.engine.execution.InvocationInterceptorChain$InterceptedInvocation.proceed(InvocationInterceptorChain.java:106) ~[junit-jupiter-engine-5.7.2.jar:5.7.2]
	at org.junit.jupiter.engine.execution.InvocationInterceptorChain.proceed(InvocationInterceptorChain.java:64) ~[junit-jupiter-engine-5.7.2.jar:5.7.2]
	at org.junit.jupiter.engine.execution.InvocationInterceptorChain.chainAndInvoke(InvocationInterceptorChain.java:45) ~[junit-jupiter-engine-5.7.2.jar:5.7.2]
	at org.junit.jupiter.engine.execution.InvocationInterceptorChain.invoke(InvocationInterceptorChain.java:37) ~[junit-jupiter-engine-5.7.2.jar:5.7.2]
	at org.junit.jupiter.engine.execution.ExecutableInvoker.invoke(ExecutableInvoker.java:104) ~[junit-jupiter-engine-5.7.2.jar:5.7.2]
	at org.junit.jupiter.engine.execution.ExecutableInvoker.invoke(ExecutableInvoker.java:98) ~[junit-jupiter-engine-5.7.2.jar:5.7.2]
	at org.junit.jupiter.engine.descriptor.TestMethodTestDescriptor.lambda$invokeTestMethod$6(TestMethodTestDescriptor.java:210) ~[junit-jupiter-engine-5.7.2.jar:5.7.2]
	at org.junit.platform.engine.support.hierarchical.ThrowableCollector.execute(ThrowableCollector.java:73) ~[junit-platform-engine-1.7.2.jar:1.7.2]
	at org.junit.jupiter.engine.descriptor.TestMethodTestDescriptor.invokeTestMethod(TestMethodTestDescriptor.java:206) ~[junit-jupiter-engine-5.7.2.jar:5.7.2]
	at org.junit.jupiter.engine.descriptor.TestMethodTestDescriptor.execute(TestMethodTestDescriptor.java:131) ~[junit-jupiter-engine-5.7.2.jar:5.7.2]
	at org.junit.jupiter.engine.descriptor.TestMethodTestDescriptor.execute(TestMethodTestDescriptor.java:65) ~[junit-jupiter-engine-5.7.2.jar:5.7.2]
	at org.junit.platform.engine.support.hierarchical.NodeTestTask.lambda$executeRecursively$5(NodeTestTask.java:139) ~[junit-platform-engine-1.7.2.jar:1.7.2]
	at org.junit.platform.engine.support.hierarchical.ThrowableCollector.execute(ThrowableCollector.java:73) ~[junit-platform-engine-1.7.2.jar:1.7.2]
	at org.junit.platform.engine.support.hierarchical.NodeTestTask.lambda$executeRecursively$7(NodeTestTask.java:129) ~[junit-platform-engine-1.7.2.jar:1.7.2]
	at org.junit.platform.engine.support.hierarchical.Node.around(Node.java:137) ~[junit-platform-engine-1.7.2.jar:1.7.2]
	at org.junit.platform.engine.support.hierarchical.NodeTestTask.lambda$executeRecursively$8(NodeTestTask.java:127) ~[junit-platform-engine-1.7.2.jar:1.7.2]
	at org.junit.platform.engine.support.hierarchical.ThrowableCollector.execute(ThrowableCollector.java:73) ~[junit-platform-engine-1.7.2.jar:1.7.2]
	at org.junit.platform.engine.support.hierarchical.NodeTestTask.executeRecursively(NodeTestTask.java:126) ~[junit-platform-engine-1.7.2.jar:1.7.2]
	at org.junit.platform.engine.support.hierarchical.NodeTestTask.execute(NodeTestTask.java:84) ~[junit-platform-engine-1.7.2.jar:1.7.2]
	at java.util.ArrayList.forEach(ArrayList.java:1597) ~[?:?]
	at org.junit.platform.engine.support.hierarchical.SameThreadHierarchicalTestExecutorService.invokeAll(SameThreadHierarchicalTestExecutorService.java:38) ~[junit-platform-engine-1.7.2.jar:1.7.2]
	at org.junit.platform.engine.support.hierarchical.NodeTestTask.lambda$executeRecursively$5(NodeTestTask.java:143) ~[junit-platform-engine-1.7.2.jar:1.7.2]
	at org.junit.platform.engine.support.hierarchical.ThrowableCollector.execute(ThrowableCollector.java:73) ~[junit-platform-engine-1.7.2.jar:1.7.2]
	at org.junit.platform.engine.support.hierarchical.NodeTestTask.lambda$executeRecursively$7(NodeTestTask.java:129) ~[junit-platform-engine-1.7.2.jar:1.7.2]
	at org.junit.platform.engine.support.hierarchical.Node.around(Node.java:137) ~[junit-platform-engine-1.7.2.jar:1.7.2]
	at org.junit.platform.engine.support.hierarchical.NodeTestTask.lambda$executeRecursively$8(NodeTestTask.java:127) ~[junit-platform-engine-1.7.2.jar:1.7.2]
	at org.junit.platform.engine.support.hierarchical.ThrowableCollector.execute(ThrowableCollector.java:73) ~[junit-platform-engine-1.7.2.jar:1.7.2]
	at org.junit.platform.engine.support.hierarchical.NodeTestTask.executeRecursively(NodeTestTask.java:126) ~[junit-platform-engine-1.7.2.jar:1.7.2]
	at org.junit.platform.engine.support.hierarchical.NodeTestTask.execute(NodeTestTask.java:84) ~[junit-platform-engine-1.7.2.jar:1.7.2]
	at java.util.ArrayList.forEach(ArrayList.java:1597) ~[?:?]
	at org.junit.platform.engine.support.hierarchical.SameThreadHierarchicalTestExecutorService.invokeAll(SameThreadHierarchicalTestExecutorService.java:38) ~[junit-platform-engine-1.7.2.jar:1.7.2]
	at org.junit.platform.engine.support.hierarchical.NodeTestTask.lambda$executeRecursively$5(NodeTestTask.java:143) ~[junit-platform-engine-1.7.2.jar:1.7.2]
	at org.junit.platform.engine.support.hierarchical.ThrowableCollector.execute(ThrowableCollector.java:73) ~[junit-platform-engine-1.7.2.jar:1.7.2]
	at org.junit.platform.engine.support.hierarchical.NodeTestTask.lambda$executeRecursively$7(NodeTestTask.java:129) ~[junit-platform-engine-1.7.2.jar:1.7.2]
	at org.junit.platform.engine.support.hierarchical.Node.around(Node.java:137) ~[junit-platform-engine-1.7.2.jar:1.7.2]
	at org.junit.platform.engine.support.hierarchical.NodeTestTask.lambda$executeRecursively$8(NodeTestTask.java:127) ~[junit-platform-engine-1.7.2.jar:1.7.2]
	at org.junit.platform.engine.support.hierarchical.ThrowableCollector.execute(ThrowableCollector.java:73) [junit-platform-engine-1.7.2.jar:1.7.2]
	at org.junit.platform.engine.support.hierarchical.NodeTestTask.executeRecursively(NodeTestTask.java:126) [junit-platform-engine-1.7.2.jar:1.7.2]
	at org.junit.platform.engine.support.hierarchical.NodeTestTask.execute(NodeTestTask.java:84) [junit-platform-engine-1.7.2.jar:1.7.2]
	at org.junit.platform.engine.support.hierarchical.SameThreadHierarchicalTestExecutorService.submit(SameThreadHierarchicalTestExecutorService.java:32) [junit-platform-engine-1.7.2.jar:1.7.2]
	at org.junit.platform.engine.support.hierarchical.HierarchicalTestExecutor.execute(HierarchicalTestExecutor.java:57) [junit-platform-engine-1.7.2.jar:1.7.2]
	at org.junit.platform.engine.support.hierarchical.HierarchicalTestEngine.execute(HierarchicalTestEngine.java:51) [junit-platform-engine-1.7.2.jar:1.7.2]
	at org.junit.platform.launcher.core.DefaultLauncher.execute(DefaultLauncher.java:170) [junit-platform-launcher-1.2.0.jar:1.2.0]
	at org.junit.platform.launcher.core.DefaultLauncher.execute(DefaultLauncher.java:154) [junit-platform-launcher-1.2.0.jar:1.2.0]
	at org.junit.platform.launcher.core.DefaultLauncher.execute(DefaultLauncher.java:90) [junit-platform-launcher-1.2.0.jar:1.2.0]
	at org.junit.platform.surefire.provider.JUnitPlatformProvider.invokeAllTests(JUnitPlatformProvider.java:132) [junit-platform-surefire-provider-1.2.0.jar:1.2.0]
	at org.junit.platform.surefire.provider.JUnitPlatformProvider.invoke(JUnitPlatformProvider.java:111) [junit-platform-surefire-provider-1.2.0.jar:1.2.0]
	at org.apache.maven.surefire.booter.ForkedBooter.invokeProviderInSameClassLoader(ForkedBooter.java:379) [surefire-booter-2.21.0.jar:2.21.0]
	at org.apache.maven.surefire.booter.ForkedBooter.runSuitesInProcess(ForkedBooter.java:340) [surefire-booter-2.21.0.jar:2.21.0]
	at org.apache.maven.surefire.booter.ForkedBooter.execute(ForkedBooter.java:125) [surefire-booter-2.21.0.jar:2.21.0]
	at org.apache.maven.surefire.booter.ForkedBooter.main(ForkedBooter.java:413) [surefire-booter-2.21.0.jar:2.21.0]
2025-02-10 21:51:55 [main] INFO : Please select vehicle type from menu
2025-02-10 21:51:55 [main] INFO : 1 CAR
2025-02-10 21:51:55 [main] INFO : 2 BIKE
2025-02-10 21:51:55 [main] ERROR: Error fetching parking number from DB. Parking slots might be full
2025-02-10 21:51:55 [main] INFO : Please select vehicle type from menu
2025-02-10 21:51:55 [main] INFO : 1 CAR
2025-02-10 21:51:55 [main] INFO : 2 BIKE
2025-02-10 21:51:55 [main] INFO : Next available parking number is: 1
2025-02-10 21:51:55 [main] ERROR: Unable to process exiting vehicle
java.lang.NullPointerException: Cannot invoke "Object.getClass()" because "date" is null
	at java.util.Date.getMillisOf(Date.java:956) ~[?:?]
	at java.util.Date.before(Date.java:915) ~[?:?]
	at com.parkit.parkingsystem.service.FareCalculatorService.calculateFare(FareCalculatorService.java:15) ~[classes/:?]
	at com.parkit.parkingsystem.service.ParkingService.processExitingVehicle(ParkingService.java:155) ~[classes/:?]
	at com.parkit.parkingsystem.ParkingServiceTest.processExitingVehicleTest(ParkingServiceTest.java:69) ~[test-classes/:?]
	at jdk.internal.reflect.DirectMethodHandleAccessor.invoke(DirectMethodHandleAccessor.java:103) ~[?:?]
	at java.lang.reflect.Method.invoke(Method.java:580) ~[?:?]
	at org.junit.platform.commons.util.ReflectionUtils.invokeMethod(ReflectionUtils.java:688) ~[junit-platform-commons-1.7.2.jar:1.7.2]
	at org.junit.jupiter.engine.execution.MethodInvocation.proceed(MethodInvocation.java:60) ~[junit-jupiter-engine-5.7.2.jar:5.7.2]
	at org.junit.jupiter.engine.execution.InvocationInterceptorChain$ValidatingInvocation.proceed(InvocationInterceptorChain.java:131) ~[junit-jupiter-engine-5.7.2.jar:5.7.2]
	at org.junit.jupiter.engine.extension.TimeoutExtension.intercept(TimeoutExtension.java:149) ~[junit-jupiter-engine-5.7.2.jar:5.7.2]
	at org.junit.jupiter.engine.extension.TimeoutExtension.interceptTestableMethod(TimeoutExtension.java:140) ~[junit-jupiter-engine-5.7.2.jar:5.7.2]
	at org.junit.jupiter.engine.extension.TimeoutExtension.interceptTestMethod(TimeoutExtension.java:84) ~[junit-jupiter-engine-5.7.2.jar:5.7.2]
	at org.junit.jupiter.engine.execution.ExecutableInvoker$ReflectiveInterceptorCall.lambda$ofVoidMethod$0(ExecutableInvoker.java:115) ~[junit-jupiter-engine-5.7.2.jar:5.7.2]
	at org.junit.jupiter.engine.execution.ExecutableInvoker.lambda$invoke$0(ExecutableInvoker.java:105) ~[junit-jupiter-engine-5.7.2.jar:5.7.2]
	at org.junit.jupiter.engine.execution.InvocationInterceptorChain$InterceptedInvocation.proceed(InvocationInterceptorChain.java:106) ~[junit-jupiter-engine-5.7.2.jar:5.7.2]
	at org.junit.jupiter.engine.execution.InvocationInterceptorChain.proceed(InvocationInterceptorChain.java:64) ~[junit-jupiter-engine-5.7.2.jar:5.7.2]
	at org.junit.jupiter.engine.execution.InvocationInterceptorChain.chainAndInvoke(InvocationInterceptorChain.java:45) ~[junit-jupiter-engine-5.7.2.jar:5.7.2]
	at org.junit.jupiter.engine.execution.InvocationInterceptorChain.invoke(InvocationInterceptorChain.java:37) ~[junit-jupiter-engine-5.7.2.jar:5.7.2]
	at org.junit.jupiter.engine.execution.ExecutableInvoker.invoke(ExecutableInvoker.java:104) ~[junit-jupiter-engine-5.7.2.jar:5.7.2]
	at org.junit.jupiter.engine.execution.ExecutableInvoker.invoke(ExecutableInvoker.java:98) ~[junit-jupiter-engine-5.7.2.jar:5.7.2]
	at org.junit.jupiter.engine.descriptor.TestMethodTestDescriptor.lambda$invokeTestMethod$6(TestMethodTestDescriptor.java:210) ~[junit-jupiter-engine-5.7.2.jar:5.7.2]
	at org.junit.platform.engine.support.hierarchical.ThrowableCollector.execute(ThrowableCollector.java:73) ~[junit-platform-engine-1.7.2.jar:1.7.2]
	at org.junit.jupiter.engine.descriptor.TestMethodTestDescriptor.invokeTestMethod(TestMethodTestDescriptor.java:206) ~[junit-jupiter-engine-5.7.2.jar:5.7.2]
	at org.junit.jupiter.engine.descriptor.TestMethodTestDescriptor.execute(TestMethodTestDescriptor.java:131) ~[junit-jupiter-engine-5.7.2.jar:5.7.2]
	at org.junit.jupiter.engine.descriptor.TestMethodTestDescriptor.execute(TestMethodTestDescriptor.java:65) ~[junit-jupiter-engine-5.7.2.jar:5.7.2]
	at org.junit.platform.engine.support.hierarchical.NodeTestTask.lambda$executeRecursively$5(NodeTestTask.java:139) ~[junit-platform-engine-1.7.2.jar:1.7.2]
	at org.junit.platform.engine.support.hierarchical.ThrowableCollector.execute(ThrowableCollector.java:73) ~[junit-platform-engine-1.7.2.jar:1.7.2]
	at org.junit.platform.engine.support.hierarchical.NodeTestTask.lambda$executeRecursively$7(NodeTestTask.java:129) ~[junit-platform-engine-1.7.2.jar:1.7.2]
	at org.junit.platform.engine.support.hierarchical.Node.around(Node.java:137) ~[junit-platform-engine-1.7.2.jar:1.7.2]
	at org.junit.platform.engine.support.hierarchical.NodeTestTask.lambda$executeRecursively$8(NodeTestTask.java:127) ~[junit-platform-engine-1.7.2.jar:1.7.2]
	at org.junit.platform.engine.support.hierarchical.ThrowableCollector.execute(ThrowableCollector.java:73) ~[junit-platform-engine-1.7.2.jar:1.7.2]
	at org.junit.platform.engine.support.hierarchical.NodeTestTask.executeRecursively(NodeTestTask.java:126) ~[junit-platform-engine-1.7.2.jar:1.7.2]
	at org.junit.platform.engine.support.hierarchical.NodeTestTask.execute(NodeTestTask.java:84) ~[junit-platform-engine-1.7.2.jar:1.7.2]
	at java.util.ArrayList.forEach(ArrayList.java:1597) ~[?:?]
	at org.junit.platform.engine.support.hierarchical.SameThreadHierarchicalTestExecutorService.invokeAll(SameThreadHierarchicalTestExecutorService.java:38) ~[junit-platform-engine-1.7.2.jar:1.7.2]
	at org.junit.platform.engine.support.hierarchical.NodeTestTask.lambda$executeRecursively$5(NodeTestTask.java:143) ~[junit-platform-engine-1.7.2.jar:1.7.2]
	at org.junit.platform.engine.support.hierarchical.ThrowableCollector.execute(ThrowableCollector.java:73) ~[junit-platform-engine-1.7.2.jar:1.7.2]
	at org.junit.platform.engine.support.hierarchical.NodeTestTask.lambda$executeRecursively$7(NodeTestTask.java:129) ~[junit-platform-engine-1.7.2.jar:1.7.2]
	at org.junit.platform.engine.support.hierarchical.Node.around(Node.java:137) ~[junit-platform-engine-1.7.2.jar:1.7.2]
	at org.junit.platform.engine.support.hierarchical.NodeTestTask.lambda$executeRecursively$8(NodeTestTask.java:127) ~[junit-platform-engine-1.7.2.jar:1.7.2]
	at org.junit.platform.engine.support.hierarchical.ThrowableCollector.execute(ThrowableCollector.java:73) ~[junit-platform-engine-1.7.2.jar:1.7.2]
	at org.junit.platform.engine.support.hierarchical.NodeTestTask.executeRecursively(NodeTestTask.java:126) ~[junit-platform-engine-1.7.2.jar:1.7.2]
	at org.junit.platform.engine.support.hierarchical.NodeTestTask.execute(NodeTestTask.java:84) ~[junit-platform-engine-1.7.2.jar:1.7.2]
	at java.util.ArrayList.forEach(ArrayList.java:1597) ~[?:?]
	at org.junit.platform.engine.support.hierarchical.SameThreadHierarchicalTestExecutorService.invokeAll(SameThreadHierarchicalTestExecutorService.java:38) ~[junit-platform-engine-1.7.2.jar:1.7.2]
	at org.junit.platform.engine.support.hierarchical.NodeTestTask.lambda$executeRecursively$5(NodeTestTask.java:143) ~[junit-platform-engine-1.7.2.jar:1.7.2]
	at org.junit.platform.engine.support.hierarchical.ThrowableCollector.execute(ThrowableCollector.java:73) ~[junit-platform-engine-1.7.2.jar:1.7.2]
	at org.junit.platform.engine.support.hierarchical.NodeTestTask.lambda$executeRecursively$7(NodeTestTask.java:129) ~[junit-platform-engine-1.7.2.jar:1.7.2]
	at org.junit.platform.engine.support.hierarchical.Node.around(Node.java:137) ~[junit-platform-engine-1.7.2.jar:1.7.2]
	at org.junit.platform.engine.support.hierarchical.NodeTestTask.lambda$executeRecursively$8(NodeTestTask.java:127) ~[junit-platform-engine-1.7.2.jar:1.7.2]
	at org.junit.platform.engine.support.hierarchical.ThrowableCollector.execute(ThrowableCollector.java:73) [junit-platform-engine-1.7.2.jar:1.7.2]
	at org.junit.platform.engine.support.hierarchical.NodeTestTask.executeRecursively(NodeTestTask.java:126) [junit-platform-engine-1.7.2.jar:1.7.2]
	at org.junit.platform.engine.support.hierarchical.NodeTestTask.execute(NodeTestTask.java:84) [junit-platform-engine-1.7.2.jar:1.7.2]
	at org.junit.platform.engine.support.hierarchical.SameThreadHierarchicalTestExecutorService.submit(SameThreadHierarchicalTestExecutorService.java:32) [junit-platform-engine-1.7.2.jar:1.7.2]
	at org.junit.platform.engine.support.hierarchical.HierarchicalTestExecutor.execute(HierarchicalTestExecutor.java:57) [junit-platform-engine-1.7.2.jar:1.7.2]
	at org.junit.platform.engine.support.hierarchical.HierarchicalTestEngine.execute(HierarchicalTestEngine.java:51) [junit-platform-engine-1.7.2.jar:1.7.2]
	at org.junit.platform.launcher.core.DefaultLauncher.execute(DefaultLauncher.java:170) [junit-platform-launcher-1.2.0.jar:1.2.0]
	at org.junit.platform.launcher.core.DefaultLauncher.execute(DefaultLauncher.java:154) [junit-platform-launcher-1.2.0.jar:1.2.0]
	at org.junit.platform.launcher.core.DefaultLauncher.execute(DefaultLauncher.java:90) [junit-platform-launcher-1.2.0.jar:1.2.0]
	at org.junit.platform.surefire.provider.JUnitPlatformProvider.invokeAllTests(JUnitPlatformProvider.java:132) [junit-platform-surefire-provider-1.2.0.jar:1.2.0]
	at org.junit.platform.surefire.provider.JUnitPlatformProvider.invoke(JUnitPlatformProvider.java:111) [junit-platform-surefire-provider-1.2.0.jar:1.2.0]
	at org.apache.maven.surefire.booter.ForkedBooter.invokeProviderInSameClassLoader(ForkedBooter.java:379) [surefire-booter-2.21.0.jar:2.21.0]
	at org.apache.maven.surefire.booter.ForkedBooter.runSuitesInProcess(ForkedBooter.java:340) [surefire-booter-2.21.0.jar:2.21.0]
	at org.apache.maven.surefire.booter.ForkedBooter.execute(ForkedBooter.java:125) [surefire-booter-2.21.0.jar:2.21.0]
	at org.apache.maven.surefire.booter.ForkedBooter.main(ForkedBooter.java:413) [surefire-booter-2.21.0.jar:2.21.0]
2025-02-10 21:51:55 [main] INFO : Generated Ticket and saved in DB
2025-02-10 21:51:55 [main] INFO : Please park your vehicle in spot number: 1
2025-02-10 21:51:55 [main] INFO : Recorded in-time for vehicle number: ABCDEF is: 2025-02-10T21:51:55.458+1100
2025-02-10 21:51:55 [main] ERROR: Unable to process incoming vehicle
java.lang.NullPointerException: Cannot invoke "java.util.Date.toString()" because the return value of "com.parkit.parkingsystem.model.Ticket.getOutTime()" is null
	at com.parkit.parkingsystem.service.FareCalculatorService.calculateFare(FareCalculatorService.java:16) ~[classes/:?]
	at com.parkit.parkingsystem.service.ParkingService.processIncomingVehicle(ParkingService.java:95) ~[classes/:?]
	at com.parkit.parkingsystem.ParkingServiceTest.testProcessIncomingVehicle(ParkingServiceTest.java:85) ~[test-classes/:?]
	at jdk.internal.reflect.DirectMethodHandleAccessor.invoke(DirectMethodHandleAccessor.java:103) ~[?:?]
	at java.lang.reflect.Method.invoke(Method.java:580) ~[?:?]
	at org.junit.platform.commons.util.ReflectionUtils.invokeMethod(ReflectionUtils.java:688) ~[junit-platform-commons-1.7.2.jar:1.7.2]
	at org.junit.jupiter.engine.execution.MethodInvocation.proceed(MethodInvocation.java:60) ~[junit-jupiter-engine-5.7.2.jar:5.7.2]
	at org.junit.jupiter.engine.execution.InvocationInterceptorChain$ValidatingInvocation.proceed(InvocationInterceptorChain.java:131) ~[junit-jupiter-engine-5.7.2.jar:5.7.2]
	at org.junit.jupiter.engine.extension.TimeoutExtension.intercept(TimeoutExtension.java:149) ~[junit-jupiter-engine-5.7.2.jar:5.7.2]
	at org.junit.jupiter.engine.extension.TimeoutExtension.interceptTestableMethod(TimeoutExtension.java:140) ~[junit-jupiter-engine-5.7.2.jar:5.7.2]
	at org.junit.jupiter.engine.extension.TimeoutExtension.interceptTestMethod(TimeoutExtension.java:84) ~[junit-jupiter-engine-5.7.2.jar:5.7.2]
	at org.junit.jupiter.engine.execution.ExecutableInvoker$ReflectiveInterceptorCall.lambda$ofVoidMethod$0(ExecutableInvoker.java:115) ~[junit-jupiter-engine-5.7.2.jar:5.7.2]
	at org.junit.jupiter.engine.execution.ExecutableInvoker.lambda$invoke$0(ExecutableInvoker.java:105) ~[junit-jupiter-engine-5.7.2.jar:5.7.2]
	at org.junit.jupiter.engine.execution.InvocationInterceptorChain$InterceptedInvocation.proceed(InvocationInterceptorChain.java:106) ~[junit-jupiter-engine-5.7.2.jar:5.7.2]
	at org.junit.jupiter.engine.execution.InvocationInterceptorChain.proceed(InvocationInterceptorChain.java:64) ~[junit-jupiter-engine-5.7.2.jar:5.7.2]
	at org.junit.jupiter.engine.execution.InvocationInterceptorChain.chainAndInvoke(InvocationInterceptorChain.java:45) ~[junit-jupiter-engine-5.7.2.jar:5.7.2]
	at org.junit.jupiter.engine.execution.InvocationInterceptorChain.invoke(InvocationInterceptorChain.java:37) ~[junit-jupiter-engine-5.7.2.jar:5.7.2]
	at org.junit.jupiter.engine.execution.ExecutableInvoker.invoke(ExecutableInvoker.java:104) ~[junit-jupiter-engine-5.7.2.jar:5.7.2]
	at org.junit.jupiter.engine.execution.ExecutableInvoker.invoke(ExecutableInvoker.java:98) ~[junit-jupiter-engine-5.7.2.jar:5.7.2]
	at org.junit.jupiter.engine.descriptor.TestMethodTestDescriptor.lambda$invokeTestMethod$6(TestMethodTestDescriptor.java:210) ~[junit-jupiter-engine-5.7.2.jar:5.7.2]
	at org.junit.platform.engine.support.hierarchical.ThrowableCollector.execute(ThrowableCollector.java:73) ~[junit-platform-engine-1.7.2.jar:1.7.2]
	at org.junit.jupiter.engine.descriptor.TestMethodTestDescriptor.invokeTestMethod(TestMethodTestDescriptor.java:206) ~[junit-jupiter-engine-5.7.2.jar:5.7.2]
	at org.junit.jupiter.engine.descriptor.TestMethodTestDescriptor.execute(TestMethodTestDescriptor.java:131) ~[junit-jupiter-engine-5.7.2.jar:5.7.2]
	at org.junit.jupiter.engine.descriptor.TestMethodTestDescriptor.execute(TestMethodTestDescriptor.java:65) ~[junit-jupiter-engine-5.7.2.jar:5.7.2]
	at org.junit.platform.engine.support.hierarchical.NodeTestTask.lambda$executeRecursively$5(NodeTestTask.java:139) ~[junit-platform-engine-1.7.2.jar:1.7.2]
	at org.junit.platform.engine.support.hierarchical.ThrowableCollector.execute(ThrowableCollector.java:73) ~[junit-platform-engine-1.7.2.jar:1.7.2]
	at org.junit.platform.engine.support.hierarchical.NodeTestTask.lambda$executeRecursively$7(NodeTestTask.java:129) ~[junit-platform-engine-1.7.2.jar:1.7.2]
	at org.junit.platform.engine.support.hierarchical.Node.around(Node.java:137) ~[junit-platform-engine-1.7.2.jar:1.7.2]
	at org.junit.platform.engine.support.hierarchical.NodeTestTask.lambda$executeRecursively$8(NodeTestTask.java:127) ~[junit-platform-engine-1.7.2.jar:1.7.2]
	at org.junit.platform.engine.support.hierarchical.ThrowableCollector.execute(ThrowableCollector.java:73) ~[junit-platform-engine-1.7.2.jar:1.7.2]
	at org.junit.platform.engine.support.hierarchical.NodeTestTask.executeRecursively(NodeTestTask.java:126) ~[junit-platform-engine-1.7.2.jar:1.7.2]
	at org.junit.platform.engine.support.hierarchical.NodeTestTask.execute(NodeTestTask.java:84) ~[junit-platform-engine-1.7.2.jar:1.7.2]
	at java.util.ArrayList.forEach(ArrayList.java:1597) ~[?:?]
	at org.junit.platform.engine.support.hierarchical.SameThreadHierarchicalTestExecutorService.invokeAll(SameThreadHierarchicalTestExecutorService.java:38) ~[junit-platform-engine-1.7.2.jar:1.7.2]
	at org.junit.platform.engine.support.hierarchical.NodeTestTask.lambda$executeRecursively$5(NodeTestTask.java:143) ~[junit-platform-engine-1.7.2.jar:1.7.2]
	at org.junit.platform.engine.support.hierarchical.ThrowableCollector.execute(ThrowableCollector.java:73) ~[junit-platform-engine-1.7.2.jar:1.7.2]
	at org.junit.platform.engine.support.hierarchical.NodeTestTask.lambda$executeRecursively$7(NodeTestTask.java:129) ~[junit-platform-engine-1.7.2.jar:1.7.2]
	at org.junit.platform.engine.support.hierarchical.Node.around(Node.java:137) ~[junit-platform-engine-1.7.2.jar:1.7.2]
	at org.junit.platform.engine.support.hierarchical.NodeTestTask.lambda$executeRecursively$8(NodeTestTask.java:127) ~[junit-platform-engine-1.7.2.jar:1.7.2]
	at org.junit.platform.engine.support.hierarchical.ThrowableCollector.execute(ThrowableCollector.java:73) ~[junit-platform-engine-1.7.2.jar:1.7.2]
	at org.junit.platform.engine.support.hierarchical.NodeTestTask.executeRecursively(NodeTestTask.java:126) ~[junit-platform-engine-1.7.2.jar:1.7.2]
	at org.junit.platform.engine.support.hierarchical.NodeTestTask.execute(NodeTestTask.java:84) ~[junit-platform-engine-1.7.2.jar:1.7.2]
	at java.util.ArrayList.forEach(ArrayList.java:1597) ~[?:?]
	at org.junit.platform.engine.support.hierarchical.SameThreadHierarchicalTestExecutorService.invokeAll(SameThreadHierarchicalTestExecutorService.java:38) ~[junit-platform-engine-1.7.2.jar:1.7.2]
	at org.junit.platform.engine.support.hierarchical.NodeTestTask.lambda$executeRecursively$5(NodeTestTask.java:143) ~[junit-platform-engine-1.7.2.jar:1.7.2]
	at org.junit.platform.engine.support.hierarchical.ThrowableCollector.execute(ThrowableCollector.java:73) ~[junit-platform-engine-1.7.2.jar:1.7.2]
	at org.junit.platform.engine.support.hierarchical.NodeTestTask.lambda$executeRecursively$7(NodeTestTask.java:129) ~[junit-platform-engine-1.7.2.jar:1.7.2]
	at org.junit.platform.engine.support.hierarchical.Node.around(Node.java:137) ~[junit-platform-engine-1.7.2.jar:1.7.2]
	at org.junit.platform.engine.support.hierarchical.NodeTestTask.lambda$executeRecursively$8(NodeTestTask.java:127) ~[junit-platform-engine-1.7.2.jar:1.7.2]
	at org.junit.platform.engine.support.hierarchical.ThrowableCollector.execute(ThrowableCollector.java:73) [junit-platform-engine-1.7.2.jar:1.7.2]
	at org.junit.platform.engine.support.hierarchical.NodeTestTask.executeRecursively(NodeTestTask.java:126) [junit-platform-engine-1.7.2.jar:1.7.2]
	at org.junit.platform.engine.support.hierarchical.NodeTestTask.execute(NodeTestTask.java:84) [junit-platform-engine-1.7.2.jar:1.7.2]
	at org.junit.platform.engine.support.hierarchical.SameThreadHierarchicalTestExecutorService.submit(SameThreadHierarchicalTestExecutorService.java:32) [junit-platform-engine-1.7.2.jar:1.7.2]
	at org.junit.platform.engine.support.hierarchical.HierarchicalTestExecutor.execute(HierarchicalTestExecutor.java:57) [junit-platform-engine-1.7.2.jar:1.7.2]
	at org.junit.platform.engine.support.hierarchical.HierarchicalTestEngine.execute(HierarchicalTestEngine.java:51) [junit-platform-engine-1.7.2.jar:1.7.2]
	at org.junit.platform.launcher.core.DefaultLauncher.execute(DefaultLauncher.java:170) [junit-platform-launcher-1.2.0.jar:1.2.0]
	at org.junit.platform.launcher.core.DefaultLauncher.execute(DefaultLauncher.java:154) [junit-platform-launcher-1.2.0.jar:1.2.0]
	at org.junit.platform.launcher.core.DefaultLauncher.execute(DefaultLauncher.java:90) [junit-platform-launcher-1.2.0.jar:1.2.0]
	at org.junit.platform.surefire.provider.JUnitPlatformProvider.invokeAllTests(JUnitPlatformProvider.java:132) [junit-platform-surefire-provider-1.2.0.jar:1.2.0]
	at org.junit.platform.surefire.provider.JUnitPlatformProvider.invoke(JUnitPlatformProvider.java:111) [junit-platform-surefire-provider-1.2.0.jar:1.2.0]
	at org.apache.maven.surefire.booter.ForkedBooter.invokeProviderInSameClassLoader(ForkedBooter.java:379) [surefire-booter-2.21.0.jar:2.21.0]
	at org.apache.maven.surefire.booter.ForkedBooter.runSuitesInProcess(ForkedBooter.java:340) [surefire-booter-2.21.0.jar:2.21.0]
	at org.apache.maven.surefire.booter.ForkedBooter.execute(ForkedBooter.java:125) [surefire-booter-2.21.0.jar:2.21.0]
	at org.apache.maven.surefire.booter.ForkedBooter.main(ForkedBooter.java:413) [surefire-booter-2.21.0.jar:2.21.0]
2025-02-10 22:01:30 [main] INFO : Please select vehicle type from menu
2025-02-10 22:01:30 [main] INFO : 1 CAR
2025-02-10 22:01:30 [main] INFO : 2 BIKE
2025-02-10 22:01:30 [main] INFO : Incorrect input provided
2025-02-10 22:01:30 [main] ERROR: Error parsing user input for type of vehicle
java.lang.IllegalArgumentException: Entered input is invalid
	at com.parkit.parkingsystem.service.ParkingService.getVehichleType(ParkingService.java:142) ~[classes/:?]
	at com.parkit.parkingsystem.service.ParkingService.getNextParkingNumberIfAvailable(ParkingService.java:112) ~[classes/:?]
	at com.parkit.parkingsystem.ParkingServiceTest.testGetNextParkingNumberIfAvailableParkingNumberNotFound(ParkingServiceTest.java:134) ~[test-classes/:?]
	at jdk.internal.reflect.DirectMethodHandleAccessor.invoke(DirectMethodHandleAccessor.java:103) ~[?:?]
	at java.lang.reflect.Method.invoke(Method.java:580) ~[?:?]
	at org.junit.platform.commons.util.ReflectionUtils.invokeMethod(ReflectionUtils.java:688) ~[junit-platform-commons-1.7.2.jar:1.7.2]
	at org.junit.jupiter.engine.execution.MethodInvocation.proceed(MethodInvocation.java:60) ~[junit-jupiter-engine-5.7.2.jar:5.7.2]
	at org.junit.jupiter.engine.execution.InvocationInterceptorChain$ValidatingInvocation.proceed(InvocationInterceptorChain.java:131) ~[junit-jupiter-engine-5.7.2.jar:5.7.2]
	at org.junit.jupiter.engine.extension.TimeoutExtension.intercept(TimeoutExtension.java:149) ~[junit-jupiter-engine-5.7.2.jar:5.7.2]
	at org.junit.jupiter.engine.extension.TimeoutExtension.interceptTestableMethod(TimeoutExtension.java:140) ~[junit-jupiter-engine-5.7.2.jar:5.7.2]
	at org.junit.jupiter.engine.extension.TimeoutExtension.interceptTestMethod(TimeoutExtension.java:84) ~[junit-jupiter-engine-5.7.2.jar:5.7.2]
	at org.junit.jupiter.engine.execution.ExecutableInvoker$ReflectiveInterceptorCall.lambda$ofVoidMethod$0(ExecutableInvoker.java:115) ~[junit-jupiter-engine-5.7.2.jar:5.7.2]
	at org.junit.jupiter.engine.execution.ExecutableInvoker.lambda$invoke$0(ExecutableInvoker.java:105) ~[junit-jupiter-engine-5.7.2.jar:5.7.2]
	at org.junit.jupiter.engine.execution.InvocationInterceptorChain$InterceptedInvocation.proceed(InvocationInterceptorChain.java:106) ~[junit-jupiter-engine-5.7.2.jar:5.7.2]
	at org.junit.jupiter.engine.execution.InvocationInterceptorChain.proceed(InvocationInterceptorChain.java:64) ~[junit-jupiter-engine-5.7.2.jar:5.7.2]
	at org.junit.jupiter.engine.execution.InvocationInterceptorChain.chainAndInvoke(InvocationInterceptorChain.java:45) ~[junit-jupiter-engine-5.7.2.jar:5.7.2]
	at org.junit.jupiter.engine.execution.InvocationInterceptorChain.invoke(InvocationInterceptorChain.java:37) ~[junit-jupiter-engine-5.7.2.jar:5.7.2]
	at org.junit.jupiter.engine.execution.ExecutableInvoker.invoke(ExecutableInvoker.java:104) ~[junit-jupiter-engine-5.7.2.jar:5.7.2]
	at org.junit.jupiter.engine.execution.ExecutableInvoker.invoke(ExecutableInvoker.java:98) ~[junit-jupiter-engine-5.7.2.jar:5.7.2]
	at org.junit.jupiter.engine.descriptor.TestMethodTestDescriptor.lambda$invokeTestMethod$6(TestMethodTestDescriptor.java:210) ~[junit-jupiter-engine-5.7.2.jar:5.7.2]
	at org.junit.platform.engine.support.hierarchical.ThrowableCollector.execute(ThrowableCollector.java:73) ~[junit-platform-engine-1.7.2.jar:1.7.2]
	at org.junit.jupiter.engine.descriptor.TestMethodTestDescriptor.invokeTestMethod(TestMethodTestDescriptor.java:206) ~[junit-jupiter-engine-5.7.2.jar:5.7.2]
	at org.junit.jupiter.engine.descriptor.TestMethodTestDescriptor.execute(TestMethodTestDescriptor.java:131) ~[junit-jupiter-engine-5.7.2.jar:5.7.2]
	at org.junit.jupiter.engine.descriptor.TestMethodTestDescriptor.execute(TestMethodTestDescriptor.java:65) ~[junit-jupiter-engine-5.7.2.jar:5.7.2]
	at org.junit.platform.engine.support.hierarchical.NodeTestTask.lambda$executeRecursively$5(NodeTestTask.java:139) ~[junit-platform-engine-1.7.2.jar:1.7.2]
	at org.junit.platform.engine.support.hierarchical.ThrowableCollector.execute(ThrowableCollector.java:73) ~[junit-platform-engine-1.7.2.jar:1.7.2]
	at org.junit.platform.engine.support.hierarchical.NodeTestTask.lambda$executeRecursively$7(NodeTestTask.java:129) ~[junit-platform-engine-1.7.2.jar:1.7.2]
	at org.junit.platform.engine.support.hierarchical.Node.around(Node.java:137) ~[junit-platform-engine-1.7.2.jar:1.7.2]
	at org.junit.platform.engine.support.hierarchical.NodeTestTask.lambda$executeRecursively$8(NodeTestTask.java:127) ~[junit-platform-engine-1.7.2.jar:1.7.2]
	at org.junit.platform.engine.support.hierarchical.ThrowableCollector.execute(ThrowableCollector.java:73) ~[junit-platform-engine-1.7.2.jar:1.7.2]
	at org.junit.platform.engine.support.hierarchical.NodeTestTask.executeRecursively(NodeTestTask.java:126) ~[junit-platform-engine-1.7.2.jar:1.7.2]
	at org.junit.platform.engine.support.hierarchical.NodeTestTask.execute(NodeTestTask.java:84) ~[junit-platform-engine-1.7.2.jar:1.7.2]
	at java.util.ArrayList.forEach(ArrayList.java:1597) ~[?:?]
	at org.junit.platform.engine.support.hierarchical.SameThreadHierarchicalTestExecutorService.invokeAll(SameThreadHierarchicalTestExecutorService.java:38) ~[junit-platform-engine-1.7.2.jar:1.7.2]
	at org.junit.platform.engine.support.hierarchical.NodeTestTask.lambda$executeRecursively$5(NodeTestTask.java:143) ~[junit-platform-engine-1.7.2.jar:1.7.2]
	at org.junit.platform.engine.support.hierarchical.ThrowableCollector.execute(ThrowableCollector.java:73) ~[junit-platform-engine-1.7.2.jar:1.7.2]
	at org.junit.platform.engine.support.hierarchical.NodeTestTask.lambda$executeRecursively$7(NodeTestTask.java:129) ~[junit-platform-engine-1.7.2.jar:1.7.2]
	at org.junit.platform.engine.support.hierarchical.Node.around(Node.java:137) ~[junit-platform-engine-1.7.2.jar:1.7.2]
	at org.junit.platform.engine.support.hierarchical.NodeTestTask.lambda$executeRecursively$8(NodeTestTask.java:127) ~[junit-platform-engine-1.7.2.jar:1.7.2]
	at org.junit.platform.engine.support.hierarchical.ThrowableCollector.execute(ThrowableCollector.java:73) ~[junit-platform-engine-1.7.2.jar:1.7.2]
	at org.junit.platform.engine.support.hierarchical.NodeTestTask.executeRecursively(NodeTestTask.java:126) ~[junit-platform-engine-1.7.2.jar:1.7.2]
	at org.junit.platform.engine.support.hierarchical.NodeTestTask.execute(NodeTestTask.java:84) ~[junit-platform-engine-1.7.2.jar:1.7.2]
	at java.util.ArrayList.forEach(ArrayList.java:1597) ~[?:?]
	at org.junit.platform.engine.support.hierarchical.SameThreadHierarchicalTestExecutorService.invokeAll(SameThreadHierarchicalTestExecutorService.java:38) ~[junit-platform-engine-1.7.2.jar:1.7.2]
	at org.junit.platform.engine.support.hierarchical.NodeTestTask.lambda$executeRecursively$5(NodeTestTask.java:143) ~[junit-platform-engine-1.7.2.jar:1.7.2]
	at org.junit.platform.engine.support.hierarchical.ThrowableCollector.execute(ThrowableCollector.java:73) ~[junit-platform-engine-1.7.2.jar:1.7.2]
	at org.junit.platform.engine.support.hierarchical.NodeTestTask.lambda$executeRecursively$7(NodeTestTask.java:129) ~[junit-platform-engine-1.7.2.jar:1.7.2]
	at org.junit.platform.engine.support.hierarchical.Node.around(Node.java:137) ~[junit-platform-engine-1.7.2.jar:1.7.2]
	at org.junit.platform.engine.support.hierarchical.NodeTestTask.lambda$executeRecursively$8(NodeTestTask.java:127) ~[junit-platform-engine-1.7.2.jar:1.7.2]
	at org.junit.platform.engine.support.hierarchical.ThrowableCollector.execute(ThrowableCollector.java:73) [junit-platform-engine-1.7.2.jar:1.7.2]
	at org.junit.platform.engine.support.hierarchical.NodeTestTask.executeRecursively(NodeTestTask.java:126) [junit-platform-engine-1.7.2.jar:1.7.2]
	at org.junit.platform.engine.support.hierarchical.NodeTestTask.execute(NodeTestTask.java:84) [junit-platform-engine-1.7.2.jar:1.7.2]
	at org.junit.platform.engine.support.hierarchical.SameThreadHierarchicalTestExecutorService.submit(SameThreadHierarchicalTestExecutorService.java:32) [junit-platform-engine-1.7.2.jar:1.7.2]
	at org.junit.platform.engine.support.hierarchical.HierarchicalTestExecutor.execute(HierarchicalTestExecutor.java:57) [junit-platform-engine-1.7.2.jar:1.7.2]
	at org.junit.platform.engine.support.hierarchical.HierarchicalTestEngine.execute(HierarchicalTestEngine.java:51) [junit-platform-engine-1.7.2.jar:1.7.2]
	at org.junit.platform.launcher.core.DefaultLauncher.execute(DefaultLauncher.java:170) [junit-platform-launcher-1.2.0.jar:1.2.0]
	at org.junit.platform.launcher.core.DefaultLauncher.execute(DefaultLauncher.java:154) [junit-platform-launcher-1.2.0.jar:1.2.0]
	at org.junit.platform.launcher.core.DefaultLauncher.execute(DefaultLauncher.java:90) [junit-platform-launcher-1.2.0.jar:1.2.0]
	at org.junit.platform.surefire.provider.JUnitPlatformProvider.invokeAllTests(JUnitPlatformProvider.java:132) [junit-platform-surefire-provider-1.2.0.jar:1.2.0]
	at org.junit.platform.surefire.provider.JUnitPlatformProvider.invoke(JUnitPlatformProvider.java:111) [junit-platform-surefire-provider-1.2.0.jar:1.2.0]
	at org.apache.maven.surefire.booter.ForkedBooter.invokeProviderInSameClassLoader(ForkedBooter.java:379) [surefire-booter-2.21.0.jar:2.21.0]
	at org.apache.maven.surefire.booter.ForkedBooter.runSuitesInProcess(ForkedBooter.java:340) [surefire-booter-2.21.0.jar:2.21.0]
	at org.apache.maven.surefire.booter.ForkedBooter.execute(ForkedBooter.java:125) [surefire-booter-2.21.0.jar:2.21.0]
	at org.apache.maven.surefire.booter.ForkedBooter.main(ForkedBooter.java:413) [surefire-booter-2.21.0.jar:2.21.0]
2025-02-10 22:01:30 [main] ERROR: Unable to process exiting vehicle
java.lang.NullPointerException: Cannot invoke "Object.getClass()" because "date" is null
	at java.util.Date.getMillisOf(Date.java:956) ~[?:?]
	at java.util.Date.before(Date.java:915) ~[?:?]
	at com.parkit.parkingsystem.service.FareCalculatorService.calculateFare(FareCalculatorService.java:15) ~[classes/:?]
	at com.parkit.parkingsystem.service.ParkingService.processExitingVehicle(ParkingService.java:155) ~[classes/:?]
	at com.parkit.parkingsystem.ParkingServiceTest.processExitingVehicleTestUnableUpdate(ParkingServiceTest.java:107) ~[test-classes/:?]
	at jdk.internal.reflect.DirectMethodHandleAccessor.invoke(DirectMethodHandleAccessor.java:103) ~[?:?]
	at java.lang.reflect.Method.invoke(Method.java:580) ~[?:?]
	at org.junit.platform.commons.util.ReflectionUtils.invokeMethod(ReflectionUtils.java:688) ~[junit-platform-commons-1.7.2.jar:1.7.2]
	at org.junit.jupiter.engine.execution.MethodInvocation.proceed(MethodInvocation.java:60) ~[junit-jupiter-engine-5.7.2.jar:5.7.2]
	at org.junit.jupiter.engine.execution.InvocationInterceptorChain$ValidatingInvocation.proceed(InvocationInterceptorChain.java:131) ~[junit-jupiter-engine-5.7.2.jar:5.7.2]
	at org.junit.jupiter.engine.extension.TimeoutExtension.intercept(TimeoutExtension.java:149) ~[junit-jupiter-engine-5.7.2.jar:5.7.2]
	at org.junit.jupiter.engine.extension.TimeoutExtension.interceptTestableMethod(TimeoutExtension.java:140) ~[junit-jupiter-engine-5.7.2.jar:5.7.2]
	at org.junit.jupiter.engine.extension.TimeoutExtension.interceptTestMethod(TimeoutExtension.java:84) ~[junit-jupiter-engine-5.7.2.jar:5.7.2]
	at org.junit.jupiter.engine.execution.ExecutableInvoker$ReflectiveInterceptorCall.lambda$ofVoidMethod$0(ExecutableInvoker.java:115) ~[junit-jupiter-engine-5.7.2.jar:5.7.2]
	at org.junit.jupiter.engine.execution.ExecutableInvoker.lambda$invoke$0(ExecutableInvoker.java:105) ~[junit-jupiter-engine-5.7.2.jar:5.7.2]
	at org.junit.jupiter.engine.execution.InvocationInterceptorChain$InterceptedInvocation.proceed(InvocationInterceptorChain.java:106) ~[junit-jupiter-engine-5.7.2.jar:5.7.2]
	at org.junit.jupiter.engine.execution.InvocationInterceptorChain.proceed(InvocationInterceptorChain.java:64) ~[junit-jupiter-engine-5.7.2.jar:5.7.2]
	at org.junit.jupiter.engine.execution.InvocationInterceptorChain.chainAndInvoke(InvocationInterceptorChain.java:45) ~[junit-jupiter-engine-5.7.2.jar:5.7.2]
	at org.junit.jupiter.engine.execution.InvocationInterceptorChain.invoke(InvocationInterceptorChain.java:37) ~[junit-jupiter-engine-5.7.2.jar:5.7.2]
	at org.junit.jupiter.engine.execution.ExecutableInvoker.invoke(ExecutableInvoker.java:104) ~[junit-jupiter-engine-5.7.2.jar:5.7.2]
	at org.junit.jupiter.engine.execution.ExecutableInvoker.invoke(ExecutableInvoker.java:98) ~[junit-jupiter-engine-5.7.2.jar:5.7.2]
	at org.junit.jupiter.engine.descriptor.TestMethodTestDescriptor.lambda$invokeTestMethod$6(TestMethodTestDescriptor.java:210) ~[junit-jupiter-engine-5.7.2.jar:5.7.2]
	at org.junit.platform.engine.support.hierarchical.ThrowableCollector.execute(ThrowableCollector.java:73) ~[junit-platform-engine-1.7.2.jar:1.7.2]
	at org.junit.jupiter.engine.descriptor.TestMethodTestDescriptor.invokeTestMethod(TestMethodTestDescriptor.java:206) ~[junit-jupiter-engine-5.7.2.jar:5.7.2]
	at org.junit.jupiter.engine.descriptor.TestMethodTestDescriptor.execute(TestMethodTestDescriptor.java:131) ~[junit-jupiter-engine-5.7.2.jar:5.7.2]
	at org.junit.jupiter.engine.descriptor.TestMethodTestDescriptor.execute(TestMethodTestDescriptor.java:65) ~[junit-jupiter-engine-5.7.2.jar:5.7.2]
	at org.junit.platform.engine.support.hierarchical.NodeTestTask.lambda$executeRecursively$5(NodeTestTask.java:139) ~[junit-platform-engine-1.7.2.jar:1.7.2]
	at org.junit.platform.engine.support.hierarchical.ThrowableCollector.execute(ThrowableCollector.java:73) ~[junit-platform-engine-1.7.2.jar:1.7.2]
	at org.junit.platform.engine.support.hierarchical.NodeTestTask.lambda$executeRecursively$7(NodeTestTask.java:129) ~[junit-platform-engine-1.7.2.jar:1.7.2]
	at org.junit.platform.engine.support.hierarchical.Node.around(Node.java:137) ~[junit-platform-engine-1.7.2.jar:1.7.2]
	at org.junit.platform.engine.support.hierarchical.NodeTestTask.lambda$executeRecursively$8(NodeTestTask.java:127) ~[junit-platform-engine-1.7.2.jar:1.7.2]
	at org.junit.platform.engine.support.hierarchical.ThrowableCollector.execute(ThrowableCollector.java:73) ~[junit-platform-engine-1.7.2.jar:1.7.2]
	at org.junit.platform.engine.support.hierarchical.NodeTestTask.executeRecursively(NodeTestTask.java:126) ~[junit-platform-engine-1.7.2.jar:1.7.2]
	at org.junit.platform.engine.support.hierarchical.NodeTestTask.execute(NodeTestTask.java:84) ~[junit-platform-engine-1.7.2.jar:1.7.2]
	at java.util.ArrayList.forEach(ArrayList.java:1597) ~[?:?]
	at org.junit.platform.engine.support.hierarchical.SameThreadHierarchicalTestExecutorService.invokeAll(SameThreadHierarchicalTestExecutorService.java:38) ~[junit-platform-engine-1.7.2.jar:1.7.2]
	at org.junit.platform.engine.support.hierarchical.NodeTestTask.lambda$executeRecursively$5(NodeTestTask.java:143) ~[junit-platform-engine-1.7.2.jar:1.7.2]
	at org.junit.platform.engine.support.hierarchical.ThrowableCollector.execute(ThrowableCollector.java:73) ~[junit-platform-engine-1.7.2.jar:1.7.2]
	at org.junit.platform.engine.support.hierarchical.NodeTestTask.lambda$executeRecursively$7(NodeTestTask.java:129) ~[junit-platform-engine-1.7.2.jar:1.7.2]
	at org.junit.platform.engine.support.hierarchical.Node.around(Node.java:137) ~[junit-platform-engine-1.7.2.jar:1.7.2]
	at org.junit.platform.engine.support.hierarchical.NodeTestTask.lambda$executeRecursively$8(NodeTestTask.java:127) ~[junit-platform-engine-1.7.2.jar:1.7.2]
	at org.junit.platform.engine.support.hierarchical.ThrowableCollector.execute(ThrowableCollector.java:73) ~[junit-platform-engine-1.7.2.jar:1.7.2]
	at org.junit.platform.engine.support.hierarchical.NodeTestTask.executeRecursively(NodeTestTask.java:126) ~[junit-platform-engine-1.7.2.jar:1.7.2]
	at org.junit.platform.engine.support.hierarchical.NodeTestTask.execute(NodeTestTask.java:84) ~[junit-platform-engine-1.7.2.jar:1.7.2]
	at java.util.ArrayList.forEach(ArrayList.java:1597) ~[?:?]
	at org.junit.platform.engine.support.hierarchical.SameThreadHierarchicalTestExecutorService.invokeAll(SameThreadHierarchicalTestExecutorService.java:38) ~[junit-platform-engine-1.7.2.jar:1.7.2]
	at org.junit.platform.engine.support.hierarchical.NodeTestTask.lambda$executeRecursively$5(NodeTestTask.java:143) ~[junit-platform-engine-1.7.2.jar:1.7.2]
	at org.junit.platform.engine.support.hierarchical.ThrowableCollector.execute(ThrowableCollector.java:73) ~[junit-platform-engine-1.7.2.jar:1.7.2]
	at org.junit.platform.engine.support.hierarchical.NodeTestTask.lambda$executeRecursively$7(NodeTestTask.java:129) ~[junit-platform-engine-1.7.2.jar:1.7.2]
	at org.junit.platform.engine.support.hierarchical.Node.around(Node.java:137) ~[junit-platform-engine-1.7.2.jar:1.7.2]
	at org.junit.platform.engine.support.hierarchical.NodeTestTask.lambda$executeRecursively$8(NodeTestTask.java:127) ~[junit-platform-engine-1.7.2.jar:1.7.2]
	at org.junit.platform.engine.support.hierarchical.ThrowableCollector.execute(ThrowableCollector.java:73) [junit-platform-engine-1.7.2.jar:1.7.2]
	at org.junit.platform.engine.support.hierarchical.NodeTestTask.executeRecursively(NodeTestTask.java:126) [junit-platform-engine-1.7.2.jar:1.7.2]
	at org.junit.platform.engine.support.hierarchical.NodeTestTask.execute(NodeTestTask.java:84) [junit-platform-engine-1.7.2.jar:1.7.2]
	at org.junit.platform.engine.support.hierarchical.SameThreadHierarchicalTestExecutorService.submit(SameThreadHierarchicalTestExecutorService.java:32) [junit-platform-engine-1.7.2.jar:1.7.2]
	at org.junit.platform.engine.support.hierarchical.HierarchicalTestExecutor.execute(HierarchicalTestExecutor.java:57) [junit-platform-engine-1.7.2.jar:1.7.2]
	at org.junit.platform.engine.support.hierarchical.HierarchicalTestEngine.execute(HierarchicalTestEngine.java:51) [junit-platform-engine-1.7.2.jar:1.7.2]
	at org.junit.platform.launcher.core.DefaultLauncher.execute(DefaultLauncher.java:170) [junit-platform-launcher-1.2.0.jar:1.2.0]
	at org.junit.platform.launcher.core.DefaultLauncher.execute(DefaultLauncher.java:154) [junit-platform-launcher-1.2.0.jar:1.2.0]
	at org.junit.platform.launcher.core.DefaultLauncher.execute(DefaultLauncher.java:90) [junit-platform-launcher-1.2.0.jar:1.2.0]
	at org.junit.platform.surefire.provider.JUnitPlatformProvider.invokeAllTests(JUnitPlatformProvider.java:132) [junit-platform-surefire-provider-1.2.0.jar:1.2.0]
	at org.junit.platform.surefire.provider.JUnitPlatformProvider.invoke(JUnitPlatformProvider.java:111) [junit-platform-surefire-provider-1.2.0.jar:1.2.0]
	at org.apache.maven.surefire.booter.ForkedBooter.invokeProviderInSameClassLoader(ForkedBooter.java:379) [surefire-booter-2.21.0.jar:2.21.0]
	at org.apache.maven.surefire.booter.ForkedBooter.runSuitesInProcess(ForkedBooter.java:340) [surefire-booter-2.21.0.jar:2.21.0]
	at org.apache.maven.surefire.booter.ForkedBooter.execute(ForkedBooter.java:125) [surefire-booter-2.21.0.jar:2.21.0]
	at org.apache.maven.surefire.booter.ForkedBooter.main(ForkedBooter.java:413) [surefire-booter-2.21.0.jar:2.21.0]
2025-02-10 22:01:30 [main] INFO : Please select vehicle type from menu
2025-02-10 22:01:30 [main] INFO : 1 CAR
2025-02-10 22:01:30 [main] INFO : 2 BIKE
2025-02-10 22:01:30 [main] ERROR: Error fetching parking number from DB. Parking slots might be full
2025-02-10 22:01:30 [main] INFO : Please select vehicle type from menu
2025-02-10 22:01:30 [main] INFO : 1 CAR
2025-02-10 22:01:30 [main] INFO : 2 BIKE
2025-02-10 22:01:30 [main] INFO : Next available parking number is: 1
2025-02-10 22:01:30 [main] ERROR: Unable to process exiting vehicle
java.lang.NullPointerException: Cannot invoke "Object.getClass()" because "date" is null
	at java.util.Date.getMillisOf(Date.java:956) ~[?:?]
	at java.util.Date.before(Date.java:915) ~[?:?]
	at com.parkit.parkingsystem.service.FareCalculatorService.calculateFare(FareCalculatorService.java:15) ~[classes/:?]
	at com.parkit.parkingsystem.service.ParkingService.processExitingVehicle(ParkingService.java:155) ~[classes/:?]
	at com.parkit.parkingsystem.ParkingServiceTest.processExitingVehicleTest(ParkingServiceTest.java:69) ~[test-classes/:?]
	at jdk.internal.reflect.DirectMethodHandleAccessor.invoke(DirectMethodHandleAccessor.java:103) ~[?:?]
	at java.lang.reflect.Method.invoke(Method.java:580) ~[?:?]
	at org.junit.platform.commons.util.ReflectionUtils.invokeMethod(ReflectionUtils.java:688) ~[junit-platform-commons-1.7.2.jar:1.7.2]
	at org.junit.jupiter.engine.execution.MethodInvocation.proceed(MethodInvocation.java:60) ~[junit-jupiter-engine-5.7.2.jar:5.7.2]
	at org.junit.jupiter.engine.execution.InvocationInterceptorChain$ValidatingInvocation.proceed(InvocationInterceptorChain.java:131) ~[junit-jupiter-engine-5.7.2.jar:5.7.2]
	at org.junit.jupiter.engine.extension.TimeoutExtension.intercept(TimeoutExtension.java:149) ~[junit-jupiter-engine-5.7.2.jar:5.7.2]
	at org.junit.jupiter.engine.extension.TimeoutExtension.interceptTestableMethod(TimeoutExtension.java:140) ~[junit-jupiter-engine-5.7.2.jar:5.7.2]
	at org.junit.jupiter.engine.extension.TimeoutExtension.interceptTestMethod(TimeoutExtension.java:84) ~[junit-jupiter-engine-5.7.2.jar:5.7.2]
	at org.junit.jupiter.engine.execution.ExecutableInvoker$ReflectiveInterceptorCall.lambda$ofVoidMethod$0(ExecutableInvoker.java:115) ~[junit-jupiter-engine-5.7.2.jar:5.7.2]
	at org.junit.jupiter.engine.execution.ExecutableInvoker.lambda$invoke$0(ExecutableInvoker.java:105) ~[junit-jupiter-engine-5.7.2.jar:5.7.2]
	at org.junit.jupiter.engine.execution.InvocationInterceptorChain$InterceptedInvocation.proceed(InvocationInterceptorChain.java:106) ~[junit-jupiter-engine-5.7.2.jar:5.7.2]
	at org.junit.jupiter.engine.execution.InvocationInterceptorChain.proceed(InvocationInterceptorChain.java:64) ~[junit-jupiter-engine-5.7.2.jar:5.7.2]
	at org.junit.jupiter.engine.execution.InvocationInterceptorChain.chainAndInvoke(InvocationInterceptorChain.java:45) ~[junit-jupiter-engine-5.7.2.jar:5.7.2]
	at org.junit.jupiter.engine.execution.InvocationInterceptorChain.invoke(InvocationInterceptorChain.java:37) ~[junit-jupiter-engine-5.7.2.jar:5.7.2]
	at org.junit.jupiter.engine.execution.ExecutableInvoker.invoke(ExecutableInvoker.java:104) ~[junit-jupiter-engine-5.7.2.jar:5.7.2]
	at org.junit.jupiter.engine.execution.ExecutableInvoker.invoke(ExecutableInvoker.java:98) ~[junit-jupiter-engine-5.7.2.jar:5.7.2]
	at org.junit.jupiter.engine.descriptor.TestMethodTestDescriptor.lambda$invokeTestMethod$6(TestMethodTestDescriptor.java:210) ~[junit-jupiter-engine-5.7.2.jar:5.7.2]
	at org.junit.platform.engine.support.hierarchical.ThrowableCollector.execute(ThrowableCollector.java:73) ~[junit-platform-engine-1.7.2.jar:1.7.2]
	at org.junit.jupiter.engine.descriptor.TestMethodTestDescriptor.invokeTestMethod(TestMethodTestDescriptor.java:206) ~[junit-jupiter-engine-5.7.2.jar:5.7.2]
	at org.junit.jupiter.engine.descriptor.TestMethodTestDescriptor.execute(TestMethodTestDescriptor.java:131) ~[junit-jupiter-engine-5.7.2.jar:5.7.2]
	at org.junit.jupiter.engine.descriptor.TestMethodTestDescriptor.execute(TestMethodTestDescriptor.java:65) ~[junit-jupiter-engine-5.7.2.jar:5.7.2]
	at org.junit.platform.engine.support.hierarchical.NodeTestTask.lambda$executeRecursively$5(NodeTestTask.java:139) ~[junit-platform-engine-1.7.2.jar:1.7.2]
	at org.junit.platform.engine.support.hierarchical.ThrowableCollector.execute(ThrowableCollector.java:73) ~[junit-platform-engine-1.7.2.jar:1.7.2]
	at org.junit.platform.engine.support.hierarchical.NodeTestTask.lambda$executeRecursively$7(NodeTestTask.java:129) ~[junit-platform-engine-1.7.2.jar:1.7.2]
	at org.junit.platform.engine.support.hierarchical.Node.around(Node.java:137) ~[junit-platform-engine-1.7.2.jar:1.7.2]
	at org.junit.platform.engine.support.hierarchical.NodeTestTask.lambda$executeRecursively$8(NodeTestTask.java:127) ~[junit-platform-engine-1.7.2.jar:1.7.2]
	at org.junit.platform.engine.support.hierarchical.ThrowableCollector.execute(ThrowableCollector.java:73) ~[junit-platform-engine-1.7.2.jar:1.7.2]
	at org.junit.platform.engine.support.hierarchical.NodeTestTask.executeRecursively(NodeTestTask.java:126) ~[junit-platform-engine-1.7.2.jar:1.7.2]
	at org.junit.platform.engine.support.hierarchical.NodeTestTask.execute(NodeTestTask.java:84) ~[junit-platform-engine-1.7.2.jar:1.7.2]
	at java.util.ArrayList.forEach(ArrayList.java:1597) ~[?:?]
	at org.junit.platform.engine.support.hierarchical.SameThreadHierarchicalTestExecutorService.invokeAll(SameThreadHierarchicalTestExecutorService.java:38) ~[junit-platform-engine-1.7.2.jar:1.7.2]
	at org.junit.platform.engine.support.hierarchical.NodeTestTask.lambda$executeRecursively$5(NodeTestTask.java:143) ~[junit-platform-engine-1.7.2.jar:1.7.2]
	at org.junit.platform.engine.support.hierarchical.ThrowableCollector.execute(ThrowableCollector.java:73) ~[junit-platform-engine-1.7.2.jar:1.7.2]
	at org.junit.platform.engine.support.hierarchical.NodeTestTask.lambda$executeRecursively$7(NodeTestTask.java:129) ~[junit-platform-engine-1.7.2.jar:1.7.2]
	at org.junit.platform.engine.support.hierarchical.Node.around(Node.java:137) ~[junit-platform-engine-1.7.2.jar:1.7.2]
	at org.junit.platform.engine.support.hierarchical.NodeTestTask.lambda$executeRecursively$8(NodeTestTask.java:127) ~[junit-platform-engine-1.7.2.jar:1.7.2]
	at org.junit.platform.engine.support.hierarchical.ThrowableCollector.execute(ThrowableCollector.java:73) ~[junit-platform-engine-1.7.2.jar:1.7.2]
	at org.junit.platform.engine.support.hierarchical.NodeTestTask.executeRecursively(NodeTestTask.java:126) ~[junit-platform-engine-1.7.2.jar:1.7.2]
	at org.junit.platform.engine.support.hierarchical.NodeTestTask.execute(NodeTestTask.java:84) ~[junit-platform-engine-1.7.2.jar:1.7.2]
	at java.util.ArrayList.forEach(ArrayList.java:1597) ~[?:?]
	at org.junit.platform.engine.support.hierarchical.SameThreadHierarchicalTestExecutorService.invokeAll(SameThreadHierarchicalTestExecutorService.java:38) ~[junit-platform-engine-1.7.2.jar:1.7.2]
	at org.junit.platform.engine.support.hierarchical.NodeTestTask.lambda$executeRecursively$5(NodeTestTask.java:143) ~[junit-platform-engine-1.7.2.jar:1.7.2]
	at org.junit.platform.engine.support.hierarchical.ThrowableCollector.execute(ThrowableCollector.java:73) ~[junit-platform-engine-1.7.2.jar:1.7.2]
	at org.junit.platform.engine.support.hierarchical.NodeTestTask.lambda$executeRecursively$7(NodeTestTask.java:129) ~[junit-platform-engine-1.7.2.jar:1.7.2]
	at org.junit.platform.engine.support.hierarchical.Node.around(Node.java:137) ~[junit-platform-engine-1.7.2.jar:1.7.2]
	at org.junit.platform.engine.support.hierarchical.NodeTestTask.lambda$executeRecursively$8(NodeTestTask.java:127) ~[junit-platform-engine-1.7.2.jar:1.7.2]
	at org.junit.platform.engine.support.hierarchical.ThrowableCollector.execute(ThrowableCollector.java:73) [junit-platform-engine-1.7.2.jar:1.7.2]
	at org.junit.platform.engine.support.hierarchical.NodeTestTask.executeRecursively(NodeTestTask.java:126) [junit-platform-engine-1.7.2.jar:1.7.2]
	at org.junit.platform.engine.support.hierarchical.NodeTestTask.execute(NodeTestTask.java:84) [junit-platform-engine-1.7.2.jar:1.7.2]
	at org.junit.platform.engine.support.hierarchical.SameThreadHierarchicalTestExecutorService.submit(SameThreadHierarchicalTestExecutorService.java:32) [junit-platform-engine-1.7.2.jar:1.7.2]
	at org.junit.platform.engine.support.hierarchical.HierarchicalTestExecutor.execute(HierarchicalTestExecutor.java:57) [junit-platform-engine-1.7.2.jar:1.7.2]
	at org.junit.platform.engine.support.hierarchical.HierarchicalTestEngine.execute(HierarchicalTestEngine.java:51) [junit-platform-engine-1.7.2.jar:1.7.2]
	at org.junit.platform.launcher.core.DefaultLauncher.execute(DefaultLauncher.java:170) [junit-platform-launcher-1.2.0.jar:1.2.0]
	at org.junit.platform.launcher.core.DefaultLauncher.execute(DefaultLauncher.java:154) [junit-platform-launcher-1.2.0.jar:1.2.0]
	at org.junit.platform.launcher.core.DefaultLauncher.execute(DefaultLauncher.java:90) [junit-platform-launcher-1.2.0.jar:1.2.0]
	at org.junit.platform.surefire.provider.JUnitPlatformProvider.invokeAllTests(JUnitPlatformProvider.java:132) [junit-platform-surefire-provider-1.2.0.jar:1.2.0]
	at org.junit.platform.surefire.provider.JUnitPlatformProvider.invoke(JUnitPlatformProvider.java:111) [junit-platform-surefire-provider-1.2.0.jar:1.2.0]
	at org.apache.maven.surefire.booter.ForkedBooter.invokeProviderInSameClassLoader(ForkedBooter.java:379) [surefire-booter-2.21.0.jar:2.21.0]
	at org.apache.maven.surefire.booter.ForkedBooter.runSuitesInProcess(ForkedBooter.java:340) [surefire-booter-2.21.0.jar:2.21.0]
	at org.apache.maven.surefire.booter.ForkedBooter.execute(ForkedBooter.java:125) [surefire-booter-2.21.0.jar:2.21.0]
	at org.apache.maven.surefire.booter.ForkedBooter.main(ForkedBooter.java:413) [surefire-booter-2.21.0.jar:2.21.0]
2025-02-10 22:01:30 [main] INFO : Generated Ticket and saved in DB
2025-02-10 22:01:30 [main] INFO : Please park your vehicle in spot number: 1
2025-02-10 22:01:30 [main] INFO : Recorded in-time for vehicle number: ABCDEF is: 2025-02-10T22:01:30.961+1100
2025-02-10 22:01:30 [main] ERROR: Unable to process incoming vehicle
java.lang.NullPointerException: Cannot invoke "java.util.Date.toString()" because the return value of "com.parkit.parkingsystem.model.Ticket.getOutTime()" is null
	at com.parkit.parkingsystem.service.FareCalculatorService.calculateFare(FareCalculatorService.java:16) ~[classes/:?]
	at com.parkit.parkingsystem.service.ParkingService.processIncomingVehicle(ParkingService.java:95) ~[classes/:?]
	at com.parkit.parkingsystem.ParkingServiceTest.testProcessIncomingVehicle(ParkingServiceTest.java:85) ~[test-classes/:?]
	at jdk.internal.reflect.DirectMethodHandleAccessor.invoke(DirectMethodHandleAccessor.java:103) ~[?:?]
	at java.lang.reflect.Method.invoke(Method.java:580) ~[?:?]
	at org.junit.platform.commons.util.ReflectionUtils.invokeMethod(ReflectionUtils.java:688) ~[junit-platform-commons-1.7.2.jar:1.7.2]
	at org.junit.jupiter.engine.execution.MethodInvocation.proceed(MethodInvocation.java:60) ~[junit-jupiter-engine-5.7.2.jar:5.7.2]
	at org.junit.jupiter.engine.execution.InvocationInterceptorChain$ValidatingInvocation.proceed(InvocationInterceptorChain.java:131) ~[junit-jupiter-engine-5.7.2.jar:5.7.2]
	at org.junit.jupiter.engine.extension.TimeoutExtension.intercept(TimeoutExtension.java:149) ~[junit-jupiter-engine-5.7.2.jar:5.7.2]
	at org.junit.jupiter.engine.extension.TimeoutExtension.interceptTestableMethod(TimeoutExtension.java:140) ~[junit-jupiter-engine-5.7.2.jar:5.7.2]
	at org.junit.jupiter.engine.extension.TimeoutExtension.interceptTestMethod(TimeoutExtension.java:84) ~[junit-jupiter-engine-5.7.2.jar:5.7.2]
	at org.junit.jupiter.engine.execution.ExecutableInvoker$ReflectiveInterceptorCall.lambda$ofVoidMethod$0(ExecutableInvoker.java:115) ~[junit-jupiter-engine-5.7.2.jar:5.7.2]
	at org.junit.jupiter.engine.execution.ExecutableInvoker.lambda$invoke$0(ExecutableInvoker.java:105) ~[junit-jupiter-engine-5.7.2.jar:5.7.2]
	at org.junit.jupiter.engine.execution.InvocationInterceptorChain$InterceptedInvocation.proceed(InvocationInterceptorChain.java:106) ~[junit-jupiter-engine-5.7.2.jar:5.7.2]
	at org.junit.jupiter.engine.execution.InvocationInterceptorChain.proceed(InvocationInterceptorChain.java:64) ~[junit-jupiter-engine-5.7.2.jar:5.7.2]
	at org.junit.jupiter.engine.execution.InvocationInterceptorChain.chainAndInvoke(InvocationInterceptorChain.java:45) ~[junit-jupiter-engine-5.7.2.jar:5.7.2]
	at org.junit.jupiter.engine.execution.InvocationInterceptorChain.invoke(InvocationInterceptorChain.java:37) ~[junit-jupiter-engine-5.7.2.jar:5.7.2]
	at org.junit.jupiter.engine.execution.ExecutableInvoker.invoke(ExecutableInvoker.java:104) ~[junit-jupiter-engine-5.7.2.jar:5.7.2]
	at org.junit.jupiter.engine.execution.ExecutableInvoker.invoke(ExecutableInvoker.java:98) ~[junit-jupiter-engine-5.7.2.jar:5.7.2]
	at org.junit.jupiter.engine.descriptor.TestMethodTestDescriptor.lambda$invokeTestMethod$6(TestMethodTestDescriptor.java:210) ~[junit-jupiter-engine-5.7.2.jar:5.7.2]
	at org.junit.platform.engine.support.hierarchical.ThrowableCollector.execute(ThrowableCollector.java:73) ~[junit-platform-engine-1.7.2.jar:1.7.2]
	at org.junit.jupiter.engine.descriptor.TestMethodTestDescriptor.invokeTestMethod(TestMethodTestDescriptor.java:206) ~[junit-jupiter-engine-5.7.2.jar:5.7.2]
	at org.junit.jupiter.engine.descriptor.TestMethodTestDescriptor.execute(TestMethodTestDescriptor.java:131) ~[junit-jupiter-engine-5.7.2.jar:5.7.2]
	at org.junit.jupiter.engine.descriptor.TestMethodTestDescriptor.execute(TestMethodTestDescriptor.java:65) ~[junit-jupiter-engine-5.7.2.jar:5.7.2]
	at org.junit.platform.engine.support.hierarchical.NodeTestTask.lambda$executeRecursively$5(NodeTestTask.java:139) ~[junit-platform-engine-1.7.2.jar:1.7.2]
	at org.junit.platform.engine.support.hierarchical.ThrowableCollector.execute(ThrowableCollector.java:73) ~[junit-platform-engine-1.7.2.jar:1.7.2]
	at org.junit.platform.engine.support.hierarchical.NodeTestTask.lambda$executeRecursively$7(NodeTestTask.java:129) ~[junit-platform-engine-1.7.2.jar:1.7.2]
	at org.junit.platform.engine.support.hierarchical.Node.around(Node.java:137) ~[junit-platform-engine-1.7.2.jar:1.7.2]
	at org.junit.platform.engine.support.hierarchical.NodeTestTask.lambda$executeRecursively$8(NodeTestTask.java:127) ~[junit-platform-engine-1.7.2.jar:1.7.2]
	at org.junit.platform.engine.support.hierarchical.ThrowableCollector.execute(ThrowableCollector.java:73) ~[junit-platform-engine-1.7.2.jar:1.7.2]
	at org.junit.platform.engine.support.hierarchical.NodeTestTask.executeRecursively(NodeTestTask.java:126) ~[junit-platform-engine-1.7.2.jar:1.7.2]
	at org.junit.platform.engine.support.hierarchical.NodeTestTask.execute(NodeTestTask.java:84) ~[junit-platform-engine-1.7.2.jar:1.7.2]
	at java.util.ArrayList.forEach(ArrayList.java:1597) ~[?:?]
	at org.junit.platform.engine.support.hierarchical.SameThreadHierarchicalTestExecutorService.invokeAll(SameThreadHierarchicalTestExecutorService.java:38) ~[junit-platform-engine-1.7.2.jar:1.7.2]
	at org.junit.platform.engine.support.hierarchical.NodeTestTask.lambda$executeRecursively$5(NodeTestTask.java:143) ~[junit-platform-engine-1.7.2.jar:1.7.2]
	at org.junit.platform.engine.support.hierarchical.ThrowableCollector.execute(ThrowableCollector.java:73) ~[junit-platform-engine-1.7.2.jar:1.7.2]
	at org.junit.platform.engine.support.hierarchical.NodeTestTask.lambda$executeRecursively$7(NodeTestTask.java:129) ~[junit-platform-engine-1.7.2.jar:1.7.2]
	at org.junit.platform.engine.support.hierarchical.Node.around(Node.java:137) ~[junit-platform-engine-1.7.2.jar:1.7.2]
	at org.junit.platform.engine.support.hierarchical.NodeTestTask.lambda$executeRecursively$8(NodeTestTask.java:127) ~[junit-platform-engine-1.7.2.jar:1.7.2]
	at org.junit.platform.engine.support.hierarchical.ThrowableCollector.execute(ThrowableCollector.java:73) ~[junit-platform-engine-1.7.2.jar:1.7.2]
	at org.junit.platform.engine.support.hierarchical.NodeTestTask.executeRecursively(NodeTestTask.java:126) ~[junit-platform-engine-1.7.2.jar:1.7.2]
	at org.junit.platform.engine.support.hierarchical.NodeTestTask.execute(NodeTestTask.java:84) ~[junit-platform-engine-1.7.2.jar:1.7.2]
	at java.util.ArrayList.forEach(ArrayList.java:1597) ~[?:?]
	at org.junit.platform.engine.support.hierarchical.SameThreadHierarchicalTestExecutorService.invokeAll(SameThreadHierarchicalTestExecutorService.java:38) ~[junit-platform-engine-1.7.2.jar:1.7.2]
	at org.junit.platform.engine.support.hierarchical.NodeTestTask.lambda$executeRecursively$5(NodeTestTask.java:143) ~[junit-platform-engine-1.7.2.jar:1.7.2]
	at org.junit.platform.engine.support.hierarchical.ThrowableCollector.execute(ThrowableCollector.java:73) ~[junit-platform-engine-1.7.2.jar:1.7.2]
	at org.junit.platform.engine.support.hierarchical.NodeTestTask.lambda$executeRecursively$7(NodeTestTask.java:129) ~[junit-platform-engine-1.7.2.jar:1.7.2]
	at org.junit.platform.engine.support.hierarchical.Node.around(Node.java:137) ~[junit-platform-engine-1.7.2.jar:1.7.2]
	at org.junit.platform.engine.support.hierarchical.NodeTestTask.lambda$executeRecursively$8(NodeTestTask.java:127) ~[junit-platform-engine-1.7.2.jar:1.7.2]
	at org.junit.platform.engine.support.hierarchical.ThrowableCollector.execute(ThrowableCollector.java:73) [junit-platform-engine-1.7.2.jar:1.7.2]
	at org.junit.platform.engine.support.hierarchical.NodeTestTask.executeRecursively(NodeTestTask.java:126) [junit-platform-engine-1.7.2.jar:1.7.2]
	at org.junit.platform.engine.support.hierarchical.NodeTestTask.execute(NodeTestTask.java:84) [junit-platform-engine-1.7.2.jar:1.7.2]
	at org.junit.platform.engine.support.hierarchical.SameThreadHierarchicalTestExecutorService.submit(SameThreadHierarchicalTestExecutorService.java:32) [junit-platform-engine-1.7.2.jar:1.7.2]
	at org.junit.platform.engine.support.hierarchical.HierarchicalTestExecutor.execute(HierarchicalTestExecutor.java:57) [junit-platform-engine-1.7.2.jar:1.7.2]
	at org.junit.platform.engine.support.hierarchical.HierarchicalTestEngine.execute(HierarchicalTestEngine.java:51) [junit-platform-engine-1.7.2.jar:1.7.2]
	at org.junit.platform.launcher.core.DefaultLauncher.execute(DefaultLauncher.java:170) [junit-platform-launcher-1.2.0.jar:1.2.0]
	at org.junit.platform.launcher.core.DefaultLauncher.execute(DefaultLauncher.java:154) [junit-platform-launcher-1.2.0.jar:1.2.0]
	at org.junit.platform.launcher.core.DefaultLauncher.execute(DefaultLauncher.java:90) [junit-platform-launcher-1.2.0.jar:1.2.0]
	at org.junit.platform.surefire.provider.JUnitPlatformProvider.invokeAllTests(JUnitPlatformProvider.java:132) [junit-platform-surefire-provider-1.2.0.jar:1.2.0]
	at org.junit.platform.surefire.provider.JUnitPlatformProvider.invoke(JUnitPlatformProvider.java:111) [junit-platform-surefire-provider-1.2.0.jar:1.2.0]
	at org.apache.maven.surefire.booter.ForkedBooter.invokeProviderInSameClassLoader(ForkedBooter.java:379) [surefire-booter-2.21.0.jar:2.21.0]
	at org.apache.maven.surefire.booter.ForkedBooter.runSuitesInProcess(ForkedBooter.java:340) [surefire-booter-2.21.0.jar:2.21.0]
	at org.apache.maven.surefire.booter.ForkedBooter.execute(ForkedBooter.java:125) [surefire-booter-2.21.0.jar:2.21.0]
	at org.apache.maven.surefire.booter.ForkedBooter.main(ForkedBooter.java:413) [surefire-booter-2.21.0.jar:2.21.0]
2025-02-10 22:03:44 [main] INFO : Please select vehicle type from menu
2025-02-10 22:03:44 [main] INFO : 1 CAR
2025-02-10 22:03:44 [main] INFO : 2 BIKE
2025-02-10 22:03:44 [main] INFO : Incorrect input provided
2025-02-10 22:03:44 [main] ERROR: Error parsing user input for type of vehicle
java.lang.IllegalArgumentException: Entered input is invalid
	at com.parkit.parkingsystem.service.ParkingService.getVehichleType(ParkingService.java:142) ~[classes/:?]
	at com.parkit.parkingsystem.service.ParkingService.getNextParkingNumberIfAvailable(ParkingService.java:112) ~[classes/:?]
	at com.parkit.parkingsystem.ParkingServiceTest.testGetNextParkingNumberIfAvailableParkingNumberNotFound(ParkingServiceTest.java:134) ~[test-classes/:?]
	at jdk.internal.reflect.DirectMethodHandleAccessor.invoke(DirectMethodHandleAccessor.java:103) ~[?:?]
	at java.lang.reflect.Method.invoke(Method.java:580) ~[?:?]
	at org.junit.platform.commons.util.ReflectionUtils.invokeMethod(ReflectionUtils.java:688) ~[junit-platform-commons-1.7.2.jar:1.7.2]
	at org.junit.jupiter.engine.execution.MethodInvocation.proceed(MethodInvocation.java:60) ~[junit-jupiter-engine-5.7.2.jar:5.7.2]
	at org.junit.jupiter.engine.execution.InvocationInterceptorChain$ValidatingInvocation.proceed(InvocationInterceptorChain.java:131) ~[junit-jupiter-engine-5.7.2.jar:5.7.2]
	at org.junit.jupiter.engine.extension.TimeoutExtension.intercept(TimeoutExtension.java:149) ~[junit-jupiter-engine-5.7.2.jar:5.7.2]
	at org.junit.jupiter.engine.extension.TimeoutExtension.interceptTestableMethod(TimeoutExtension.java:140) ~[junit-jupiter-engine-5.7.2.jar:5.7.2]
	at org.junit.jupiter.engine.extension.TimeoutExtension.interceptTestMethod(TimeoutExtension.java:84) ~[junit-jupiter-engine-5.7.2.jar:5.7.2]
	at org.junit.jupiter.engine.execution.ExecutableInvoker$ReflectiveInterceptorCall.lambda$ofVoidMethod$0(ExecutableInvoker.java:115) ~[junit-jupiter-engine-5.7.2.jar:5.7.2]
	at org.junit.jupiter.engine.execution.ExecutableInvoker.lambda$invoke$0(ExecutableInvoker.java:105) ~[junit-jupiter-engine-5.7.2.jar:5.7.2]
	at org.junit.jupiter.engine.execution.InvocationInterceptorChain$InterceptedInvocation.proceed(InvocationInterceptorChain.java:106) ~[junit-jupiter-engine-5.7.2.jar:5.7.2]
	at org.junit.jupiter.engine.execution.InvocationInterceptorChain.proceed(InvocationInterceptorChain.java:64) ~[junit-jupiter-engine-5.7.2.jar:5.7.2]
	at org.junit.jupiter.engine.execution.InvocationInterceptorChain.chainAndInvoke(InvocationInterceptorChain.java:45) ~[junit-jupiter-engine-5.7.2.jar:5.7.2]
	at org.junit.jupiter.engine.execution.InvocationInterceptorChain.invoke(InvocationInterceptorChain.java:37) ~[junit-jupiter-engine-5.7.2.jar:5.7.2]
	at org.junit.jupiter.engine.execution.ExecutableInvoker.invoke(ExecutableInvoker.java:104) ~[junit-jupiter-engine-5.7.2.jar:5.7.2]
	at org.junit.jupiter.engine.execution.ExecutableInvoker.invoke(ExecutableInvoker.java:98) ~[junit-jupiter-engine-5.7.2.jar:5.7.2]
	at org.junit.jupiter.engine.descriptor.TestMethodTestDescriptor.lambda$invokeTestMethod$6(TestMethodTestDescriptor.java:210) ~[junit-jupiter-engine-5.7.2.jar:5.7.2]
	at org.junit.platform.engine.support.hierarchical.ThrowableCollector.execute(ThrowableCollector.java:73) ~[junit-platform-engine-1.7.2.jar:1.7.2]
	at org.junit.jupiter.engine.descriptor.TestMethodTestDescriptor.invokeTestMethod(TestMethodTestDescriptor.java:206) ~[junit-jupiter-engine-5.7.2.jar:5.7.2]
	at org.junit.jupiter.engine.descriptor.TestMethodTestDescriptor.execute(TestMethodTestDescriptor.java:131) ~[junit-jupiter-engine-5.7.2.jar:5.7.2]
	at org.junit.jupiter.engine.descriptor.TestMethodTestDescriptor.execute(TestMethodTestDescriptor.java:65) ~[junit-jupiter-engine-5.7.2.jar:5.7.2]
	at org.junit.platform.engine.support.hierarchical.NodeTestTask.lambda$executeRecursively$5(NodeTestTask.java:139) ~[junit-platform-engine-1.7.2.jar:1.7.2]
	at org.junit.platform.engine.support.hierarchical.ThrowableCollector.execute(ThrowableCollector.java:73) ~[junit-platform-engine-1.7.2.jar:1.7.2]
	at org.junit.platform.engine.support.hierarchical.NodeTestTask.lambda$executeRecursively$7(NodeTestTask.java:129) ~[junit-platform-engine-1.7.2.jar:1.7.2]
	at org.junit.platform.engine.support.hierarchical.Node.around(Node.java:137) ~[junit-platform-engine-1.7.2.jar:1.7.2]
	at org.junit.platform.engine.support.hierarchical.NodeTestTask.lambda$executeRecursively$8(NodeTestTask.java:127) ~[junit-platform-engine-1.7.2.jar:1.7.2]
	at org.junit.platform.engine.support.hierarchical.ThrowableCollector.execute(ThrowableCollector.java:73) ~[junit-platform-engine-1.7.2.jar:1.7.2]
	at org.junit.platform.engine.support.hierarchical.NodeTestTask.executeRecursively(NodeTestTask.java:126) ~[junit-platform-engine-1.7.2.jar:1.7.2]
	at org.junit.platform.engine.support.hierarchical.NodeTestTask.execute(NodeTestTask.java:84) ~[junit-platform-engine-1.7.2.jar:1.7.2]
	at java.util.ArrayList.forEach(ArrayList.java:1597) ~[?:?]
	at org.junit.platform.engine.support.hierarchical.SameThreadHierarchicalTestExecutorService.invokeAll(SameThreadHierarchicalTestExecutorService.java:38) ~[junit-platform-engine-1.7.2.jar:1.7.2]
	at org.junit.platform.engine.support.hierarchical.NodeTestTask.lambda$executeRecursively$5(NodeTestTask.java:143) ~[junit-platform-engine-1.7.2.jar:1.7.2]
	at org.junit.platform.engine.support.hierarchical.ThrowableCollector.execute(ThrowableCollector.java:73) ~[junit-platform-engine-1.7.2.jar:1.7.2]
	at org.junit.platform.engine.support.hierarchical.NodeTestTask.lambda$executeRecursively$7(NodeTestTask.java:129) ~[junit-platform-engine-1.7.2.jar:1.7.2]
	at org.junit.platform.engine.support.hierarchical.Node.around(Node.java:137) ~[junit-platform-engine-1.7.2.jar:1.7.2]
	at org.junit.platform.engine.support.hierarchical.NodeTestTask.lambda$executeRecursively$8(NodeTestTask.java:127) ~[junit-platform-engine-1.7.2.jar:1.7.2]
	at org.junit.platform.engine.support.hierarchical.ThrowableCollector.execute(ThrowableCollector.java:73) ~[junit-platform-engine-1.7.2.jar:1.7.2]
	at org.junit.platform.engine.support.hierarchical.NodeTestTask.executeRecursively(NodeTestTask.java:126) ~[junit-platform-engine-1.7.2.jar:1.7.2]
	at org.junit.platform.engine.support.hierarchical.NodeTestTask.execute(NodeTestTask.java:84) ~[junit-platform-engine-1.7.2.jar:1.7.2]
	at java.util.ArrayList.forEach(ArrayList.java:1597) ~[?:?]
	at org.junit.platform.engine.support.hierarchical.SameThreadHierarchicalTestExecutorService.invokeAll(SameThreadHierarchicalTestExecutorService.java:38) ~[junit-platform-engine-1.7.2.jar:1.7.2]
	at org.junit.platform.engine.support.hierarchical.NodeTestTask.lambda$executeRecursively$5(NodeTestTask.java:143) ~[junit-platform-engine-1.7.2.jar:1.7.2]
	at org.junit.platform.engine.support.hierarchical.ThrowableCollector.execute(ThrowableCollector.java:73) ~[junit-platform-engine-1.7.2.jar:1.7.2]
	at org.junit.platform.engine.support.hierarchical.NodeTestTask.lambda$executeRecursively$7(NodeTestTask.java:129) ~[junit-platform-engine-1.7.2.jar:1.7.2]
	at org.junit.platform.engine.support.hierarchical.Node.around(Node.java:137) ~[junit-platform-engine-1.7.2.jar:1.7.2]
	at org.junit.platform.engine.support.hierarchical.NodeTestTask.lambda$executeRecursively$8(NodeTestTask.java:127) ~[junit-platform-engine-1.7.2.jar:1.7.2]
	at org.junit.platform.engine.support.hierarchical.ThrowableCollector.execute(ThrowableCollector.java:73) [junit-platform-engine-1.7.2.jar:1.7.2]
	at org.junit.platform.engine.support.hierarchical.NodeTestTask.executeRecursively(NodeTestTask.java:126) [junit-platform-engine-1.7.2.jar:1.7.2]
	at org.junit.platform.engine.support.hierarchical.NodeTestTask.execute(NodeTestTask.java:84) [junit-platform-engine-1.7.2.jar:1.7.2]
	at org.junit.platform.engine.support.hierarchical.SameThreadHierarchicalTestExecutorService.submit(SameThreadHierarchicalTestExecutorService.java:32) [junit-platform-engine-1.7.2.jar:1.7.2]
	at org.junit.platform.engine.support.hierarchical.HierarchicalTestExecutor.execute(HierarchicalTestExecutor.java:57) [junit-platform-engine-1.7.2.jar:1.7.2]
	at org.junit.platform.engine.support.hierarchical.HierarchicalTestEngine.execute(HierarchicalTestEngine.java:51) [junit-platform-engine-1.7.2.jar:1.7.2]
	at org.junit.platform.launcher.core.DefaultLauncher.execute(DefaultLauncher.java:170) [junit-platform-launcher-1.2.0.jar:1.2.0]
	at org.junit.platform.launcher.core.DefaultLauncher.execute(DefaultLauncher.java:154) [junit-platform-launcher-1.2.0.jar:1.2.0]
	at org.junit.platform.launcher.core.DefaultLauncher.execute(DefaultLauncher.java:90) [junit-platform-launcher-1.2.0.jar:1.2.0]
	at org.junit.platform.surefire.provider.JUnitPlatformProvider.invokeAllTests(JUnitPlatformProvider.java:132) [junit-platform-surefire-provider-1.2.0.jar:1.2.0]
	at org.junit.platform.surefire.provider.JUnitPlatformProvider.invoke(JUnitPlatformProvider.java:111) [junit-platform-surefire-provider-1.2.0.jar:1.2.0]
	at org.apache.maven.surefire.booter.ForkedBooter.invokeProviderInSameClassLoader(ForkedBooter.java:379) [surefire-booter-2.21.0.jar:2.21.0]
	at org.apache.maven.surefire.booter.ForkedBooter.runSuitesInProcess(ForkedBooter.java:340) [surefire-booter-2.21.0.jar:2.21.0]
	at org.apache.maven.surefire.booter.ForkedBooter.execute(ForkedBooter.java:125) [surefire-booter-2.21.0.jar:2.21.0]
	at org.apache.maven.surefire.booter.ForkedBooter.main(ForkedBooter.java:413) [surefire-booter-2.21.0.jar:2.21.0]
2025-02-10 22:03:44 [main] ERROR: Unable to process exiting vehicle
java.lang.NullPointerException: Cannot invoke "Object.getClass()" because "date" is null
	at java.util.Date.getMillisOf(Date.java:956) ~[?:?]
	at java.util.Date.before(Date.java:915) ~[?:?]
	at com.parkit.parkingsystem.service.FareCalculatorService.calculateFare(FareCalculatorService.java:15) ~[classes/:?]
	at com.parkit.parkingsystem.service.ParkingService.processExitingVehicle(ParkingService.java:155) ~[classes/:?]
	at com.parkit.parkingsystem.ParkingServiceTest.processExitingVehicleTestUnableUpdate(ParkingServiceTest.java:107) ~[test-classes/:?]
	at jdk.internal.reflect.DirectMethodHandleAccessor.invoke(DirectMethodHandleAccessor.java:103) ~[?:?]
	at java.lang.reflect.Method.invoke(Method.java:580) ~[?:?]
	at org.junit.platform.commons.util.ReflectionUtils.invokeMethod(ReflectionUtils.java:688) ~[junit-platform-commons-1.7.2.jar:1.7.2]
	at org.junit.jupiter.engine.execution.MethodInvocation.proceed(MethodInvocation.java:60) ~[junit-jupiter-engine-5.7.2.jar:5.7.2]
	at org.junit.jupiter.engine.execution.InvocationInterceptorChain$ValidatingInvocation.proceed(InvocationInterceptorChain.java:131) ~[junit-jupiter-engine-5.7.2.jar:5.7.2]
	at org.junit.jupiter.engine.extension.TimeoutExtension.intercept(TimeoutExtension.java:149) ~[junit-jupiter-engine-5.7.2.jar:5.7.2]
	at org.junit.jupiter.engine.extension.TimeoutExtension.interceptTestableMethod(TimeoutExtension.java:140) ~[junit-jupiter-engine-5.7.2.jar:5.7.2]
	at org.junit.jupiter.engine.extension.TimeoutExtension.interceptTestMethod(TimeoutExtension.java:84) ~[junit-jupiter-engine-5.7.2.jar:5.7.2]
	at org.junit.jupiter.engine.execution.ExecutableInvoker$ReflectiveInterceptorCall.lambda$ofVoidMethod$0(ExecutableInvoker.java:115) ~[junit-jupiter-engine-5.7.2.jar:5.7.2]
	at org.junit.jupiter.engine.execution.ExecutableInvoker.lambda$invoke$0(ExecutableInvoker.java:105) ~[junit-jupiter-engine-5.7.2.jar:5.7.2]
	at org.junit.jupiter.engine.execution.InvocationInterceptorChain$InterceptedInvocation.proceed(InvocationInterceptorChain.java:106) ~[junit-jupiter-engine-5.7.2.jar:5.7.2]
	at org.junit.jupiter.engine.execution.InvocationInterceptorChain.proceed(InvocationInterceptorChain.java:64) ~[junit-jupiter-engine-5.7.2.jar:5.7.2]
	at org.junit.jupiter.engine.execution.InvocationInterceptorChain.chainAndInvoke(InvocationInterceptorChain.java:45) ~[junit-jupiter-engine-5.7.2.jar:5.7.2]
	at org.junit.jupiter.engine.execution.InvocationInterceptorChain.invoke(InvocationInterceptorChain.java:37) ~[junit-jupiter-engine-5.7.2.jar:5.7.2]
	at org.junit.jupiter.engine.execution.ExecutableInvoker.invoke(ExecutableInvoker.java:104) ~[junit-jupiter-engine-5.7.2.jar:5.7.2]
	at org.junit.jupiter.engine.execution.ExecutableInvoker.invoke(ExecutableInvoker.java:98) ~[junit-jupiter-engine-5.7.2.jar:5.7.2]
	at org.junit.jupiter.engine.descriptor.TestMethodTestDescriptor.lambda$invokeTestMethod$6(TestMethodTestDescriptor.java:210) ~[junit-jupiter-engine-5.7.2.jar:5.7.2]
	at org.junit.platform.engine.support.hierarchical.ThrowableCollector.execute(ThrowableCollector.java:73) ~[junit-platform-engine-1.7.2.jar:1.7.2]
	at org.junit.jupiter.engine.descriptor.TestMethodTestDescriptor.invokeTestMethod(TestMethodTestDescriptor.java:206) ~[junit-jupiter-engine-5.7.2.jar:5.7.2]
	at org.junit.jupiter.engine.descriptor.TestMethodTestDescriptor.execute(TestMethodTestDescriptor.java:131) ~[junit-jupiter-engine-5.7.2.jar:5.7.2]
	at org.junit.jupiter.engine.descriptor.TestMethodTestDescriptor.execute(TestMethodTestDescriptor.java:65) ~[junit-jupiter-engine-5.7.2.jar:5.7.2]
	at org.junit.platform.engine.support.hierarchical.NodeTestTask.lambda$executeRecursively$5(NodeTestTask.java:139) ~[junit-platform-engine-1.7.2.jar:1.7.2]
	at org.junit.platform.engine.support.hierarchical.ThrowableCollector.execute(ThrowableCollector.java:73) ~[junit-platform-engine-1.7.2.jar:1.7.2]
	at org.junit.platform.engine.support.hierarchical.NodeTestTask.lambda$executeRecursively$7(NodeTestTask.java:129) ~[junit-platform-engine-1.7.2.jar:1.7.2]
	at org.junit.platform.engine.support.hierarchical.Node.around(Node.java:137) ~[junit-platform-engine-1.7.2.jar:1.7.2]
	at org.junit.platform.engine.support.hierarchical.NodeTestTask.lambda$executeRecursively$8(NodeTestTask.java:127) ~[junit-platform-engine-1.7.2.jar:1.7.2]
	at org.junit.platform.engine.support.hierarchical.ThrowableCollector.execute(ThrowableCollector.java:73) ~[junit-platform-engine-1.7.2.jar:1.7.2]
	at org.junit.platform.engine.support.hierarchical.NodeTestTask.executeRecursively(NodeTestTask.java:126) ~[junit-platform-engine-1.7.2.jar:1.7.2]
	at org.junit.platform.engine.support.hierarchical.NodeTestTask.execute(NodeTestTask.java:84) ~[junit-platform-engine-1.7.2.jar:1.7.2]
	at java.util.ArrayList.forEach(ArrayList.java:1597) ~[?:?]
	at org.junit.platform.engine.support.hierarchical.SameThreadHierarchicalTestExecutorService.invokeAll(SameThreadHierarchicalTestExecutorService.java:38) ~[junit-platform-engine-1.7.2.jar:1.7.2]
	at org.junit.platform.engine.support.hierarchical.NodeTestTask.lambda$executeRecursively$5(NodeTestTask.java:143) ~[junit-platform-engine-1.7.2.jar:1.7.2]
	at org.junit.platform.engine.support.hierarchical.ThrowableCollector.execute(ThrowableCollector.java:73) ~[junit-platform-engine-1.7.2.jar:1.7.2]
	at org.junit.platform.engine.support.hierarchical.NodeTestTask.lambda$executeRecursively$7(NodeTestTask.java:129) ~[junit-platform-engine-1.7.2.jar:1.7.2]
	at org.junit.platform.engine.support.hierarchical.Node.around(Node.java:137) ~[junit-platform-engine-1.7.2.jar:1.7.2]
	at org.junit.platform.engine.support.hierarchical.NodeTestTask.lambda$executeRecursively$8(NodeTestTask.java:127) ~[junit-platform-engine-1.7.2.jar:1.7.2]
	at org.junit.platform.engine.support.hierarchical.ThrowableCollector.execute(ThrowableCollector.java:73) ~[junit-platform-engine-1.7.2.jar:1.7.2]
	at org.junit.platform.engine.support.hierarchical.NodeTestTask.executeRecursively(NodeTestTask.java:126) ~[junit-platform-engine-1.7.2.jar:1.7.2]
	at org.junit.platform.engine.support.hierarchical.NodeTestTask.execute(NodeTestTask.java:84) ~[junit-platform-engine-1.7.2.jar:1.7.2]
	at java.util.ArrayList.forEach(ArrayList.java:1597) ~[?:?]
	at org.junit.platform.engine.support.hierarchical.SameThreadHierarchicalTestExecutorService.invokeAll(SameThreadHierarchicalTestExecutorService.java:38) ~[junit-platform-engine-1.7.2.jar:1.7.2]
	at org.junit.platform.engine.support.hierarchical.NodeTestTask.lambda$executeRecursively$5(NodeTestTask.java:143) ~[junit-platform-engine-1.7.2.jar:1.7.2]
	at org.junit.platform.engine.support.hierarchical.ThrowableCollector.execute(ThrowableCollector.java:73) ~[junit-platform-engine-1.7.2.jar:1.7.2]
	at org.junit.platform.engine.support.hierarchical.NodeTestTask.lambda$executeRecursively$7(NodeTestTask.java:129) ~[junit-platform-engine-1.7.2.jar:1.7.2]
	at org.junit.platform.engine.support.hierarchical.Node.around(Node.java:137) ~[junit-platform-engine-1.7.2.jar:1.7.2]
	at org.junit.platform.engine.support.hierarchical.NodeTestTask.lambda$executeRecursively$8(NodeTestTask.java:127) ~[junit-platform-engine-1.7.2.jar:1.7.2]
	at org.junit.platform.engine.support.hierarchical.ThrowableCollector.execute(ThrowableCollector.java:73) [junit-platform-engine-1.7.2.jar:1.7.2]
	at org.junit.platform.engine.support.hierarchical.NodeTestTask.executeRecursively(NodeTestTask.java:126) [junit-platform-engine-1.7.2.jar:1.7.2]
	at org.junit.platform.engine.support.hierarchical.NodeTestTask.execute(NodeTestTask.java:84) [junit-platform-engine-1.7.2.jar:1.7.2]
	at org.junit.platform.engine.support.hierarchical.SameThreadHierarchicalTestExecutorService.submit(SameThreadHierarchicalTestExecutorService.java:32) [junit-platform-engine-1.7.2.jar:1.7.2]
	at org.junit.platform.engine.support.hierarchical.HierarchicalTestExecutor.execute(HierarchicalTestExecutor.java:57) [junit-platform-engine-1.7.2.jar:1.7.2]
	at org.junit.platform.engine.support.hierarchical.HierarchicalTestEngine.execute(HierarchicalTestEngine.java:51) [junit-platform-engine-1.7.2.jar:1.7.2]
	at org.junit.platform.launcher.core.DefaultLauncher.execute(DefaultLauncher.java:170) [junit-platform-launcher-1.2.0.jar:1.2.0]
	at org.junit.platform.launcher.core.DefaultLauncher.execute(DefaultLauncher.java:154) [junit-platform-launcher-1.2.0.jar:1.2.0]
	at org.junit.platform.launcher.core.DefaultLauncher.execute(DefaultLauncher.java:90) [junit-platform-launcher-1.2.0.jar:1.2.0]
	at org.junit.platform.surefire.provider.JUnitPlatformProvider.invokeAllTests(JUnitPlatformProvider.java:132) [junit-platform-surefire-provider-1.2.0.jar:1.2.0]
	at org.junit.platform.surefire.provider.JUnitPlatformProvider.invoke(JUnitPlatformProvider.java:111) [junit-platform-surefire-provider-1.2.0.jar:1.2.0]
	at org.apache.maven.surefire.booter.ForkedBooter.invokeProviderInSameClassLoader(ForkedBooter.java:379) [surefire-booter-2.21.0.jar:2.21.0]
	at org.apache.maven.surefire.booter.ForkedBooter.runSuitesInProcess(ForkedBooter.java:340) [surefire-booter-2.21.0.jar:2.21.0]
	at org.apache.maven.surefire.booter.ForkedBooter.execute(ForkedBooter.java:125) [surefire-booter-2.21.0.jar:2.21.0]
	at org.apache.maven.surefire.booter.ForkedBooter.main(ForkedBooter.java:413) [surefire-booter-2.21.0.jar:2.21.0]
2025-02-10 22:03:45 [main] INFO : Please select vehicle type from menu
2025-02-10 22:03:45 [main] INFO : 1 CAR
2025-02-10 22:03:45 [main] INFO : 2 BIKE
2025-02-10 22:03:45 [main] ERROR: Error fetching parking number from DB. Parking slots might be full
2025-02-10 22:03:45 [main] INFO : Please select vehicle type from menu
2025-02-10 22:03:45 [main] INFO : 1 CAR
2025-02-10 22:03:45 [main] INFO : 2 BIKE
2025-02-10 22:03:45 [main] INFO : Next available parking number is: 1
2025-02-10 22:03:45 [main] ERROR: Unable to process exiting vehicle
java.lang.NullPointerException: Cannot invoke "Object.getClass()" because "date" is null
	at java.util.Date.getMillisOf(Date.java:956) ~[?:?]
	at java.util.Date.before(Date.java:915) ~[?:?]
	at com.parkit.parkingsystem.service.FareCalculatorService.calculateFare(FareCalculatorService.java:15) ~[classes/:?]
	at com.parkit.parkingsystem.service.ParkingService.processExitingVehicle(ParkingService.java:155) ~[classes/:?]
	at com.parkit.parkingsystem.ParkingServiceTest.processExitingVehicleTest(ParkingServiceTest.java:69) ~[test-classes/:?]
	at jdk.internal.reflect.DirectMethodHandleAccessor.invoke(DirectMethodHandleAccessor.java:103) ~[?:?]
	at java.lang.reflect.Method.invoke(Method.java:580) ~[?:?]
	at org.junit.platform.commons.util.ReflectionUtils.invokeMethod(ReflectionUtils.java:688) ~[junit-platform-commons-1.7.2.jar:1.7.2]
	at org.junit.jupiter.engine.execution.MethodInvocation.proceed(MethodInvocation.java:60) ~[junit-jupiter-engine-5.7.2.jar:5.7.2]
	at org.junit.jupiter.engine.execution.InvocationInterceptorChain$ValidatingInvocation.proceed(InvocationInterceptorChain.java:131) ~[junit-jupiter-engine-5.7.2.jar:5.7.2]
	at org.junit.jupiter.engine.extension.TimeoutExtension.intercept(TimeoutExtension.java:149) ~[junit-jupiter-engine-5.7.2.jar:5.7.2]
	at org.junit.jupiter.engine.extension.TimeoutExtension.interceptTestableMethod(TimeoutExtension.java:140) ~[junit-jupiter-engine-5.7.2.jar:5.7.2]
	at org.junit.jupiter.engine.extension.TimeoutExtension.interceptTestMethod(TimeoutExtension.java:84) ~[junit-jupiter-engine-5.7.2.jar:5.7.2]
	at org.junit.jupiter.engine.execution.ExecutableInvoker$ReflectiveInterceptorCall.lambda$ofVoidMethod$0(ExecutableInvoker.java:115) ~[junit-jupiter-engine-5.7.2.jar:5.7.2]
	at org.junit.jupiter.engine.execution.ExecutableInvoker.lambda$invoke$0(ExecutableInvoker.java:105) ~[junit-jupiter-engine-5.7.2.jar:5.7.2]
	at org.junit.jupiter.engine.execution.InvocationInterceptorChain$InterceptedInvocation.proceed(InvocationInterceptorChain.java:106) ~[junit-jupiter-engine-5.7.2.jar:5.7.2]
	at org.junit.jupiter.engine.execution.InvocationInterceptorChain.proceed(InvocationInterceptorChain.java:64) ~[junit-jupiter-engine-5.7.2.jar:5.7.2]
	at org.junit.jupiter.engine.execution.InvocationInterceptorChain.chainAndInvoke(InvocationInterceptorChain.java:45) ~[junit-jupiter-engine-5.7.2.jar:5.7.2]
	at org.junit.jupiter.engine.execution.InvocationInterceptorChain.invoke(InvocationInterceptorChain.java:37) ~[junit-jupiter-engine-5.7.2.jar:5.7.2]
	at org.junit.jupiter.engine.execution.ExecutableInvoker.invoke(ExecutableInvoker.java:104) ~[junit-jupiter-engine-5.7.2.jar:5.7.2]
	at org.junit.jupiter.engine.execution.ExecutableInvoker.invoke(ExecutableInvoker.java:98) ~[junit-jupiter-engine-5.7.2.jar:5.7.2]
	at org.junit.jupiter.engine.descriptor.TestMethodTestDescriptor.lambda$invokeTestMethod$6(TestMethodTestDescriptor.java:210) ~[junit-jupiter-engine-5.7.2.jar:5.7.2]
	at org.junit.platform.engine.support.hierarchical.ThrowableCollector.execute(ThrowableCollector.java:73) ~[junit-platform-engine-1.7.2.jar:1.7.2]
	at org.junit.jupiter.engine.descriptor.TestMethodTestDescriptor.invokeTestMethod(TestMethodTestDescriptor.java:206) ~[junit-jupiter-engine-5.7.2.jar:5.7.2]
	at org.junit.jupiter.engine.descriptor.TestMethodTestDescriptor.execute(TestMethodTestDescriptor.java:131) ~[junit-jupiter-engine-5.7.2.jar:5.7.2]
	at org.junit.jupiter.engine.descriptor.TestMethodTestDescriptor.execute(TestMethodTestDescriptor.java:65) ~[junit-jupiter-engine-5.7.2.jar:5.7.2]
	at org.junit.platform.engine.support.hierarchical.NodeTestTask.lambda$executeRecursively$5(NodeTestTask.java:139) ~[junit-platform-engine-1.7.2.jar:1.7.2]
	at org.junit.platform.engine.support.hierarchical.ThrowableCollector.execute(ThrowableCollector.java:73) ~[junit-platform-engine-1.7.2.jar:1.7.2]
	at org.junit.platform.engine.support.hierarchical.NodeTestTask.lambda$executeRecursively$7(NodeTestTask.java:129) ~[junit-platform-engine-1.7.2.jar:1.7.2]
	at org.junit.platform.engine.support.hierarchical.Node.around(Node.java:137) ~[junit-platform-engine-1.7.2.jar:1.7.2]
	at org.junit.platform.engine.support.hierarchical.NodeTestTask.lambda$executeRecursively$8(NodeTestTask.java:127) ~[junit-platform-engine-1.7.2.jar:1.7.2]
	at org.junit.platform.engine.support.hierarchical.ThrowableCollector.execute(ThrowableCollector.java:73) ~[junit-platform-engine-1.7.2.jar:1.7.2]
	at org.junit.platform.engine.support.hierarchical.NodeTestTask.executeRecursively(NodeTestTask.java:126) ~[junit-platform-engine-1.7.2.jar:1.7.2]
	at org.junit.platform.engine.support.hierarchical.NodeTestTask.execute(NodeTestTask.java:84) ~[junit-platform-engine-1.7.2.jar:1.7.2]
	at java.util.ArrayList.forEach(ArrayList.java:1597) ~[?:?]
	at org.junit.platform.engine.support.hierarchical.SameThreadHierarchicalTestExecutorService.invokeAll(SameThreadHierarchicalTestExecutorService.java:38) ~[junit-platform-engine-1.7.2.jar:1.7.2]
	at org.junit.platform.engine.support.hierarchical.NodeTestTask.lambda$executeRecursively$5(NodeTestTask.java:143) ~[junit-platform-engine-1.7.2.jar:1.7.2]
	at org.junit.platform.engine.support.hierarchical.ThrowableCollector.execute(ThrowableCollector.java:73) ~[junit-platform-engine-1.7.2.jar:1.7.2]
	at org.junit.platform.engine.support.hierarchical.NodeTestTask.lambda$executeRecursively$7(NodeTestTask.java:129) ~[junit-platform-engine-1.7.2.jar:1.7.2]
	at org.junit.platform.engine.support.hierarchical.Node.around(Node.java:137) ~[junit-platform-engine-1.7.2.jar:1.7.2]
	at org.junit.platform.engine.support.hierarchical.NodeTestTask.lambda$executeRecursively$8(NodeTestTask.java:127) ~[junit-platform-engine-1.7.2.jar:1.7.2]
	at org.junit.platform.engine.support.hierarchical.ThrowableCollector.execute(ThrowableCollector.java:73) ~[junit-platform-engine-1.7.2.jar:1.7.2]
	at org.junit.platform.engine.support.hierarchical.NodeTestTask.executeRecursively(NodeTestTask.java:126) ~[junit-platform-engine-1.7.2.jar:1.7.2]
	at org.junit.platform.engine.support.hierarchical.NodeTestTask.execute(NodeTestTask.java:84) ~[junit-platform-engine-1.7.2.jar:1.7.2]
	at java.util.ArrayList.forEach(ArrayList.java:1597) ~[?:?]
	at org.junit.platform.engine.support.hierarchical.SameThreadHierarchicalTestExecutorService.invokeAll(SameThreadHierarchicalTestExecutorService.java:38) ~[junit-platform-engine-1.7.2.jar:1.7.2]
	at org.junit.platform.engine.support.hierarchical.NodeTestTask.lambda$executeRecursively$5(NodeTestTask.java:143) ~[junit-platform-engine-1.7.2.jar:1.7.2]
	at org.junit.platform.engine.support.hierarchical.ThrowableCollector.execute(ThrowableCollector.java:73) ~[junit-platform-engine-1.7.2.jar:1.7.2]
	at org.junit.platform.engine.support.hierarchical.NodeTestTask.lambda$executeRecursively$7(NodeTestTask.java:129) ~[junit-platform-engine-1.7.2.jar:1.7.2]
	at org.junit.platform.engine.support.hierarchical.Node.around(Node.java:137) ~[junit-platform-engine-1.7.2.jar:1.7.2]
	at org.junit.platform.engine.support.hierarchical.NodeTestTask.lambda$executeRecursively$8(NodeTestTask.java:127) ~[junit-platform-engine-1.7.2.jar:1.7.2]
	at org.junit.platform.engine.support.hierarchical.ThrowableCollector.execute(ThrowableCollector.java:73) [junit-platform-engine-1.7.2.jar:1.7.2]
	at org.junit.platform.engine.support.hierarchical.NodeTestTask.executeRecursively(NodeTestTask.java:126) [junit-platform-engine-1.7.2.jar:1.7.2]
	at org.junit.platform.engine.support.hierarchical.NodeTestTask.execute(NodeTestTask.java:84) [junit-platform-engine-1.7.2.jar:1.7.2]
	at org.junit.platform.engine.support.hierarchical.SameThreadHierarchicalTestExecutorService.submit(SameThreadHierarchicalTestExecutorService.java:32) [junit-platform-engine-1.7.2.jar:1.7.2]
	at org.junit.platform.engine.support.hierarchical.HierarchicalTestExecutor.execute(HierarchicalTestExecutor.java:57) [junit-platform-engine-1.7.2.jar:1.7.2]
	at org.junit.platform.engine.support.hierarchical.HierarchicalTestEngine.execute(HierarchicalTestEngine.java:51) [junit-platform-engine-1.7.2.jar:1.7.2]
	at org.junit.platform.launcher.core.DefaultLauncher.execute(DefaultLauncher.java:170) [junit-platform-launcher-1.2.0.jar:1.2.0]
	at org.junit.platform.launcher.core.DefaultLauncher.execute(DefaultLauncher.java:154) [junit-platform-launcher-1.2.0.jar:1.2.0]
	at org.junit.platform.launcher.core.DefaultLauncher.execute(DefaultLauncher.java:90) [junit-platform-launcher-1.2.0.jar:1.2.0]
	at org.junit.platform.surefire.provider.JUnitPlatformProvider.invokeAllTests(JUnitPlatformProvider.java:132) [junit-platform-surefire-provider-1.2.0.jar:1.2.0]
	at org.junit.platform.surefire.provider.JUnitPlatformProvider.invoke(JUnitPlatformProvider.java:111) [junit-platform-surefire-provider-1.2.0.jar:1.2.0]
	at org.apache.maven.surefire.booter.ForkedBooter.invokeProviderInSameClassLoader(ForkedBooter.java:379) [surefire-booter-2.21.0.jar:2.21.0]
	at org.apache.maven.surefire.booter.ForkedBooter.runSuitesInProcess(ForkedBooter.java:340) [surefire-booter-2.21.0.jar:2.21.0]
	at org.apache.maven.surefire.booter.ForkedBooter.execute(ForkedBooter.java:125) [surefire-booter-2.21.0.jar:2.21.0]
	at org.apache.maven.surefire.booter.ForkedBooter.main(ForkedBooter.java:413) [surefire-booter-2.21.0.jar:2.21.0]
2025-02-10 22:03:45 [main] INFO : Generated Ticket and saved in DB
2025-02-10 22:03:45 [main] INFO : Please park your vehicle in spot number: 1
2025-02-10 22:03:45 [main] INFO : Recorded in-time for vehicle number: ABCDEF is: 2025-02-10T22:03:45.203+1100
2025-02-10 22:03:45 [main] ERROR: Unable to process incoming vehicle
java.lang.NullPointerException: Cannot invoke "java.util.Date.toString()" because the return value of "com.parkit.parkingsystem.model.Ticket.getOutTime()" is null
	at com.parkit.parkingsystem.service.FareCalculatorService.calculateFare(FareCalculatorService.java:16) ~[classes/:?]
	at com.parkit.parkingsystem.service.ParkingService.processIncomingVehicle(ParkingService.java:95) ~[classes/:?]
	at com.parkit.parkingsystem.ParkingServiceTest.testProcessIncomingVehicle(ParkingServiceTest.java:85) ~[test-classes/:?]
	at jdk.internal.reflect.DirectMethodHandleAccessor.invoke(DirectMethodHandleAccessor.java:103) ~[?:?]
	at java.lang.reflect.Method.invoke(Method.java:580) ~[?:?]
	at org.junit.platform.commons.util.ReflectionUtils.invokeMethod(ReflectionUtils.java:688) ~[junit-platform-commons-1.7.2.jar:1.7.2]
	at org.junit.jupiter.engine.execution.MethodInvocation.proceed(MethodInvocation.java:60) ~[junit-jupiter-engine-5.7.2.jar:5.7.2]
	at org.junit.jupiter.engine.execution.InvocationInterceptorChain$ValidatingInvocation.proceed(InvocationInterceptorChain.java:131) ~[junit-jupiter-engine-5.7.2.jar:5.7.2]
	at org.junit.jupiter.engine.extension.TimeoutExtension.intercept(TimeoutExtension.java:149) ~[junit-jupiter-engine-5.7.2.jar:5.7.2]
	at org.junit.jupiter.engine.extension.TimeoutExtension.interceptTestableMethod(TimeoutExtension.java:140) ~[junit-jupiter-engine-5.7.2.jar:5.7.2]
	at org.junit.jupiter.engine.extension.TimeoutExtension.interceptTestMethod(TimeoutExtension.java:84) ~[junit-jupiter-engine-5.7.2.jar:5.7.2]
	at org.junit.jupiter.engine.execution.ExecutableInvoker$ReflectiveInterceptorCall.lambda$ofVoidMethod$0(ExecutableInvoker.java:115) ~[junit-jupiter-engine-5.7.2.jar:5.7.2]
	at org.junit.jupiter.engine.execution.ExecutableInvoker.lambda$invoke$0(ExecutableInvoker.java:105) ~[junit-jupiter-engine-5.7.2.jar:5.7.2]
	at org.junit.jupiter.engine.execution.InvocationInterceptorChain$InterceptedInvocation.proceed(InvocationInterceptorChain.java:106) ~[junit-jupiter-engine-5.7.2.jar:5.7.2]
	at org.junit.jupiter.engine.execution.InvocationInterceptorChain.proceed(InvocationInterceptorChain.java:64) ~[junit-jupiter-engine-5.7.2.jar:5.7.2]
	at org.junit.jupiter.engine.execution.InvocationInterceptorChain.chainAndInvoke(InvocationInterceptorChain.java:45) ~[junit-jupiter-engine-5.7.2.jar:5.7.2]
	at org.junit.jupiter.engine.execution.InvocationInterceptorChain.invoke(InvocationInterceptorChain.java:37) ~[junit-jupiter-engine-5.7.2.jar:5.7.2]
	at org.junit.jupiter.engine.execution.ExecutableInvoker.invoke(ExecutableInvoker.java:104) ~[junit-jupiter-engine-5.7.2.jar:5.7.2]
	at org.junit.jupiter.engine.execution.ExecutableInvoker.invoke(ExecutableInvoker.java:98) ~[junit-jupiter-engine-5.7.2.jar:5.7.2]
	at org.junit.jupiter.engine.descriptor.TestMethodTestDescriptor.lambda$invokeTestMethod$6(TestMethodTestDescriptor.java:210) ~[junit-jupiter-engine-5.7.2.jar:5.7.2]
	at org.junit.platform.engine.support.hierarchical.ThrowableCollector.execute(ThrowableCollector.java:73) ~[junit-platform-engine-1.7.2.jar:1.7.2]
	at org.junit.jupiter.engine.descriptor.TestMethodTestDescriptor.invokeTestMethod(TestMethodTestDescriptor.java:206) ~[junit-jupiter-engine-5.7.2.jar:5.7.2]
	at org.junit.jupiter.engine.descriptor.TestMethodTestDescriptor.execute(TestMethodTestDescriptor.java:131) ~[junit-jupiter-engine-5.7.2.jar:5.7.2]
	at org.junit.jupiter.engine.descriptor.TestMethodTestDescriptor.execute(TestMethodTestDescriptor.java:65) ~[junit-jupiter-engine-5.7.2.jar:5.7.2]
	at org.junit.platform.engine.support.hierarchical.NodeTestTask.lambda$executeRecursively$5(NodeTestTask.java:139) ~[junit-platform-engine-1.7.2.jar:1.7.2]
	at org.junit.platform.engine.support.hierarchical.ThrowableCollector.execute(ThrowableCollector.java:73) ~[junit-platform-engine-1.7.2.jar:1.7.2]
	at org.junit.platform.engine.support.hierarchical.NodeTestTask.lambda$executeRecursively$7(NodeTestTask.java:129) ~[junit-platform-engine-1.7.2.jar:1.7.2]
	at org.junit.platform.engine.support.hierarchical.Node.around(Node.java:137) ~[junit-platform-engine-1.7.2.jar:1.7.2]
	at org.junit.platform.engine.support.hierarchical.NodeTestTask.lambda$executeRecursively$8(NodeTestTask.java:127) ~[junit-platform-engine-1.7.2.jar:1.7.2]
	at org.junit.platform.engine.support.hierarchical.ThrowableCollector.execute(ThrowableCollector.java:73) ~[junit-platform-engine-1.7.2.jar:1.7.2]
	at org.junit.platform.engine.support.hierarchical.NodeTestTask.executeRecursively(NodeTestTask.java:126) ~[junit-platform-engine-1.7.2.jar:1.7.2]
	at org.junit.platform.engine.support.hierarchical.NodeTestTask.execute(NodeTestTask.java:84) ~[junit-platform-engine-1.7.2.jar:1.7.2]
	at java.util.ArrayList.forEach(ArrayList.java:1597) ~[?:?]
	at org.junit.platform.engine.support.hierarchical.SameThreadHierarchicalTestExecutorService.invokeAll(SameThreadHierarchicalTestExecutorService.java:38) ~[junit-platform-engine-1.7.2.jar:1.7.2]
	at org.junit.platform.engine.support.hierarchical.NodeTestTask.lambda$executeRecursively$5(NodeTestTask.java:143) ~[junit-platform-engine-1.7.2.jar:1.7.2]
	at org.junit.platform.engine.support.hierarchical.ThrowableCollector.execute(ThrowableCollector.java:73) ~[junit-platform-engine-1.7.2.jar:1.7.2]
	at org.junit.platform.engine.support.hierarchical.NodeTestTask.lambda$executeRecursively$7(NodeTestTask.java:129) ~[junit-platform-engine-1.7.2.jar:1.7.2]
	at org.junit.platform.engine.support.hierarchical.Node.around(Node.java:137) ~[junit-platform-engine-1.7.2.jar:1.7.2]
	at org.junit.platform.engine.support.hierarchical.NodeTestTask.lambda$executeRecursively$8(NodeTestTask.java:127) ~[junit-platform-engine-1.7.2.jar:1.7.2]
	at org.junit.platform.engine.support.hierarchical.ThrowableCollector.execute(ThrowableCollector.java:73) ~[junit-platform-engine-1.7.2.jar:1.7.2]
	at org.junit.platform.engine.support.hierarchical.NodeTestTask.executeRecursively(NodeTestTask.java:126) ~[junit-platform-engine-1.7.2.jar:1.7.2]
	at org.junit.platform.engine.support.hierarchical.NodeTestTask.execute(NodeTestTask.java:84) ~[junit-platform-engine-1.7.2.jar:1.7.2]
	at java.util.ArrayList.forEach(ArrayList.java:1597) ~[?:?]
	at org.junit.platform.engine.support.hierarchical.SameThreadHierarchicalTestExecutorService.invokeAll(SameThreadHierarchicalTestExecutorService.java:38) ~[junit-platform-engine-1.7.2.jar:1.7.2]
	at org.junit.platform.engine.support.hierarchical.NodeTestTask.lambda$executeRecursively$5(NodeTestTask.java:143) ~[junit-platform-engine-1.7.2.jar:1.7.2]
	at org.junit.platform.engine.support.hierarchical.ThrowableCollector.execute(ThrowableCollector.java:73) ~[junit-platform-engine-1.7.2.jar:1.7.2]
	at org.junit.platform.engine.support.hierarchical.NodeTestTask.lambda$executeRecursively$7(NodeTestTask.java:129) ~[junit-platform-engine-1.7.2.jar:1.7.2]
	at org.junit.platform.engine.support.hierarchical.Node.around(Node.java:137) ~[junit-platform-engine-1.7.2.jar:1.7.2]
	at org.junit.platform.engine.support.hierarchical.NodeTestTask.lambda$executeRecursively$8(NodeTestTask.java:127) ~[junit-platform-engine-1.7.2.jar:1.7.2]
	at org.junit.platform.engine.support.hierarchical.ThrowableCollector.execute(ThrowableCollector.java:73) [junit-platform-engine-1.7.2.jar:1.7.2]
	at org.junit.platform.engine.support.hierarchical.NodeTestTask.executeRecursively(NodeTestTask.java:126) [junit-platform-engine-1.7.2.jar:1.7.2]
	at org.junit.platform.engine.support.hierarchical.NodeTestTask.execute(NodeTestTask.java:84) [junit-platform-engine-1.7.2.jar:1.7.2]
	at org.junit.platform.engine.support.hierarchical.SameThreadHierarchicalTestExecutorService.submit(SameThreadHierarchicalTestExecutorService.java:32) [junit-platform-engine-1.7.2.jar:1.7.2]
	at org.junit.platform.engine.support.hierarchical.HierarchicalTestExecutor.execute(HierarchicalTestExecutor.java:57) [junit-platform-engine-1.7.2.jar:1.7.2]
	at org.junit.platform.engine.support.hierarchical.HierarchicalTestEngine.execute(HierarchicalTestEngine.java:51) [junit-platform-engine-1.7.2.jar:1.7.2]
	at org.junit.platform.launcher.core.DefaultLauncher.execute(DefaultLauncher.java:170) [junit-platform-launcher-1.2.0.jar:1.2.0]
	at org.junit.platform.launcher.core.DefaultLauncher.execute(DefaultLauncher.java:154) [junit-platform-launcher-1.2.0.jar:1.2.0]
	at org.junit.platform.launcher.core.DefaultLauncher.execute(DefaultLauncher.java:90) [junit-platform-launcher-1.2.0.jar:1.2.0]
	at org.junit.platform.surefire.provider.JUnitPlatformProvider.invokeAllTests(JUnitPlatformProvider.java:132) [junit-platform-surefire-provider-1.2.0.jar:1.2.0]
	at org.junit.platform.surefire.provider.JUnitPlatformProvider.invoke(JUnitPlatformProvider.java:111) [junit-platform-surefire-provider-1.2.0.jar:1.2.0]
	at org.apache.maven.surefire.booter.ForkedBooter.invokeProviderInSameClassLoader(ForkedBooter.java:379) [surefire-booter-2.21.0.jar:2.21.0]
	at org.apache.maven.surefire.booter.ForkedBooter.runSuitesInProcess(ForkedBooter.java:340) [surefire-booter-2.21.0.jar:2.21.0]
	at org.apache.maven.surefire.booter.ForkedBooter.execute(ForkedBooter.java:125) [surefire-booter-2.21.0.jar:2.21.0]
	at org.apache.maven.surefire.booter.ForkedBooter.main(ForkedBooter.java:413) [surefire-booter-2.21.0.jar:2.21.0]
2025-02-10 23:01:54 [main] INFO : Please select vehicle type from menu
2025-02-10 23:01:54 [main] INFO : 1 CAR
2025-02-10 23:01:54 [main] INFO : 2 BIKE
2025-02-10 23:01:54 [main] INFO : Incorrect input provided
2025-02-10 23:01:54 [main] ERROR: Error parsing user input for type of vehicle
java.lang.IllegalArgumentException: Entered input is invalid
	at com.parkit.parkingsystem.service.ParkingService.getVehichleType(ParkingService.java:142) ~[classes/:?]
	at com.parkit.parkingsystem.service.ParkingService.getNextParkingNumberIfAvailable(ParkingService.java:112) ~[classes/:?]
	at com.parkit.parkingsystem.ParkingServiceTest.testGetNextParkingNumberIfAvailableParkingNumberNotFound(ParkingServiceTest.java:134) ~[test-classes/:?]
	at jdk.internal.reflect.DirectMethodHandleAccessor.invoke(DirectMethodHandleAccessor.java:103) ~[?:?]
	at java.lang.reflect.Method.invoke(Method.java:580) ~[?:?]
	at org.junit.platform.commons.util.ReflectionUtils.invokeMethod(ReflectionUtils.java:688) ~[junit-platform-commons-1.7.2.jar:1.7.2]
	at org.junit.jupiter.engine.execution.MethodInvocation.proceed(MethodInvocation.java:60) ~[junit-jupiter-engine-5.7.2.jar:5.7.2]
	at org.junit.jupiter.engine.execution.InvocationInterceptorChain$ValidatingInvocation.proceed(InvocationInterceptorChain.java:131) ~[junit-jupiter-engine-5.7.2.jar:5.7.2]
	at org.junit.jupiter.engine.extension.TimeoutExtension.intercept(TimeoutExtension.java:149) ~[junit-jupiter-engine-5.7.2.jar:5.7.2]
	at org.junit.jupiter.engine.extension.TimeoutExtension.interceptTestableMethod(TimeoutExtension.java:140) ~[junit-jupiter-engine-5.7.2.jar:5.7.2]
	at org.junit.jupiter.engine.extension.TimeoutExtension.interceptTestMethod(TimeoutExtension.java:84) ~[junit-jupiter-engine-5.7.2.jar:5.7.2]
	at org.junit.jupiter.engine.execution.ExecutableInvoker$ReflectiveInterceptorCall.lambda$ofVoidMethod$0(ExecutableInvoker.java:115) ~[junit-jupiter-engine-5.7.2.jar:5.7.2]
	at org.junit.jupiter.engine.execution.ExecutableInvoker.lambda$invoke$0(ExecutableInvoker.java:105) ~[junit-jupiter-engine-5.7.2.jar:5.7.2]
	at org.junit.jupiter.engine.execution.InvocationInterceptorChain$InterceptedInvocation.proceed(InvocationInterceptorChain.java:106) ~[junit-jupiter-engine-5.7.2.jar:5.7.2]
	at org.junit.jupiter.engine.execution.InvocationInterceptorChain.proceed(InvocationInterceptorChain.java:64) ~[junit-jupiter-engine-5.7.2.jar:5.7.2]
	at org.junit.jupiter.engine.execution.InvocationInterceptorChain.chainAndInvoke(InvocationInterceptorChain.java:45) ~[junit-jupiter-engine-5.7.2.jar:5.7.2]
	at org.junit.jupiter.engine.execution.InvocationInterceptorChain.invoke(InvocationInterceptorChain.java:37) ~[junit-jupiter-engine-5.7.2.jar:5.7.2]
	at org.junit.jupiter.engine.execution.ExecutableInvoker.invoke(ExecutableInvoker.java:104) ~[junit-jupiter-engine-5.7.2.jar:5.7.2]
	at org.junit.jupiter.engine.execution.ExecutableInvoker.invoke(ExecutableInvoker.java:98) ~[junit-jupiter-engine-5.7.2.jar:5.7.2]
	at org.junit.jupiter.engine.descriptor.TestMethodTestDescriptor.lambda$invokeTestMethod$6(TestMethodTestDescriptor.java:210) ~[junit-jupiter-engine-5.7.2.jar:5.7.2]
	at org.junit.platform.engine.support.hierarchical.ThrowableCollector.execute(ThrowableCollector.java:73) ~[junit-platform-engine-1.7.2.jar:1.7.2]
	at org.junit.jupiter.engine.descriptor.TestMethodTestDescriptor.invokeTestMethod(TestMethodTestDescriptor.java:206) ~[junit-jupiter-engine-5.7.2.jar:5.7.2]
	at org.junit.jupiter.engine.descriptor.TestMethodTestDescriptor.execute(TestMethodTestDescriptor.java:131) ~[junit-jupiter-engine-5.7.2.jar:5.7.2]
	at org.junit.jupiter.engine.descriptor.TestMethodTestDescriptor.execute(TestMethodTestDescriptor.java:65) ~[junit-jupiter-engine-5.7.2.jar:5.7.2]
	at org.junit.platform.engine.support.hierarchical.NodeTestTask.lambda$executeRecursively$5(NodeTestTask.java:139) ~[junit-platform-engine-1.7.2.jar:1.7.2]
	at org.junit.platform.engine.support.hierarchical.ThrowableCollector.execute(ThrowableCollector.java:73) ~[junit-platform-engine-1.7.2.jar:1.7.2]
	at org.junit.platform.engine.support.hierarchical.NodeTestTask.lambda$executeRecursively$7(NodeTestTask.java:129) ~[junit-platform-engine-1.7.2.jar:1.7.2]
	at org.junit.platform.engine.support.hierarchical.Node.around(Node.java:137) ~[junit-platform-engine-1.7.2.jar:1.7.2]
	at org.junit.platform.engine.support.hierarchical.NodeTestTask.lambda$executeRecursively$8(NodeTestTask.java:127) ~[junit-platform-engine-1.7.2.jar:1.7.2]
	at org.junit.platform.engine.support.hierarchical.ThrowableCollector.execute(ThrowableCollector.java:73) ~[junit-platform-engine-1.7.2.jar:1.7.2]
	at org.junit.platform.engine.support.hierarchical.NodeTestTask.executeRecursively(NodeTestTask.java:126) ~[junit-platform-engine-1.7.2.jar:1.7.2]
	at org.junit.platform.engine.support.hierarchical.NodeTestTask.execute(NodeTestTask.java:84) ~[junit-platform-engine-1.7.2.jar:1.7.2]
	at java.util.ArrayList.forEach(ArrayList.java:1597) ~[?:?]
	at org.junit.platform.engine.support.hierarchical.SameThreadHierarchicalTestExecutorService.invokeAll(SameThreadHierarchicalTestExecutorService.java:38) ~[junit-platform-engine-1.7.2.jar:1.7.2]
	at org.junit.platform.engine.support.hierarchical.NodeTestTask.lambda$executeRecursively$5(NodeTestTask.java:143) ~[junit-platform-engine-1.7.2.jar:1.7.2]
	at org.junit.platform.engine.support.hierarchical.ThrowableCollector.execute(ThrowableCollector.java:73) ~[junit-platform-engine-1.7.2.jar:1.7.2]
	at org.junit.platform.engine.support.hierarchical.NodeTestTask.lambda$executeRecursively$7(NodeTestTask.java:129) ~[junit-platform-engine-1.7.2.jar:1.7.2]
	at org.junit.platform.engine.support.hierarchical.Node.around(Node.java:137) ~[junit-platform-engine-1.7.2.jar:1.7.2]
	at org.junit.platform.engine.support.hierarchical.NodeTestTask.lambda$executeRecursively$8(NodeTestTask.java:127) ~[junit-platform-engine-1.7.2.jar:1.7.2]
	at org.junit.platform.engine.support.hierarchical.ThrowableCollector.execute(ThrowableCollector.java:73) ~[junit-platform-engine-1.7.2.jar:1.7.2]
	at org.junit.platform.engine.support.hierarchical.NodeTestTask.executeRecursively(NodeTestTask.java:126) ~[junit-platform-engine-1.7.2.jar:1.7.2]
	at org.junit.platform.engine.support.hierarchical.NodeTestTask.execute(NodeTestTask.java:84) ~[junit-platform-engine-1.7.2.jar:1.7.2]
	at java.util.ArrayList.forEach(ArrayList.java:1597) ~[?:?]
	at org.junit.platform.engine.support.hierarchical.SameThreadHierarchicalTestExecutorService.invokeAll(SameThreadHierarchicalTestExecutorService.java:38) ~[junit-platform-engine-1.7.2.jar:1.7.2]
	at org.junit.platform.engine.support.hierarchical.NodeTestTask.lambda$executeRecursively$5(NodeTestTask.java:143) ~[junit-platform-engine-1.7.2.jar:1.7.2]
	at org.junit.platform.engine.support.hierarchical.ThrowableCollector.execute(ThrowableCollector.java:73) ~[junit-platform-engine-1.7.2.jar:1.7.2]
	at org.junit.platform.engine.support.hierarchical.NodeTestTask.lambda$executeRecursively$7(NodeTestTask.java:129) ~[junit-platform-engine-1.7.2.jar:1.7.2]
	at org.junit.platform.engine.support.hierarchical.Node.around(Node.java:137) ~[junit-platform-engine-1.7.2.jar:1.7.2]
	at org.junit.platform.engine.support.hierarchical.NodeTestTask.lambda$executeRecursively$8(NodeTestTask.java:127) ~[junit-platform-engine-1.7.2.jar:1.7.2]
	at org.junit.platform.engine.support.hierarchical.ThrowableCollector.execute(ThrowableCollector.java:73) [junit-platform-engine-1.7.2.jar:1.7.2]
	at org.junit.platform.engine.support.hierarchical.NodeTestTask.executeRecursively(NodeTestTask.java:126) [junit-platform-engine-1.7.2.jar:1.7.2]
	at org.junit.platform.engine.support.hierarchical.NodeTestTask.execute(NodeTestTask.java:84) [junit-platform-engine-1.7.2.jar:1.7.2]
	at org.junit.platform.engine.support.hierarchical.SameThreadHierarchicalTestExecutorService.submit(SameThreadHierarchicalTestExecutorService.java:32) [junit-platform-engine-1.7.2.jar:1.7.2]
	at org.junit.platform.engine.support.hierarchical.HierarchicalTestExecutor.execute(HierarchicalTestExecutor.java:57) [junit-platform-engine-1.7.2.jar:1.7.2]
	at org.junit.platform.engine.support.hierarchical.HierarchicalTestEngine.execute(HierarchicalTestEngine.java:51) [junit-platform-engine-1.7.2.jar:1.7.2]
	at org.junit.platform.launcher.core.DefaultLauncher.execute(DefaultLauncher.java:170) [junit-platform-launcher-1.2.0.jar:1.2.0]
	at org.junit.platform.launcher.core.DefaultLauncher.execute(DefaultLauncher.java:154) [junit-platform-launcher-1.2.0.jar:1.2.0]
	at org.junit.platform.launcher.core.DefaultLauncher.execute(DefaultLauncher.java:90) [junit-platform-launcher-1.2.0.jar:1.2.0]
	at org.junit.platform.surefire.provider.JUnitPlatformProvider.invokeAllTests(JUnitPlatformProvider.java:132) [junit-platform-surefire-provider-1.2.0.jar:1.2.0]
	at org.junit.platform.surefire.provider.JUnitPlatformProvider.invoke(JUnitPlatformProvider.java:111) [junit-platform-surefire-provider-1.2.0.jar:1.2.0]
	at org.apache.maven.surefire.booter.ForkedBooter.invokeProviderInSameClassLoader(ForkedBooter.java:379) [surefire-booter-2.21.0.jar:2.21.0]
	at org.apache.maven.surefire.booter.ForkedBooter.runSuitesInProcess(ForkedBooter.java:340) [surefire-booter-2.21.0.jar:2.21.0]
	at org.apache.maven.surefire.booter.ForkedBooter.execute(ForkedBooter.java:125) [surefire-booter-2.21.0.jar:2.21.0]
	at org.apache.maven.surefire.booter.ForkedBooter.main(ForkedBooter.java:413) [surefire-booter-2.21.0.jar:2.21.0]
2025-02-10 23:01:55 [main] ERROR: Unable to process exiting vehicle
java.lang.NullPointerException: Cannot invoke "Object.getClass()" because "date" is null
	at java.util.Date.getMillisOf(Date.java:956) ~[?:?]
	at java.util.Date.before(Date.java:915) ~[?:?]
	at com.parkit.parkingsystem.service.FareCalculatorService.calculateFare(FareCalculatorService.java:15) ~[classes/:?]
	at com.parkit.parkingsystem.service.ParkingService.processExitingVehicle(ParkingService.java:155) ~[classes/:?]
	at com.parkit.parkingsystem.ParkingServiceTest.processExitingVehicleTestUnableUpdate(ParkingServiceTest.java:107) ~[test-classes/:?]
	at jdk.internal.reflect.DirectMethodHandleAccessor.invoke(DirectMethodHandleAccessor.java:103) ~[?:?]
	at java.lang.reflect.Method.invoke(Method.java:580) ~[?:?]
	at org.junit.platform.commons.util.ReflectionUtils.invokeMethod(ReflectionUtils.java:688) ~[junit-platform-commons-1.7.2.jar:1.7.2]
	at org.junit.jupiter.engine.execution.MethodInvocation.proceed(MethodInvocation.java:60) ~[junit-jupiter-engine-5.7.2.jar:5.7.2]
	at org.junit.jupiter.engine.execution.InvocationInterceptorChain$ValidatingInvocation.proceed(InvocationInterceptorChain.java:131) ~[junit-jupiter-engine-5.7.2.jar:5.7.2]
	at org.junit.jupiter.engine.extension.TimeoutExtension.intercept(TimeoutExtension.java:149) ~[junit-jupiter-engine-5.7.2.jar:5.7.2]
	at org.junit.jupiter.engine.extension.TimeoutExtension.interceptTestableMethod(TimeoutExtension.java:140) ~[junit-jupiter-engine-5.7.2.jar:5.7.2]
	at org.junit.jupiter.engine.extension.TimeoutExtension.interceptTestMethod(TimeoutExtension.java:84) ~[junit-jupiter-engine-5.7.2.jar:5.7.2]
	at org.junit.jupiter.engine.execution.ExecutableInvoker$ReflectiveInterceptorCall.lambda$ofVoidMethod$0(ExecutableInvoker.java:115) ~[junit-jupiter-engine-5.7.2.jar:5.7.2]
	at org.junit.jupiter.engine.execution.ExecutableInvoker.lambda$invoke$0(ExecutableInvoker.java:105) ~[junit-jupiter-engine-5.7.2.jar:5.7.2]
	at org.junit.jupiter.engine.execution.InvocationInterceptorChain$InterceptedInvocation.proceed(InvocationInterceptorChain.java:106) ~[junit-jupiter-engine-5.7.2.jar:5.7.2]
	at org.junit.jupiter.engine.execution.InvocationInterceptorChain.proceed(InvocationInterceptorChain.java:64) ~[junit-jupiter-engine-5.7.2.jar:5.7.2]
	at org.junit.jupiter.engine.execution.InvocationInterceptorChain.chainAndInvoke(InvocationInterceptorChain.java:45) ~[junit-jupiter-engine-5.7.2.jar:5.7.2]
	at org.junit.jupiter.engine.execution.InvocationInterceptorChain.invoke(InvocationInterceptorChain.java:37) ~[junit-jupiter-engine-5.7.2.jar:5.7.2]
	at org.junit.jupiter.engine.execution.ExecutableInvoker.invoke(ExecutableInvoker.java:104) ~[junit-jupiter-engine-5.7.2.jar:5.7.2]
	at org.junit.jupiter.engine.execution.ExecutableInvoker.invoke(ExecutableInvoker.java:98) ~[junit-jupiter-engine-5.7.2.jar:5.7.2]
	at org.junit.jupiter.engine.descriptor.TestMethodTestDescriptor.lambda$invokeTestMethod$6(TestMethodTestDescriptor.java:210) ~[junit-jupiter-engine-5.7.2.jar:5.7.2]
	at org.junit.platform.engine.support.hierarchical.ThrowableCollector.execute(ThrowableCollector.java:73) ~[junit-platform-engine-1.7.2.jar:1.7.2]
	at org.junit.jupiter.engine.descriptor.TestMethodTestDescriptor.invokeTestMethod(TestMethodTestDescriptor.java:206) ~[junit-jupiter-engine-5.7.2.jar:5.7.2]
	at org.junit.jupiter.engine.descriptor.TestMethodTestDescriptor.execute(TestMethodTestDescriptor.java:131) ~[junit-jupiter-engine-5.7.2.jar:5.7.2]
	at org.junit.jupiter.engine.descriptor.TestMethodTestDescriptor.execute(TestMethodTestDescriptor.java:65) ~[junit-jupiter-engine-5.7.2.jar:5.7.2]
	at org.junit.platform.engine.support.hierarchical.NodeTestTask.lambda$executeRecursively$5(NodeTestTask.java:139) ~[junit-platform-engine-1.7.2.jar:1.7.2]
	at org.junit.platform.engine.support.hierarchical.ThrowableCollector.execute(ThrowableCollector.java:73) ~[junit-platform-engine-1.7.2.jar:1.7.2]
	at org.junit.platform.engine.support.hierarchical.NodeTestTask.lambda$executeRecursively$7(NodeTestTask.java:129) ~[junit-platform-engine-1.7.2.jar:1.7.2]
	at org.junit.platform.engine.support.hierarchical.Node.around(Node.java:137) ~[junit-platform-engine-1.7.2.jar:1.7.2]
	at org.junit.platform.engine.support.hierarchical.NodeTestTask.lambda$executeRecursively$8(NodeTestTask.java:127) ~[junit-platform-engine-1.7.2.jar:1.7.2]
	at org.junit.platform.engine.support.hierarchical.ThrowableCollector.execute(ThrowableCollector.java:73) ~[junit-platform-engine-1.7.2.jar:1.7.2]
	at org.junit.platform.engine.support.hierarchical.NodeTestTask.executeRecursively(NodeTestTask.java:126) ~[junit-platform-engine-1.7.2.jar:1.7.2]
	at org.junit.platform.engine.support.hierarchical.NodeTestTask.execute(NodeTestTask.java:84) ~[junit-platform-engine-1.7.2.jar:1.7.2]
	at java.util.ArrayList.forEach(ArrayList.java:1597) ~[?:?]
	at org.junit.platform.engine.support.hierarchical.SameThreadHierarchicalTestExecutorService.invokeAll(SameThreadHierarchicalTestExecutorService.java:38) ~[junit-platform-engine-1.7.2.jar:1.7.2]
	at org.junit.platform.engine.support.hierarchical.NodeTestTask.lambda$executeRecursively$5(NodeTestTask.java:143) ~[junit-platform-engine-1.7.2.jar:1.7.2]
	at org.junit.platform.engine.support.hierarchical.ThrowableCollector.execute(ThrowableCollector.java:73) ~[junit-platform-engine-1.7.2.jar:1.7.2]
	at org.junit.platform.engine.support.hierarchical.NodeTestTask.lambda$executeRecursively$7(NodeTestTask.java:129) ~[junit-platform-engine-1.7.2.jar:1.7.2]
	at org.junit.platform.engine.support.hierarchical.Node.around(Node.java:137) ~[junit-platform-engine-1.7.2.jar:1.7.2]
	at org.junit.platform.engine.support.hierarchical.NodeTestTask.lambda$executeRecursively$8(NodeTestTask.java:127) ~[junit-platform-engine-1.7.2.jar:1.7.2]
	at org.junit.platform.engine.support.hierarchical.ThrowableCollector.execute(ThrowableCollector.java:73) ~[junit-platform-engine-1.7.2.jar:1.7.2]
	at org.junit.platform.engine.support.hierarchical.NodeTestTask.executeRecursively(NodeTestTask.java:126) ~[junit-platform-engine-1.7.2.jar:1.7.2]
	at org.junit.platform.engine.support.hierarchical.NodeTestTask.execute(NodeTestTask.java:84) ~[junit-platform-engine-1.7.2.jar:1.7.2]
	at java.util.ArrayList.forEach(ArrayList.java:1597) ~[?:?]
	at org.junit.platform.engine.support.hierarchical.SameThreadHierarchicalTestExecutorService.invokeAll(SameThreadHierarchicalTestExecutorService.java:38) ~[junit-platform-engine-1.7.2.jar:1.7.2]
	at org.junit.platform.engine.support.hierarchical.NodeTestTask.lambda$executeRecursively$5(NodeTestTask.java:143) ~[junit-platform-engine-1.7.2.jar:1.7.2]
	at org.junit.platform.engine.support.hierarchical.ThrowableCollector.execute(ThrowableCollector.java:73) ~[junit-platform-engine-1.7.2.jar:1.7.2]
	at org.junit.platform.engine.support.hierarchical.NodeTestTask.lambda$executeRecursively$7(NodeTestTask.java:129) ~[junit-platform-engine-1.7.2.jar:1.7.2]
	at org.junit.platform.engine.support.hierarchical.Node.around(Node.java:137) ~[junit-platform-engine-1.7.2.jar:1.7.2]
	at org.junit.platform.engine.support.hierarchical.NodeTestTask.lambda$executeRecursively$8(NodeTestTask.java:127) ~[junit-platform-engine-1.7.2.jar:1.7.2]
	at org.junit.platform.engine.support.hierarchical.ThrowableCollector.execute(ThrowableCollector.java:73) [junit-platform-engine-1.7.2.jar:1.7.2]
	at org.junit.platform.engine.support.hierarchical.NodeTestTask.executeRecursively(NodeTestTask.java:126) [junit-platform-engine-1.7.2.jar:1.7.2]
	at org.junit.platform.engine.support.hierarchical.NodeTestTask.execute(NodeTestTask.java:84) [junit-platform-engine-1.7.2.jar:1.7.2]
	at org.junit.platform.engine.support.hierarchical.SameThreadHierarchicalTestExecutorService.submit(SameThreadHierarchicalTestExecutorService.java:32) [junit-platform-engine-1.7.2.jar:1.7.2]
	at org.junit.platform.engine.support.hierarchical.HierarchicalTestExecutor.execute(HierarchicalTestExecutor.java:57) [junit-platform-engine-1.7.2.jar:1.7.2]
	at org.junit.platform.engine.support.hierarchical.HierarchicalTestEngine.execute(HierarchicalTestEngine.java:51) [junit-platform-engine-1.7.2.jar:1.7.2]
	at org.junit.platform.launcher.core.DefaultLauncher.execute(DefaultLauncher.java:170) [junit-platform-launcher-1.2.0.jar:1.2.0]
	at org.junit.platform.launcher.core.DefaultLauncher.execute(DefaultLauncher.java:154) [junit-platform-launcher-1.2.0.jar:1.2.0]
	at org.junit.platform.launcher.core.DefaultLauncher.execute(DefaultLauncher.java:90) [junit-platform-launcher-1.2.0.jar:1.2.0]
	at org.junit.platform.surefire.provider.JUnitPlatformProvider.invokeAllTests(JUnitPlatformProvider.java:132) [junit-platform-surefire-provider-1.2.0.jar:1.2.0]
	at org.junit.platform.surefire.provider.JUnitPlatformProvider.invoke(JUnitPlatformProvider.java:111) [junit-platform-surefire-provider-1.2.0.jar:1.2.0]
	at org.apache.maven.surefire.booter.ForkedBooter.invokeProviderInSameClassLoader(ForkedBooter.java:379) [surefire-booter-2.21.0.jar:2.21.0]
	at org.apache.maven.surefire.booter.ForkedBooter.runSuitesInProcess(ForkedBooter.java:340) [surefire-booter-2.21.0.jar:2.21.0]
	at org.apache.maven.surefire.booter.ForkedBooter.execute(ForkedBooter.java:125) [surefire-booter-2.21.0.jar:2.21.0]
	at org.apache.maven.surefire.booter.ForkedBooter.main(ForkedBooter.java:413) [surefire-booter-2.21.0.jar:2.21.0]
2025-02-10 23:01:55 [main] INFO : Please select vehicle type from menu
2025-02-10 23:01:55 [main] INFO : 1 CAR
2025-02-10 23:01:55 [main] INFO : 2 BIKE
2025-02-10 23:01:55 [main] ERROR: Error fetching parking number from DB. Parking slots might be full
2025-02-10 23:01:55 [main] INFO : Please select vehicle type from menu
2025-02-10 23:01:55 [main] INFO : 1 CAR
2025-02-10 23:01:55 [main] INFO : 2 BIKE
2025-02-10 23:01:55 [main] INFO : Next available parking number is: 1
2025-02-10 23:01:55 [main] ERROR: Unable to process exiting vehicle
java.lang.NullPointerException: Cannot invoke "Object.getClass()" because "date" is null
	at java.util.Date.getMillisOf(Date.java:956) ~[?:?]
	at java.util.Date.before(Date.java:915) ~[?:?]
	at com.parkit.parkingsystem.service.FareCalculatorService.calculateFare(FareCalculatorService.java:15) ~[classes/:?]
	at com.parkit.parkingsystem.service.ParkingService.processExitingVehicle(ParkingService.java:155) ~[classes/:?]
	at com.parkit.parkingsystem.ParkingServiceTest.processExitingVehicleTest(ParkingServiceTest.java:69) ~[test-classes/:?]
	at jdk.internal.reflect.DirectMethodHandleAccessor.invoke(DirectMethodHandleAccessor.java:103) ~[?:?]
	at java.lang.reflect.Method.invoke(Method.java:580) ~[?:?]
	at org.junit.platform.commons.util.ReflectionUtils.invokeMethod(ReflectionUtils.java:688) ~[junit-platform-commons-1.7.2.jar:1.7.2]
	at org.junit.jupiter.engine.execution.MethodInvocation.proceed(MethodInvocation.java:60) ~[junit-jupiter-engine-5.7.2.jar:5.7.2]
	at org.junit.jupiter.engine.execution.InvocationInterceptorChain$ValidatingInvocation.proceed(InvocationInterceptorChain.java:131) ~[junit-jupiter-engine-5.7.2.jar:5.7.2]
	at org.junit.jupiter.engine.extension.TimeoutExtension.intercept(TimeoutExtension.java:149) ~[junit-jupiter-engine-5.7.2.jar:5.7.2]
	at org.junit.jupiter.engine.extension.TimeoutExtension.interceptTestableMethod(TimeoutExtension.java:140) ~[junit-jupiter-engine-5.7.2.jar:5.7.2]
	at org.junit.jupiter.engine.extension.TimeoutExtension.interceptTestMethod(TimeoutExtension.java:84) ~[junit-jupiter-engine-5.7.2.jar:5.7.2]
	at org.junit.jupiter.engine.execution.ExecutableInvoker$ReflectiveInterceptorCall.lambda$ofVoidMethod$0(ExecutableInvoker.java:115) ~[junit-jupiter-engine-5.7.2.jar:5.7.2]
	at org.junit.jupiter.engine.execution.ExecutableInvoker.lambda$invoke$0(ExecutableInvoker.java:105) ~[junit-jupiter-engine-5.7.2.jar:5.7.2]
	at org.junit.jupiter.engine.execution.InvocationInterceptorChain$InterceptedInvocation.proceed(InvocationInterceptorChain.java:106) ~[junit-jupiter-engine-5.7.2.jar:5.7.2]
	at org.junit.jupiter.engine.execution.InvocationInterceptorChain.proceed(InvocationInterceptorChain.java:64) ~[junit-jupiter-engine-5.7.2.jar:5.7.2]
	at org.junit.jupiter.engine.execution.InvocationInterceptorChain.chainAndInvoke(InvocationInterceptorChain.java:45) ~[junit-jupiter-engine-5.7.2.jar:5.7.2]
	at org.junit.jupiter.engine.execution.InvocationInterceptorChain.invoke(InvocationInterceptorChain.java:37) ~[junit-jupiter-engine-5.7.2.jar:5.7.2]
	at org.junit.jupiter.engine.execution.ExecutableInvoker.invoke(ExecutableInvoker.java:104) ~[junit-jupiter-engine-5.7.2.jar:5.7.2]
	at org.junit.jupiter.engine.execution.ExecutableInvoker.invoke(ExecutableInvoker.java:98) ~[junit-jupiter-engine-5.7.2.jar:5.7.2]
	at org.junit.jupiter.engine.descriptor.TestMethodTestDescriptor.lambda$invokeTestMethod$6(TestMethodTestDescriptor.java:210) ~[junit-jupiter-engine-5.7.2.jar:5.7.2]
	at org.junit.platform.engine.support.hierarchical.ThrowableCollector.execute(ThrowableCollector.java:73) ~[junit-platform-engine-1.7.2.jar:1.7.2]
	at org.junit.jupiter.engine.descriptor.TestMethodTestDescriptor.invokeTestMethod(TestMethodTestDescriptor.java:206) ~[junit-jupiter-engine-5.7.2.jar:5.7.2]
	at org.junit.jupiter.engine.descriptor.TestMethodTestDescriptor.execute(TestMethodTestDescriptor.java:131) ~[junit-jupiter-engine-5.7.2.jar:5.7.2]
	at org.junit.jupiter.engine.descriptor.TestMethodTestDescriptor.execute(TestMethodTestDescriptor.java:65) ~[junit-jupiter-engine-5.7.2.jar:5.7.2]
	at org.junit.platform.engine.support.hierarchical.NodeTestTask.lambda$executeRecursively$5(NodeTestTask.java:139) ~[junit-platform-engine-1.7.2.jar:1.7.2]
	at org.junit.platform.engine.support.hierarchical.ThrowableCollector.execute(ThrowableCollector.java:73) ~[junit-platform-engine-1.7.2.jar:1.7.2]
	at org.junit.platform.engine.support.hierarchical.NodeTestTask.lambda$executeRecursively$7(NodeTestTask.java:129) ~[junit-platform-engine-1.7.2.jar:1.7.2]
	at org.junit.platform.engine.support.hierarchical.Node.around(Node.java:137) ~[junit-platform-engine-1.7.2.jar:1.7.2]
	at org.junit.platform.engine.support.hierarchical.NodeTestTask.lambda$executeRecursively$8(NodeTestTask.java:127) ~[junit-platform-engine-1.7.2.jar:1.7.2]
	at org.junit.platform.engine.support.hierarchical.ThrowableCollector.execute(ThrowableCollector.java:73) ~[junit-platform-engine-1.7.2.jar:1.7.2]
	at org.junit.platform.engine.support.hierarchical.NodeTestTask.executeRecursively(NodeTestTask.java:126) ~[junit-platform-engine-1.7.2.jar:1.7.2]
	at org.junit.platform.engine.support.hierarchical.NodeTestTask.execute(NodeTestTask.java:84) ~[junit-platform-engine-1.7.2.jar:1.7.2]
	at java.util.ArrayList.forEach(ArrayList.java:1597) ~[?:?]
	at org.junit.platform.engine.support.hierarchical.SameThreadHierarchicalTestExecutorService.invokeAll(SameThreadHierarchicalTestExecutorService.java:38) ~[junit-platform-engine-1.7.2.jar:1.7.2]
	at org.junit.platform.engine.support.hierarchical.NodeTestTask.lambda$executeRecursively$5(NodeTestTask.java:143) ~[junit-platform-engine-1.7.2.jar:1.7.2]
	at org.junit.platform.engine.support.hierarchical.ThrowableCollector.execute(ThrowableCollector.java:73) ~[junit-platform-engine-1.7.2.jar:1.7.2]
	at org.junit.platform.engine.support.hierarchical.NodeTestTask.lambda$executeRecursively$7(NodeTestTask.java:129) ~[junit-platform-engine-1.7.2.jar:1.7.2]
	at org.junit.platform.engine.support.hierarchical.Node.around(Node.java:137) ~[junit-platform-engine-1.7.2.jar:1.7.2]
	at org.junit.platform.engine.support.hierarchical.NodeTestTask.lambda$executeRecursively$8(NodeTestTask.java:127) ~[junit-platform-engine-1.7.2.jar:1.7.2]
	at org.junit.platform.engine.support.hierarchical.ThrowableCollector.execute(ThrowableCollector.java:73) ~[junit-platform-engine-1.7.2.jar:1.7.2]
	at org.junit.platform.engine.support.hierarchical.NodeTestTask.executeRecursively(NodeTestTask.java:126) ~[junit-platform-engine-1.7.2.jar:1.7.2]
	at org.junit.platform.engine.support.hierarchical.NodeTestTask.execute(NodeTestTask.java:84) ~[junit-platform-engine-1.7.2.jar:1.7.2]
	at java.util.ArrayList.forEach(ArrayList.java:1597) ~[?:?]
	at org.junit.platform.engine.support.hierarchical.SameThreadHierarchicalTestExecutorService.invokeAll(SameThreadHierarchicalTestExecutorService.java:38) ~[junit-platform-engine-1.7.2.jar:1.7.2]
	at org.junit.platform.engine.support.hierarchical.NodeTestTask.lambda$executeRecursively$5(NodeTestTask.java:143) ~[junit-platform-engine-1.7.2.jar:1.7.2]
	at org.junit.platform.engine.support.hierarchical.ThrowableCollector.execute(ThrowableCollector.java:73) ~[junit-platform-engine-1.7.2.jar:1.7.2]
	at org.junit.platform.engine.support.hierarchical.NodeTestTask.lambda$executeRecursively$7(NodeTestTask.java:129) ~[junit-platform-engine-1.7.2.jar:1.7.2]
	at org.junit.platform.engine.support.hierarchical.Node.around(Node.java:137) ~[junit-platform-engine-1.7.2.jar:1.7.2]
	at org.junit.platform.engine.support.hierarchical.NodeTestTask.lambda$executeRecursively$8(NodeTestTask.java:127) ~[junit-platform-engine-1.7.2.jar:1.7.2]
	at org.junit.platform.engine.support.hierarchical.ThrowableCollector.execute(ThrowableCollector.java:73) [junit-platform-engine-1.7.2.jar:1.7.2]
	at org.junit.platform.engine.support.hierarchical.NodeTestTask.executeRecursively(NodeTestTask.java:126) [junit-platform-engine-1.7.2.jar:1.7.2]
	at org.junit.platform.engine.support.hierarchical.NodeTestTask.execute(NodeTestTask.java:84) [junit-platform-engine-1.7.2.jar:1.7.2]
	at org.junit.platform.engine.support.hierarchical.SameThreadHierarchicalTestExecutorService.submit(SameThreadHierarchicalTestExecutorService.java:32) [junit-platform-engine-1.7.2.jar:1.7.2]
	at org.junit.platform.engine.support.hierarchical.HierarchicalTestExecutor.execute(HierarchicalTestExecutor.java:57) [junit-platform-engine-1.7.2.jar:1.7.2]
	at org.junit.platform.engine.support.hierarchical.HierarchicalTestEngine.execute(HierarchicalTestEngine.java:51) [junit-platform-engine-1.7.2.jar:1.7.2]
	at org.junit.platform.launcher.core.DefaultLauncher.execute(DefaultLauncher.java:170) [junit-platform-launcher-1.2.0.jar:1.2.0]
	at org.junit.platform.launcher.core.DefaultLauncher.execute(DefaultLauncher.java:154) [junit-platform-launcher-1.2.0.jar:1.2.0]
	at org.junit.platform.launcher.core.DefaultLauncher.execute(DefaultLauncher.java:90) [junit-platform-launcher-1.2.0.jar:1.2.0]
	at org.junit.platform.surefire.provider.JUnitPlatformProvider.invokeAllTests(JUnitPlatformProvider.java:132) [junit-platform-surefire-provider-1.2.0.jar:1.2.0]
	at org.junit.platform.surefire.provider.JUnitPlatformProvider.invoke(JUnitPlatformProvider.java:111) [junit-platform-surefire-provider-1.2.0.jar:1.2.0]
	at org.apache.maven.surefire.booter.ForkedBooter.invokeProviderInSameClassLoader(ForkedBooter.java:379) [surefire-booter-2.21.0.jar:2.21.0]
	at org.apache.maven.surefire.booter.ForkedBooter.runSuitesInProcess(ForkedBooter.java:340) [surefire-booter-2.21.0.jar:2.21.0]
	at org.apache.maven.surefire.booter.ForkedBooter.execute(ForkedBooter.java:125) [surefire-booter-2.21.0.jar:2.21.0]
	at org.apache.maven.surefire.booter.ForkedBooter.main(ForkedBooter.java:413) [surefire-booter-2.21.0.jar:2.21.0]
2025-02-10 23:01:55 [main] INFO : Generated Ticket and saved in DB
2025-02-10 23:01:55 [main] INFO : Please park your vehicle in spot number: 1
2025-02-10 23:01:55 [main] INFO : Recorded in-time for vehicle number: ABCDEF is: 2025-02-10T23:01:55.420+1100
2025-02-10 23:01:55 [main] ERROR: Unable to process incoming vehicle
java.lang.NullPointerException: Cannot invoke "java.util.Date.toString()" because the return value of "com.parkit.parkingsystem.model.Ticket.getOutTime()" is null
	at com.parkit.parkingsystem.service.FareCalculatorService.calculateFare(FareCalculatorService.java:16) ~[classes/:?]
	at com.parkit.parkingsystem.service.ParkingService.processIncomingVehicle(ParkingService.java:95) ~[classes/:?]
	at com.parkit.parkingsystem.ParkingServiceTest.testProcessIncomingVehicle(ParkingServiceTest.java:85) ~[test-classes/:?]
	at jdk.internal.reflect.DirectMethodHandleAccessor.invoke(DirectMethodHandleAccessor.java:103) ~[?:?]
	at java.lang.reflect.Method.invoke(Method.java:580) ~[?:?]
	at org.junit.platform.commons.util.ReflectionUtils.invokeMethod(ReflectionUtils.java:688) ~[junit-platform-commons-1.7.2.jar:1.7.2]
	at org.junit.jupiter.engine.execution.MethodInvocation.proceed(MethodInvocation.java:60) ~[junit-jupiter-engine-5.7.2.jar:5.7.2]
	at org.junit.jupiter.engine.execution.InvocationInterceptorChain$ValidatingInvocation.proceed(InvocationInterceptorChain.java:131) ~[junit-jupiter-engine-5.7.2.jar:5.7.2]
	at org.junit.jupiter.engine.extension.TimeoutExtension.intercept(TimeoutExtension.java:149) ~[junit-jupiter-engine-5.7.2.jar:5.7.2]
	at org.junit.jupiter.engine.extension.TimeoutExtension.interceptTestableMethod(TimeoutExtension.java:140) ~[junit-jupiter-engine-5.7.2.jar:5.7.2]
	at org.junit.jupiter.engine.extension.TimeoutExtension.interceptTestMethod(TimeoutExtension.java:84) ~[junit-jupiter-engine-5.7.2.jar:5.7.2]
	at org.junit.jupiter.engine.execution.ExecutableInvoker$ReflectiveInterceptorCall.lambda$ofVoidMethod$0(ExecutableInvoker.java:115) ~[junit-jupiter-engine-5.7.2.jar:5.7.2]
	at org.junit.jupiter.engine.execution.ExecutableInvoker.lambda$invoke$0(ExecutableInvoker.java:105) ~[junit-jupiter-engine-5.7.2.jar:5.7.2]
	at org.junit.jupiter.engine.execution.InvocationInterceptorChain$InterceptedInvocation.proceed(InvocationInterceptorChain.java:106) ~[junit-jupiter-engine-5.7.2.jar:5.7.2]
	at org.junit.jupiter.engine.execution.InvocationInterceptorChain.proceed(InvocationInterceptorChain.java:64) ~[junit-jupiter-engine-5.7.2.jar:5.7.2]
	at org.junit.jupiter.engine.execution.InvocationInterceptorChain.chainAndInvoke(InvocationInterceptorChain.java:45) ~[junit-jupiter-engine-5.7.2.jar:5.7.2]
	at org.junit.jupiter.engine.execution.InvocationInterceptorChain.invoke(InvocationInterceptorChain.java:37) ~[junit-jupiter-engine-5.7.2.jar:5.7.2]
	at org.junit.jupiter.engine.execution.ExecutableInvoker.invoke(ExecutableInvoker.java:104) ~[junit-jupiter-engine-5.7.2.jar:5.7.2]
	at org.junit.jupiter.engine.execution.ExecutableInvoker.invoke(ExecutableInvoker.java:98) ~[junit-jupiter-engine-5.7.2.jar:5.7.2]
	at org.junit.jupiter.engine.descriptor.TestMethodTestDescriptor.lambda$invokeTestMethod$6(TestMethodTestDescriptor.java:210) ~[junit-jupiter-engine-5.7.2.jar:5.7.2]
	at org.junit.platform.engine.support.hierarchical.ThrowableCollector.execute(ThrowableCollector.java:73) ~[junit-platform-engine-1.7.2.jar:1.7.2]
	at org.junit.jupiter.engine.descriptor.TestMethodTestDescriptor.invokeTestMethod(TestMethodTestDescriptor.java:206) ~[junit-jupiter-engine-5.7.2.jar:5.7.2]
	at org.junit.jupiter.engine.descriptor.TestMethodTestDescriptor.execute(TestMethodTestDescriptor.java:131) ~[junit-jupiter-engine-5.7.2.jar:5.7.2]
	at org.junit.jupiter.engine.descriptor.TestMethodTestDescriptor.execute(TestMethodTestDescriptor.java:65) ~[junit-jupiter-engine-5.7.2.jar:5.7.2]
	at org.junit.platform.engine.support.hierarchical.NodeTestTask.lambda$executeRecursively$5(NodeTestTask.java:139) ~[junit-platform-engine-1.7.2.jar:1.7.2]
	at org.junit.platform.engine.support.hierarchical.ThrowableCollector.execute(ThrowableCollector.java:73) ~[junit-platform-engine-1.7.2.jar:1.7.2]
	at org.junit.platform.engine.support.hierarchical.NodeTestTask.lambda$executeRecursively$7(NodeTestTask.java:129) ~[junit-platform-engine-1.7.2.jar:1.7.2]
	at org.junit.platform.engine.support.hierarchical.Node.around(Node.java:137) ~[junit-platform-engine-1.7.2.jar:1.7.2]
	at org.junit.platform.engine.support.hierarchical.NodeTestTask.lambda$executeRecursively$8(NodeTestTask.java:127) ~[junit-platform-engine-1.7.2.jar:1.7.2]
	at org.junit.platform.engine.support.hierarchical.ThrowableCollector.execute(ThrowableCollector.java:73) ~[junit-platform-engine-1.7.2.jar:1.7.2]
	at org.junit.platform.engine.support.hierarchical.NodeTestTask.executeRecursively(NodeTestTask.java:126) ~[junit-platform-engine-1.7.2.jar:1.7.2]
	at org.junit.platform.engine.support.hierarchical.NodeTestTask.execute(NodeTestTask.java:84) ~[junit-platform-engine-1.7.2.jar:1.7.2]
	at java.util.ArrayList.forEach(ArrayList.java:1597) ~[?:?]
	at org.junit.platform.engine.support.hierarchical.SameThreadHierarchicalTestExecutorService.invokeAll(SameThreadHierarchicalTestExecutorService.java:38) ~[junit-platform-engine-1.7.2.jar:1.7.2]
	at org.junit.platform.engine.support.hierarchical.NodeTestTask.lambda$executeRecursively$5(NodeTestTask.java:143) ~[junit-platform-engine-1.7.2.jar:1.7.2]
	at org.junit.platform.engine.support.hierarchical.ThrowableCollector.execute(ThrowableCollector.java:73) ~[junit-platform-engine-1.7.2.jar:1.7.2]
	at org.junit.platform.engine.support.hierarchical.NodeTestTask.lambda$executeRecursively$7(NodeTestTask.java:129) ~[junit-platform-engine-1.7.2.jar:1.7.2]
	at org.junit.platform.engine.support.hierarchical.Node.around(Node.java:137) ~[junit-platform-engine-1.7.2.jar:1.7.2]
	at org.junit.platform.engine.support.hierarchical.NodeTestTask.lambda$executeRecursively$8(NodeTestTask.java:127) ~[junit-platform-engine-1.7.2.jar:1.7.2]
	at org.junit.platform.engine.support.hierarchical.ThrowableCollector.execute(ThrowableCollector.java:73) ~[junit-platform-engine-1.7.2.jar:1.7.2]
	at org.junit.platform.engine.support.hierarchical.NodeTestTask.executeRecursively(NodeTestTask.java:126) ~[junit-platform-engine-1.7.2.jar:1.7.2]
	at org.junit.platform.engine.support.hierarchical.NodeTestTask.execute(NodeTestTask.java:84) ~[junit-platform-engine-1.7.2.jar:1.7.2]
	at java.util.ArrayList.forEach(ArrayList.java:1597) ~[?:?]
	at org.junit.platform.engine.support.hierarchical.SameThreadHierarchicalTestExecutorService.invokeAll(SameThreadHierarchicalTestExecutorService.java:38) ~[junit-platform-engine-1.7.2.jar:1.7.2]
	at org.junit.platform.engine.support.hierarchical.NodeTestTask.lambda$executeRecursively$5(NodeTestTask.java:143) ~[junit-platform-engine-1.7.2.jar:1.7.2]
	at org.junit.platform.engine.support.hierarchical.ThrowableCollector.execute(ThrowableCollector.java:73) ~[junit-platform-engine-1.7.2.jar:1.7.2]
	at org.junit.platform.engine.support.hierarchical.NodeTestTask.lambda$executeRecursively$7(NodeTestTask.java:129) ~[junit-platform-engine-1.7.2.jar:1.7.2]
	at org.junit.platform.engine.support.hierarchical.Node.around(Node.java:137) ~[junit-platform-engine-1.7.2.jar:1.7.2]
	at org.junit.platform.engine.support.hierarchical.NodeTestTask.lambda$executeRecursively$8(NodeTestTask.java:127) ~[junit-platform-engine-1.7.2.jar:1.7.2]
	at org.junit.platform.engine.support.hierarchical.ThrowableCollector.execute(ThrowableCollector.java:73) [junit-platform-engine-1.7.2.jar:1.7.2]
	at org.junit.platform.engine.support.hierarchical.NodeTestTask.executeRecursively(NodeTestTask.java:126) [junit-platform-engine-1.7.2.jar:1.7.2]
	at org.junit.platform.engine.support.hierarchical.NodeTestTask.execute(NodeTestTask.java:84) [junit-platform-engine-1.7.2.jar:1.7.2]
	at org.junit.platform.engine.support.hierarchical.SameThreadHierarchicalTestExecutorService.submit(SameThreadHierarchicalTestExecutorService.java:32) [junit-platform-engine-1.7.2.jar:1.7.2]
	at org.junit.platform.engine.support.hierarchical.HierarchicalTestExecutor.execute(HierarchicalTestExecutor.java:57) [junit-platform-engine-1.7.2.jar:1.7.2]
	at org.junit.platform.engine.support.hierarchical.HierarchicalTestEngine.execute(HierarchicalTestEngine.java:51) [junit-platform-engine-1.7.2.jar:1.7.2]
	at org.junit.platform.launcher.core.DefaultLauncher.execute(DefaultLauncher.java:170) [junit-platform-launcher-1.2.0.jar:1.2.0]
	at org.junit.platform.launcher.core.DefaultLauncher.execute(DefaultLauncher.java:154) [junit-platform-launcher-1.2.0.jar:1.2.0]
	at org.junit.platform.launcher.core.DefaultLauncher.execute(DefaultLauncher.java:90) [junit-platform-launcher-1.2.0.jar:1.2.0]
	at org.junit.platform.surefire.provider.JUnitPlatformProvider.invokeAllTests(JUnitPlatformProvider.java:132) [junit-platform-surefire-provider-1.2.0.jar:1.2.0]
	at org.junit.platform.surefire.provider.JUnitPlatformProvider.invoke(JUnitPlatformProvider.java:111) [junit-platform-surefire-provider-1.2.0.jar:1.2.0]
	at org.apache.maven.surefire.booter.ForkedBooter.invokeProviderInSameClassLoader(ForkedBooter.java:379) [surefire-booter-2.21.0.jar:2.21.0]
	at org.apache.maven.surefire.booter.ForkedBooter.runSuitesInProcess(ForkedBooter.java:340) [surefire-booter-2.21.0.jar:2.21.0]
	at org.apache.maven.surefire.booter.ForkedBooter.execute(ForkedBooter.java:125) [surefire-booter-2.21.0.jar:2.21.0]
	at org.apache.maven.surefire.booter.ForkedBooter.main(ForkedBooter.java:413) [surefire-booter-2.21.0.jar:2.21.0]
2025-02-10 23:02:32 [main] INFO : Create DB connection
2025-02-10 23:02:36 [main] INFO : Create DB connection
2025-02-10 23:02:36 [main] ERROR: Erreur lors de l'insertion du ticket
com.mysql.cj.jdbc.exceptions.CommunicationsException: Communications link failure

The last packet sent successfully to the server was 0 milliseconds ago. The driver has not received any packets from the server.
	at com.mysql.cj.jdbc.exceptions.SQLError.createCommunicationsException(SQLError.java:174) ~[mysql-connector-java-8.0.17.jar:8.0.17]
	at com.mysql.cj.jdbc.exceptions.SQLExceptionsMapping.translateException(SQLExceptionsMapping.java:64) ~[mysql-connector-java-8.0.17.jar:8.0.17]
	at com.mysql.cj.jdbc.ConnectionImpl.createNewIO(ConnectionImpl.java:827) ~[mysql-connector-java-8.0.17.jar:8.0.17]
	at com.mysql.cj.jdbc.ConnectionImpl.<init>(ConnectionImpl.java:447) ~[mysql-connector-java-8.0.17.jar:8.0.17]
	at com.mysql.cj.jdbc.ConnectionImpl.getInstance(ConnectionImpl.java:237) ~[mysql-connector-java-8.0.17.jar:8.0.17]
	at com.mysql.cj.jdbc.NonRegisteringDriver.connect(NonRegisteringDriver.java:199) ~[mysql-connector-java-8.0.17.jar:8.0.17]
	at java.sql.DriverManager.getConnection(DriverManager.java:682) ~[java.sql:?]
	at java.sql.DriverManager.getConnection(DriverManager.java:230) ~[java.sql:?]
	at com.parkit.parkingsystem.integration.config.DataBaseTestConfig.getConnection(DataBaseTestConfig.java:28) ~[test-classes/:?]
	at com.parkit.parkingsystem.dao.TicketDAO.saveTicket(TicketDAO.java:60) ~[classes/:?]
	at com.parkit.parkingsystem.integration.ParkingDataBaseIT.setUp(ParkingDataBaseIT.java:69) ~[test-classes/:?]
	at jdk.internal.reflect.DirectMethodHandleAccessor.invoke(DirectMethodHandleAccessor.java:103) ~[?:?]
	at java.lang.reflect.Method.invoke(Method.java:580) ~[?:?]
	at org.junit.platform.commons.util.ReflectionUtils.invokeMethod(ReflectionUtils.java:688) ~[junit-platform-commons-1.7.2.jar:1.7.2]
	at org.junit.jupiter.engine.execution.MethodInvocation.proceed(MethodInvocation.java:60) ~[junit-jupiter-engine-5.7.2.jar:5.7.2]
	at org.junit.jupiter.engine.execution.InvocationInterceptorChain$ValidatingInvocation.proceed(InvocationInterceptorChain.java:131) ~[junit-jupiter-engine-5.7.2.jar:5.7.2]
	at org.junit.jupiter.engine.extension.TimeoutExtension.intercept(TimeoutExtension.java:149) ~[junit-jupiter-engine-5.7.2.jar:5.7.2]
	at org.junit.jupiter.engine.extension.TimeoutExtension.interceptLifecycleMethod(TimeoutExtension.java:126) ~[junit-jupiter-engine-5.7.2.jar:5.7.2]
	at org.junit.jupiter.engine.extension.TimeoutExtension.interceptBeforeEachMethod(TimeoutExtension.java:76) ~[junit-jupiter-engine-5.7.2.jar:5.7.2]
	at org.junit.jupiter.engine.execution.ExecutableInvoker$ReflectiveInterceptorCall.lambda$ofVoidMethod$0(ExecutableInvoker.java:115) ~[junit-jupiter-engine-5.7.2.jar:5.7.2]
	at org.junit.jupiter.engine.execution.ExecutableInvoker.lambda$invoke$0(ExecutableInvoker.java:105) ~[junit-jupiter-engine-5.7.2.jar:5.7.2]
	at org.junit.jupiter.engine.execution.InvocationInterceptorChain$InterceptedInvocation.proceed(InvocationInterceptorChain.java:106) ~[junit-jupiter-engine-5.7.2.jar:5.7.2]
	at org.junit.jupiter.engine.execution.InvocationInterceptorChain.proceed(InvocationInterceptorChain.java:64) ~[junit-jupiter-engine-5.7.2.jar:5.7.2]
	at org.junit.jupiter.engine.execution.InvocationInterceptorChain.chainAndInvoke(InvocationInterceptorChain.java:45) ~[junit-jupiter-engine-5.7.2.jar:5.7.2]
	at org.junit.jupiter.engine.execution.InvocationInterceptorChain.invoke(InvocationInterceptorChain.java:37) ~[junit-jupiter-engine-5.7.2.jar:5.7.2]
	at org.junit.jupiter.engine.execution.ExecutableInvoker.invoke(ExecutableInvoker.java:104) ~[junit-jupiter-engine-5.7.2.jar:5.7.2]
	at org.junit.jupiter.engine.execution.ExecutableInvoker.invoke(ExecutableInvoker.java:98) ~[junit-jupiter-engine-5.7.2.jar:5.7.2]
	at org.junit.jupiter.engine.descriptor.ClassBasedTestDescriptor.invokeMethodInExtensionContext(ClassBasedTestDescriptor.java:490) ~[junit-jupiter-engine-5.7.2.jar:5.7.2]
	at org.junit.jupiter.engine.descriptor.ClassBasedTestDescriptor.lambda$synthesizeBeforeEachMethodAdapter$19(ClassBasedTestDescriptor.java:475) ~[junit-jupiter-engine-5.7.2.jar:5.7.2]
	at org.junit.jupiter.engine.descriptor.TestMethodTestDescriptor.lambda$invokeBeforeEachMethods$2(TestMethodTestDescriptor.java:167) ~[junit-jupiter-engine-5.7.2.jar:5.7.2]
	at org.junit.jupiter.engine.descriptor.TestMethodTestDescriptor.lambda$invokeBeforeMethodsOrCallbacksUntilExceptionOccurs$5(TestMethodTestDescriptor.java:195) ~[junit-jupiter-engine-5.7.2.jar:5.7.2]
	at org.junit.platform.engine.support.hierarchical.ThrowableCollector.execute(ThrowableCollector.java:73) ~[junit-platform-engine-1.7.2.jar:1.7.2]
	at org.junit.jupiter.engine.descriptor.TestMethodTestDescriptor.invokeBeforeMethodsOrCallbacksUntilExceptionOccurs(TestMethodTestDescriptor.java:195) ~[junit-jupiter-engine-5.7.2.jar:5.7.2]
	at org.junit.jupiter.engine.descriptor.TestMethodTestDescriptor.invokeBeforeEachMethods(TestMethodTestDescriptor.java:164) ~[junit-jupiter-engine-5.7.2.jar:5.7.2]
	at org.junit.jupiter.engine.descriptor.TestMethodTestDescriptor.execute(TestMethodTestDescriptor.java:127) ~[junit-jupiter-engine-5.7.2.jar:5.7.2]
	at org.junit.jupiter.engine.descriptor.TestMethodTestDescriptor.execute(TestMethodTestDescriptor.java:65) ~[junit-jupiter-engine-5.7.2.jar:5.7.2]
	at org.junit.platform.engine.support.hierarchical.NodeTestTask.lambda$executeRecursively$5(NodeTestTask.java:139) ~[junit-platform-engine-1.7.2.jar:1.7.2]
	at org.junit.platform.engine.support.hierarchical.ThrowableCollector.execute(ThrowableCollector.java:73) ~[junit-platform-engine-1.7.2.jar:1.7.2]
	at org.junit.platform.engine.support.hierarchical.NodeTestTask.lambda$executeRecursively$7(NodeTestTask.java:129) ~[junit-platform-engine-1.7.2.jar:1.7.2]
	at org.junit.platform.engine.support.hierarchical.Node.around(Node.java:137) ~[junit-platform-engine-1.7.2.jar:1.7.2]
	at org.junit.platform.engine.support.hierarchical.NodeTestTask.lambda$executeRecursively$8(NodeTestTask.java:127) ~[junit-platform-engine-1.7.2.jar:1.7.2]
	at org.junit.platform.engine.support.hierarchical.ThrowableCollector.execute(ThrowableCollector.java:73) ~[junit-platform-engine-1.7.2.jar:1.7.2]
	at org.junit.platform.engine.support.hierarchical.NodeTestTask.executeRecursively(NodeTestTask.java:126) ~[junit-platform-engine-1.7.2.jar:1.7.2]
	at org.junit.platform.engine.support.hierarchical.NodeTestTask.execute(NodeTestTask.java:84) ~[junit-platform-engine-1.7.2.jar:1.7.2]
	at java.util.ArrayList.forEach(ArrayList.java:1597) ~[?:?]
	at org.junit.platform.engine.support.hierarchical.SameThreadHierarchicalTestExecutorService.invokeAll(SameThreadHierarchicalTestExecutorService.java:38) ~[junit-platform-engine-1.7.2.jar:1.7.2]
	at org.junit.platform.engine.support.hierarchical.NodeTestTask.lambda$executeRecursively$5(NodeTestTask.java:143) ~[junit-platform-engine-1.7.2.jar:1.7.2]
	at org.junit.platform.engine.support.hierarchical.ThrowableCollector.execute(ThrowableCollector.java:73) ~[junit-platform-engine-1.7.2.jar:1.7.2]
	at org.junit.platform.engine.support.hierarchical.NodeTestTask.lambda$executeRecursively$7(NodeTestTask.java:129) ~[junit-platform-engine-1.7.2.jar:1.7.2]
	at org.junit.platform.engine.support.hierarchical.Node.around(Node.java:137) ~[junit-platform-engine-1.7.2.jar:1.7.2]
	at org.junit.platform.engine.support.hierarchical.NodeTestTask.lambda$executeRecursively$8(NodeTestTask.java:127) ~[junit-platform-engine-1.7.2.jar:1.7.2]
	at org.junit.platform.engine.support.hierarchical.ThrowableCollector.execute(ThrowableCollector.java:73) ~[junit-platform-engine-1.7.2.jar:1.7.2]
	at org.junit.platform.engine.support.hierarchical.NodeTestTask.executeRecursively(NodeTestTask.java:126) ~[junit-platform-engine-1.7.2.jar:1.7.2]
	at org.junit.platform.engine.support.hierarchical.NodeTestTask.execute(NodeTestTask.java:84) ~[junit-platform-engine-1.7.2.jar:1.7.2]
	at java.util.ArrayList.forEach(ArrayList.java:1597) ~[?:?]
	at org.junit.platform.engine.support.hierarchical.SameThreadHierarchicalTestExecutorService.invokeAll(SameThreadHierarchicalTestExecutorService.java:38) ~[junit-platform-engine-1.7.2.jar:1.7.2]
	at org.junit.platform.engine.support.hierarchical.NodeTestTask.lambda$executeRecursively$5(NodeTestTask.java:143) ~[junit-platform-engine-1.7.2.jar:1.7.2]
	at org.junit.platform.engine.support.hierarchical.ThrowableCollector.execute(ThrowableCollector.java:73) ~[junit-platform-engine-1.7.2.jar:1.7.2]
	at org.junit.platform.engine.support.hierarchical.NodeTestTask.lambda$executeRecursively$7(NodeTestTask.java:129) ~[junit-platform-engine-1.7.2.jar:1.7.2]
	at org.junit.platform.engine.support.hierarchical.Node.around(Node.java:137) ~[junit-platform-engine-1.7.2.jar:1.7.2]
	at org.junit.platform.engine.support.hierarchical.NodeTestTask.lambda$executeRecursively$8(NodeTestTask.java:127) ~[junit-platform-engine-1.7.2.jar:1.7.2]
	at org.junit.platform.engine.support.hierarchical.ThrowableCollector.execute(ThrowableCollector.java:73) [junit-platform-engine-1.7.2.jar:1.7.2]
	at org.junit.platform.engine.support.hierarchical.NodeTestTask.executeRecursively(NodeTestTask.java:126) [junit-platform-engine-1.7.2.jar:1.7.2]
	at org.junit.platform.engine.support.hierarchical.NodeTestTask.execute(NodeTestTask.java:84) [junit-platform-engine-1.7.2.jar:1.7.2]
	at org.junit.platform.engine.support.hierarchical.SameThreadHierarchicalTestExecutorService.submit(SameThreadHierarchicalTestExecutorService.java:32) [junit-platform-engine-1.7.2.jar:1.7.2]
	at org.junit.platform.engine.support.hierarchical.HierarchicalTestExecutor.execute(HierarchicalTestExecutor.java:57) [junit-platform-engine-1.7.2.jar:1.7.2]
	at org.junit.platform.engine.support.hierarchical.HierarchicalTestEngine.execute(HierarchicalTestEngine.java:51) [junit-platform-engine-1.7.2.jar:1.7.2]
	at org.junit.platform.launcher.core.DefaultLauncher.execute(DefaultLauncher.java:170) [junit-platform-launcher-1.2.0.jar:1.2.0]
	at org.junit.platform.launcher.core.DefaultLauncher.execute(DefaultLauncher.java:154) [junit-platform-launcher-1.2.0.jar:1.2.0]
	at org.junit.platform.launcher.core.DefaultLauncher.execute(DefaultLauncher.java:90) [junit-platform-launcher-1.2.0.jar:1.2.0]
	at org.junit.platform.surefire.provider.JUnitPlatformProvider.invokeAllTests(JUnitPlatformProvider.java:132) [junit-platform-surefire-provider-1.2.0.jar:1.2.0]
	at org.junit.platform.surefire.provider.JUnitPlatformProvider.invoke(JUnitPlatformProvider.java:111) [junit-platform-surefire-provider-1.2.0.jar:1.2.0]
	at org.apache.maven.surefire.booter.ForkedBooter.invokeProviderInSameClassLoader(ForkedBooter.java:379) [surefire-booter-2.21.0.jar:2.21.0]
	at org.apache.maven.surefire.booter.ForkedBooter.runSuitesInProcess(ForkedBooter.java:340) [surefire-booter-2.21.0.jar:2.21.0]
	at org.apache.maven.surefire.booter.ForkedBooter.execute(ForkedBooter.java:125) [surefire-booter-2.21.0.jar:2.21.0]
	at org.apache.maven.surefire.booter.ForkedBooter.main(ForkedBooter.java:413) [surefire-booter-2.21.0.jar:2.21.0]
Caused by: com.mysql.cj.exceptions.CJCommunicationsException: Communications link failure

The last packet sent successfully to the server was 0 milliseconds ago. The driver has not received any packets from the server.
	at jdk.internal.reflect.DirectConstructorHandleAccessor.newInstance(DirectConstructorHandleAccessor.java:62) ~[?:?]
	at java.lang.reflect.Constructor.newInstanceWithCaller(Constructor.java:501) ~[?:?]
	at java.lang.reflect.Constructor.newInstance(Constructor.java:485) ~[?:?]
	at com.mysql.cj.exceptions.ExceptionFactory.createException(ExceptionFactory.java:61) ~[mysql-connector-java-8.0.17.jar:8.0.17]
	at com.mysql.cj.exceptions.ExceptionFactory.createException(ExceptionFactory.java:105) ~[mysql-connector-java-8.0.17.jar:8.0.17]
	at com.mysql.cj.exceptions.ExceptionFactory.createException(ExceptionFactory.java:151) ~[mysql-connector-java-8.0.17.jar:8.0.17]
	at com.mysql.cj.exceptions.ExceptionFactory.createCommunicationsException(ExceptionFactory.java:167) ~[mysql-connector-java-8.0.17.jar:8.0.17]
	at com.mysql.cj.protocol.a.NativeSocketConnection.connect(NativeSocketConnection.java:91) ~[mysql-connector-java-8.0.17.jar:8.0.17]
	at com.mysql.cj.NativeSession.connect(NativeSession.java:150) ~[mysql-connector-java-8.0.17.jar:8.0.17]
	at com.mysql.cj.jdbc.ConnectionImpl.connectOneTryOnly(ConnectionImpl.java:947) ~[mysql-connector-java-8.0.17.jar:8.0.17]
	at com.mysql.cj.jdbc.ConnectionImpl.createNewIO(ConnectionImpl.java:817) ~[mysql-connector-java-8.0.17.jar:8.0.17]
	... 73 more
Caused by: java.net.ConnectException: Connection refused: connect
	at sun.nio.ch.Net.connect0(Native Method) ~[?:?]
	at sun.nio.ch.Net.connect(Net.java:589) ~[?:?]
	at sun.nio.ch.Net.connect(Net.java:578) ~[?:?]
	at sun.nio.ch.NioSocketImpl.connect(NioSocketImpl.java:583) ~[?:?]
	at java.net.SocksSocketImpl.connect(SocksSocketImpl.java:327) ~[?:?]
	at java.net.Socket.connect(Socket.java:760) ~[?:?]
	at com.mysql.cj.protocol.StandardSocketFactory.connect(StandardSocketFactory.java:155) ~[mysql-connector-java-8.0.17.jar:8.0.17]
	at com.mysql.cj.protocol.a.NativeSocketConnection.connect(NativeSocketConnection.java:65) ~[mysql-connector-java-8.0.17.jar:8.0.17]
	at com.mysql.cj.NativeSession.connect(NativeSession.java:150) ~[mysql-connector-java-8.0.17.jar:8.0.17]
	at com.mysql.cj.jdbc.ConnectionImpl.connectOneTryOnly(ConnectionImpl.java:947) ~[mysql-connector-java-8.0.17.jar:8.0.17]
	at com.mysql.cj.jdbc.ConnectionImpl.createNewIO(ConnectionImpl.java:817) ~[mysql-connector-java-8.0.17.jar:8.0.17]
	... 73 more
2025-02-10 23:02:37 [main] INFO : Create DB connection
2025-02-10 23:02:37 [main] ERROR: Error fetching next available slot
com.mysql.cj.jdbc.exceptions.CommunicationsException: Communications link failure

The last packet sent successfully to the server was 0 milliseconds ago. The driver has not received any packets from the server.
	at com.mysql.cj.jdbc.exceptions.SQLError.createCommunicationsException(SQLError.java:174) ~[mysql-connector-java-8.0.17.jar:8.0.17]
	at com.mysql.cj.jdbc.exceptions.SQLExceptionsMapping.translateException(SQLExceptionsMapping.java:64) ~[mysql-connector-java-8.0.17.jar:8.0.17]
	at com.mysql.cj.jdbc.ConnectionImpl.createNewIO(ConnectionImpl.java:827) ~[mysql-connector-java-8.0.17.jar:8.0.17]
	at com.mysql.cj.jdbc.ConnectionImpl.<init>(ConnectionImpl.java:447) ~[mysql-connector-java-8.0.17.jar:8.0.17]
	at com.mysql.cj.jdbc.ConnectionImpl.getInstance(ConnectionImpl.java:237) ~[mysql-connector-java-8.0.17.jar:8.0.17]
	at com.mysql.cj.jdbc.NonRegisteringDriver.connect(NonRegisteringDriver.java:199) ~[mysql-connector-java-8.0.17.jar:8.0.17]
	at java.sql.DriverManager.getConnection(DriverManager.java:682) ~[java.sql:?]
	at java.sql.DriverManager.getConnection(DriverManager.java:230) ~[java.sql:?]
	at com.parkit.parkingsystem.integration.config.DataBaseTestConfig.getConnection(DataBaseTestConfig.java:28) ~[test-classes/:?]
	at com.parkit.parkingsystem.dao.ParkingSpotDAO.getNextAvailableSlot(ParkingSpotDAO.java:30) ~[classes/:?]
	at com.parkit.parkingsystem.dao.ParkingSpotDAO.getNextParkingSpot(ParkingSpotDAO.java:45) ~[classes/:?]
	at com.parkit.parkingsystem.integration.ParkingDataBaseIT.testParkingLotExit(ParkingDataBaseIT.java:98) ~[test-classes/:?]
	at jdk.internal.reflect.DirectMethodHandleAccessor.invoke(DirectMethodHandleAccessor.java:103) ~[?:?]
	at java.lang.reflect.Method.invoke(Method.java:580) ~[?:?]
	at org.junit.platform.commons.util.ReflectionUtils.invokeMethod(ReflectionUtils.java:688) ~[junit-platform-commons-1.7.2.jar:1.7.2]
	at org.junit.jupiter.engine.execution.MethodInvocation.proceed(MethodInvocation.java:60) ~[junit-jupiter-engine-5.7.2.jar:5.7.2]
	at org.junit.jupiter.engine.execution.InvocationInterceptorChain$ValidatingInvocation.proceed(InvocationInterceptorChain.java:131) ~[junit-jupiter-engine-5.7.2.jar:5.7.2]
	at org.junit.jupiter.engine.extension.TimeoutExtension.intercept(TimeoutExtension.java:149) ~[junit-jupiter-engine-5.7.2.jar:5.7.2]
	at org.junit.jupiter.engine.extension.TimeoutExtension.interceptTestableMethod(TimeoutExtension.java:140) ~[junit-jupiter-engine-5.7.2.jar:5.7.2]
	at org.junit.jupiter.engine.extension.TimeoutExtension.interceptTestMethod(TimeoutExtension.java:84) ~[junit-jupiter-engine-5.7.2.jar:5.7.2]
	at org.junit.jupiter.engine.execution.ExecutableInvoker$ReflectiveInterceptorCall.lambda$ofVoidMethod$0(ExecutableInvoker.java:115) ~[junit-jupiter-engine-5.7.2.jar:5.7.2]
	at org.junit.jupiter.engine.execution.ExecutableInvoker.lambda$invoke$0(ExecutableInvoker.java:105) ~[junit-jupiter-engine-5.7.2.jar:5.7.2]
	at org.junit.jupiter.engine.execution.InvocationInterceptorChain$InterceptedInvocation.proceed(InvocationInterceptorChain.java:106) ~[junit-jupiter-engine-5.7.2.jar:5.7.2]
	at org.junit.jupiter.engine.execution.InvocationInterceptorChain.proceed(InvocationInterceptorChain.java:64) ~[junit-jupiter-engine-5.7.2.jar:5.7.2]
	at org.junit.jupiter.engine.execution.InvocationInterceptorChain.chainAndInvoke(InvocationInterceptorChain.java:45) ~[junit-jupiter-engine-5.7.2.jar:5.7.2]
	at org.junit.jupiter.engine.execution.InvocationInterceptorChain.invoke(InvocationInterceptorChain.java:37) ~[junit-jupiter-engine-5.7.2.jar:5.7.2]
	at org.junit.jupiter.engine.execution.ExecutableInvoker.invoke(ExecutableInvoker.java:104) ~[junit-jupiter-engine-5.7.2.jar:5.7.2]
	at org.junit.jupiter.engine.execution.ExecutableInvoker.invoke(ExecutableInvoker.java:98) ~[junit-jupiter-engine-5.7.2.jar:5.7.2]
	at org.junit.jupiter.engine.descriptor.TestMethodTestDescriptor.lambda$invokeTestMethod$6(TestMethodTestDescriptor.java:210) ~[junit-jupiter-engine-5.7.2.jar:5.7.2]
	at org.junit.platform.engine.support.hierarchical.ThrowableCollector.execute(ThrowableCollector.java:73) ~[junit-platform-engine-1.7.2.jar:1.7.2]
	at org.junit.jupiter.engine.descriptor.TestMethodTestDescriptor.invokeTestMethod(TestMethodTestDescriptor.java:206) ~[junit-jupiter-engine-5.7.2.jar:5.7.2]
	at org.junit.jupiter.engine.descriptor.TestMethodTestDescriptor.execute(TestMethodTestDescriptor.java:131) ~[junit-jupiter-engine-5.7.2.jar:5.7.2]
	at org.junit.jupiter.engine.descriptor.TestMethodTestDescriptor.execute(TestMethodTestDescriptor.java:65) ~[junit-jupiter-engine-5.7.2.jar:5.7.2]
	at org.junit.platform.engine.support.hierarchical.NodeTestTask.lambda$executeRecursively$5(NodeTestTask.java:139) ~[junit-platform-engine-1.7.2.jar:1.7.2]
	at org.junit.platform.engine.support.hierarchical.ThrowableCollector.execute(ThrowableCollector.java:73) ~[junit-platform-engine-1.7.2.jar:1.7.2]
	at org.junit.platform.engine.support.hierarchical.NodeTestTask.lambda$executeRecursively$7(NodeTestTask.java:129) ~[junit-platform-engine-1.7.2.jar:1.7.2]
	at org.junit.platform.engine.support.hierarchical.Node.around(Node.java:137) ~[junit-platform-engine-1.7.2.jar:1.7.2]
	at org.junit.platform.engine.support.hierarchical.NodeTestTask.lambda$executeRecursively$8(NodeTestTask.java:127) ~[junit-platform-engine-1.7.2.jar:1.7.2]
	at org.junit.platform.engine.support.hierarchical.ThrowableCollector.execute(ThrowableCollector.java:73) ~[junit-platform-engine-1.7.2.jar:1.7.2]
	at org.junit.platform.engine.support.hierarchical.NodeTestTask.executeRecursively(NodeTestTask.java:126) ~[junit-platform-engine-1.7.2.jar:1.7.2]
	at org.junit.platform.engine.support.hierarchical.NodeTestTask.execute(NodeTestTask.java:84) ~[junit-platform-engine-1.7.2.jar:1.7.2]
	at java.util.ArrayList.forEach(ArrayList.java:1597) ~[?:?]
	at org.junit.platform.engine.support.hierarchical.SameThreadHierarchicalTestExecutorService.invokeAll(SameThreadHierarchicalTestExecutorService.java:38) ~[junit-platform-engine-1.7.2.jar:1.7.2]
	at org.junit.platform.engine.support.hierarchical.NodeTestTask.lambda$executeRecursively$5(NodeTestTask.java:143) ~[junit-platform-engine-1.7.2.jar:1.7.2]
	at org.junit.platform.engine.support.hierarchical.ThrowableCollector.execute(ThrowableCollector.java:73) ~[junit-platform-engine-1.7.2.jar:1.7.2]
	at org.junit.platform.engine.support.hierarchical.NodeTestTask.lambda$executeRecursively$7(NodeTestTask.java:129) ~[junit-platform-engine-1.7.2.jar:1.7.2]
	at org.junit.platform.engine.support.hierarchical.Node.around(Node.java:137) ~[junit-platform-engine-1.7.2.jar:1.7.2]
	at org.junit.platform.engine.support.hierarchical.NodeTestTask.lambda$executeRecursively$8(NodeTestTask.java:127) ~[junit-platform-engine-1.7.2.jar:1.7.2]
	at org.junit.platform.engine.support.hierarchical.ThrowableCollector.execute(ThrowableCollector.java:73) ~[junit-platform-engine-1.7.2.jar:1.7.2]
	at org.junit.platform.engine.support.hierarchical.NodeTestTask.executeRecursively(NodeTestTask.java:126) ~[junit-platform-engine-1.7.2.jar:1.7.2]
	at org.junit.platform.engine.support.hierarchical.NodeTestTask.execute(NodeTestTask.java:84) ~[junit-platform-engine-1.7.2.jar:1.7.2]
	at java.util.ArrayList.forEach(ArrayList.java:1597) ~[?:?]
	at org.junit.platform.engine.support.hierarchical.SameThreadHierarchicalTestExecutorService.invokeAll(SameThreadHierarchicalTestExecutorService.java:38) ~[junit-platform-engine-1.7.2.jar:1.7.2]
	at org.junit.platform.engine.support.hierarchical.NodeTestTask.lambda$executeRecursively$5(NodeTestTask.java:143) ~[junit-platform-engine-1.7.2.jar:1.7.2]
	at org.junit.platform.engine.support.hierarchical.ThrowableCollector.execute(ThrowableCollector.java:73) ~[junit-platform-engine-1.7.2.jar:1.7.2]
	at org.junit.platform.engine.support.hierarchical.NodeTestTask.lambda$executeRecursively$7(NodeTestTask.java:129) ~[junit-platform-engine-1.7.2.jar:1.7.2]
	at org.junit.platform.engine.support.hierarchical.Node.around(Node.java:137) ~[junit-platform-engine-1.7.2.jar:1.7.2]
	at org.junit.platform.engine.support.hierarchical.NodeTestTask.lambda$executeRecursively$8(NodeTestTask.java:127) ~[junit-platform-engine-1.7.2.jar:1.7.2]
	at org.junit.platform.engine.support.hierarchical.ThrowableCollector.execute(ThrowableCollector.java:73) [junit-platform-engine-1.7.2.jar:1.7.2]
	at org.junit.platform.engine.support.hierarchical.NodeTestTask.executeRecursively(NodeTestTask.java:126) [junit-platform-engine-1.7.2.jar:1.7.2]
	at org.junit.platform.engine.support.hierarchical.NodeTestTask.execute(NodeTestTask.java:84) [junit-platform-engine-1.7.2.jar:1.7.2]
	at org.junit.platform.engine.support.hierarchical.SameThreadHierarchicalTestExecutorService.submit(SameThreadHierarchicalTestExecutorService.java:32) [junit-platform-engine-1.7.2.jar:1.7.2]
	at org.junit.platform.engine.support.hierarchical.HierarchicalTestExecutor.execute(HierarchicalTestExecutor.java:57) [junit-platform-engine-1.7.2.jar:1.7.2]
	at org.junit.platform.engine.support.hierarchical.HierarchicalTestEngine.execute(HierarchicalTestEngine.java:51) [junit-platform-engine-1.7.2.jar:1.7.2]
	at org.junit.platform.launcher.core.DefaultLauncher.execute(DefaultLauncher.java:170) [junit-platform-launcher-1.2.0.jar:1.2.0]
	at org.junit.platform.launcher.core.DefaultLauncher.execute(DefaultLauncher.java:154) [junit-platform-launcher-1.2.0.jar:1.2.0]
	at org.junit.platform.launcher.core.DefaultLauncher.execute(DefaultLauncher.java:90) [junit-platform-launcher-1.2.0.jar:1.2.0]
	at org.junit.platform.surefire.provider.JUnitPlatformProvider.invokeAllTests(JUnitPlatformProvider.java:132) [junit-platform-surefire-provider-1.2.0.jar:1.2.0]
	at org.junit.platform.surefire.provider.JUnitPlatformProvider.invoke(JUnitPlatformProvider.java:111) [junit-platform-surefire-provider-1.2.0.jar:1.2.0]
	at org.apache.maven.surefire.booter.ForkedBooter.invokeProviderInSameClassLoader(ForkedBooter.java:379) [surefire-booter-2.21.0.jar:2.21.0]
	at org.apache.maven.surefire.booter.ForkedBooter.runSuitesInProcess(ForkedBooter.java:340) [surefire-booter-2.21.0.jar:2.21.0]
	at org.apache.maven.surefire.booter.ForkedBooter.execute(ForkedBooter.java:125) [surefire-booter-2.21.0.jar:2.21.0]
	at org.apache.maven.surefire.booter.ForkedBooter.main(ForkedBooter.java:413) [surefire-booter-2.21.0.jar:2.21.0]
Caused by: com.mysql.cj.exceptions.CJCommunicationsException: Communications link failure

The last packet sent successfully to the server was 0 milliseconds ago. The driver has not received any packets from the server.
	at jdk.internal.reflect.DirectConstructorHandleAccessor.newInstance(DirectConstructorHandleAccessor.java:62) ~[?:?]
	at java.lang.reflect.Constructor.newInstanceWithCaller(Constructor.java:501) ~[?:?]
	at java.lang.reflect.Constructor.newInstance(Constructor.java:485) ~[?:?]
	at com.mysql.cj.exceptions.ExceptionFactory.createException(ExceptionFactory.java:61) ~[mysql-connector-java-8.0.17.jar:8.0.17]
	at com.mysql.cj.exceptions.ExceptionFactory.createException(ExceptionFactory.java:105) ~[mysql-connector-java-8.0.17.jar:8.0.17]
	at com.mysql.cj.exceptions.ExceptionFactory.createException(ExceptionFactory.java:151) ~[mysql-connector-java-8.0.17.jar:8.0.17]
	at com.mysql.cj.exceptions.ExceptionFactory.createCommunicationsException(ExceptionFactory.java:167) ~[mysql-connector-java-8.0.17.jar:8.0.17]
	at com.mysql.cj.protocol.a.NativeSocketConnection.connect(NativeSocketConnection.java:91) ~[mysql-connector-java-8.0.17.jar:8.0.17]
	at com.mysql.cj.NativeSession.connect(NativeSession.java:150) ~[mysql-connector-java-8.0.17.jar:8.0.17]
	at com.mysql.cj.jdbc.ConnectionImpl.connectOneTryOnly(ConnectionImpl.java:947) ~[mysql-connector-java-8.0.17.jar:8.0.17]
	at com.mysql.cj.jdbc.ConnectionImpl.createNewIO(ConnectionImpl.java:817) ~[mysql-connector-java-8.0.17.jar:8.0.17]
	... 70 more
Caused by: java.net.ConnectException: Connection refused: connect
	at sun.nio.ch.Net.connect0(Native Method) ~[?:?]
	at sun.nio.ch.Net.connect(Net.java:589) ~[?:?]
	at sun.nio.ch.Net.connect(Net.java:578) ~[?:?]
	at sun.nio.ch.NioSocketImpl.connect(NioSocketImpl.java:583) ~[?:?]
	at java.net.SocksSocketImpl.connect(SocksSocketImpl.java:327) ~[?:?]
	at java.net.Socket.connect(Socket.java:760) ~[?:?]
	at com.mysql.cj.protocol.StandardSocketFactory.connect(StandardSocketFactory.java:155) ~[mysql-connector-java-8.0.17.jar:8.0.17]
	at com.mysql.cj.protocol.a.NativeSocketConnection.connect(NativeSocketConnection.java:65) ~[mysql-connector-java-8.0.17.jar:8.0.17]
	at com.mysql.cj.NativeSession.connect(NativeSession.java:150) ~[mysql-connector-java-8.0.17.jar:8.0.17]
	at com.mysql.cj.jdbc.ConnectionImpl.connectOneTryOnly(ConnectionImpl.java:947) ~[mysql-connector-java-8.0.17.jar:8.0.17]
	at com.mysql.cj.jdbc.ConnectionImpl.createNewIO(ConnectionImpl.java:817) ~[mysql-connector-java-8.0.17.jar:8.0.17]
	... 70 more
2025-02-10 23:02:37 [main] INFO : Create DB connection
2025-02-10 23:02:37 [main] ERROR: Erreur lors de l'insertion du ticket
com.mysql.cj.jdbc.exceptions.CommunicationsException: Communications link failure

The last packet sent successfully to the server was 0 milliseconds ago. The driver has not received any packets from the server.
	at com.mysql.cj.jdbc.exceptions.SQLError.createCommunicationsException(SQLError.java:174) ~[mysql-connector-java-8.0.17.jar:8.0.17]
	at com.mysql.cj.jdbc.exceptions.SQLExceptionsMapping.translateException(SQLExceptionsMapping.java:64) ~[mysql-connector-java-8.0.17.jar:8.0.17]
	at com.mysql.cj.jdbc.ConnectionImpl.createNewIO(ConnectionImpl.java:827) ~[mysql-connector-java-8.0.17.jar:8.0.17]
	at com.mysql.cj.jdbc.ConnectionImpl.<init>(ConnectionImpl.java:447) ~[mysql-connector-java-8.0.17.jar:8.0.17]
	at com.mysql.cj.jdbc.ConnectionImpl.getInstance(ConnectionImpl.java:237) ~[mysql-connector-java-8.0.17.jar:8.0.17]
	at com.mysql.cj.jdbc.NonRegisteringDriver.connect(NonRegisteringDriver.java:199) ~[mysql-connector-java-8.0.17.jar:8.0.17]
	at java.sql.DriverManager.getConnection(DriverManager.java:682) ~[java.sql:?]
	at java.sql.DriverManager.getConnection(DriverManager.java:230) ~[java.sql:?]
	at com.parkit.parkingsystem.integration.config.DataBaseTestConfig.getConnection(DataBaseTestConfig.java:28) ~[test-classes/:?]
	at com.parkit.parkingsystem.dao.TicketDAO.saveTicket(TicketDAO.java:60) ~[classes/:?]
	at com.parkit.parkingsystem.integration.ParkingDataBaseIT.testParkingLotExit(ParkingDataBaseIT.java:104) ~[test-classes/:?]
	at jdk.internal.reflect.DirectMethodHandleAccessor.invoke(DirectMethodHandleAccessor.java:103) ~[?:?]
	at java.lang.reflect.Method.invoke(Method.java:580) ~[?:?]
	at org.junit.platform.commons.util.ReflectionUtils.invokeMethod(ReflectionUtils.java:688) ~[junit-platform-commons-1.7.2.jar:1.7.2]
	at org.junit.jupiter.engine.execution.MethodInvocation.proceed(MethodInvocation.java:60) ~[junit-jupiter-engine-5.7.2.jar:5.7.2]
	at org.junit.jupiter.engine.execution.InvocationInterceptorChain$ValidatingInvocation.proceed(InvocationInterceptorChain.java:131) ~[junit-jupiter-engine-5.7.2.jar:5.7.2]
	at org.junit.jupiter.engine.extension.TimeoutExtension.intercept(TimeoutExtension.java:149) ~[junit-jupiter-engine-5.7.2.jar:5.7.2]
	at org.junit.jupiter.engine.extension.TimeoutExtension.interceptTestableMethod(TimeoutExtension.java:140) ~[junit-jupiter-engine-5.7.2.jar:5.7.2]
	at org.junit.jupiter.engine.extension.TimeoutExtension.interceptTestMethod(TimeoutExtension.java:84) ~[junit-jupiter-engine-5.7.2.jar:5.7.2]
	at org.junit.jupiter.engine.execution.ExecutableInvoker$ReflectiveInterceptorCall.lambda$ofVoidMethod$0(ExecutableInvoker.java:115) ~[junit-jupiter-engine-5.7.2.jar:5.7.2]
	at org.junit.jupiter.engine.execution.ExecutableInvoker.lambda$invoke$0(ExecutableInvoker.java:105) ~[junit-jupiter-engine-5.7.2.jar:5.7.2]
	at org.junit.jupiter.engine.execution.InvocationInterceptorChain$InterceptedInvocation.proceed(InvocationInterceptorChain.java:106) ~[junit-jupiter-engine-5.7.2.jar:5.7.2]
	at org.junit.jupiter.engine.execution.InvocationInterceptorChain.proceed(InvocationInterceptorChain.java:64) ~[junit-jupiter-engine-5.7.2.jar:5.7.2]
	at org.junit.jupiter.engine.execution.InvocationInterceptorChain.chainAndInvoke(InvocationInterceptorChain.java:45) ~[junit-jupiter-engine-5.7.2.jar:5.7.2]
	at org.junit.jupiter.engine.execution.InvocationInterceptorChain.invoke(InvocationInterceptorChain.java:37) ~[junit-jupiter-engine-5.7.2.jar:5.7.2]
	at org.junit.jupiter.engine.execution.ExecutableInvoker.invoke(ExecutableInvoker.java:104) ~[junit-jupiter-engine-5.7.2.jar:5.7.2]
	at org.junit.jupiter.engine.execution.ExecutableInvoker.invoke(ExecutableInvoker.java:98) ~[junit-jupiter-engine-5.7.2.jar:5.7.2]
	at org.junit.jupiter.engine.descriptor.TestMethodTestDescriptor.lambda$invokeTestMethod$6(TestMethodTestDescriptor.java:210) ~[junit-jupiter-engine-5.7.2.jar:5.7.2]
	at org.junit.platform.engine.support.hierarchical.ThrowableCollector.execute(ThrowableCollector.java:73) ~[junit-platform-engine-1.7.2.jar:1.7.2]
	at org.junit.jupiter.engine.descriptor.TestMethodTestDescriptor.invokeTestMethod(TestMethodTestDescriptor.java:206) ~[junit-jupiter-engine-5.7.2.jar:5.7.2]
	at org.junit.jupiter.engine.descriptor.TestMethodTestDescriptor.execute(TestMethodTestDescriptor.java:131) ~[junit-jupiter-engine-5.7.2.jar:5.7.2]
	at org.junit.jupiter.engine.descriptor.TestMethodTestDescriptor.execute(TestMethodTestDescriptor.java:65) ~[junit-jupiter-engine-5.7.2.jar:5.7.2]
	at org.junit.platform.engine.support.hierarchical.NodeTestTask.lambda$executeRecursively$5(NodeTestTask.java:139) ~[junit-platform-engine-1.7.2.jar:1.7.2]
	at org.junit.platform.engine.support.hierarchical.ThrowableCollector.execute(ThrowableCollector.java:73) ~[junit-platform-engine-1.7.2.jar:1.7.2]
	at org.junit.platform.engine.support.hierarchical.NodeTestTask.lambda$executeRecursively$7(NodeTestTask.java:129) ~[junit-platform-engine-1.7.2.jar:1.7.2]
	at org.junit.platform.engine.support.hierarchical.Node.around(Node.java:137) ~[junit-platform-engine-1.7.2.jar:1.7.2]
	at org.junit.platform.engine.support.hierarchical.NodeTestTask.lambda$executeRecursively$8(NodeTestTask.java:127) ~[junit-platform-engine-1.7.2.jar:1.7.2]
	at org.junit.platform.engine.support.hierarchical.ThrowableCollector.execute(ThrowableCollector.java:73) ~[junit-platform-engine-1.7.2.jar:1.7.2]
	at org.junit.platform.engine.support.hierarchical.NodeTestTask.executeRecursively(NodeTestTask.java:126) ~[junit-platform-engine-1.7.2.jar:1.7.2]
	at org.junit.platform.engine.support.hierarchical.NodeTestTask.execute(NodeTestTask.java:84) ~[junit-platform-engine-1.7.2.jar:1.7.2]
	at java.util.ArrayList.forEach(ArrayList.java:1597) ~[?:?]
	at org.junit.platform.engine.support.hierarchical.SameThreadHierarchicalTestExecutorService.invokeAll(SameThreadHierarchicalTestExecutorService.java:38) ~[junit-platform-engine-1.7.2.jar:1.7.2]
	at org.junit.platform.engine.support.hierarchical.NodeTestTask.lambda$executeRecursively$5(NodeTestTask.java:143) ~[junit-platform-engine-1.7.2.jar:1.7.2]
	at org.junit.platform.engine.support.hierarchical.ThrowableCollector.execute(ThrowableCollector.java:73) ~[junit-platform-engine-1.7.2.jar:1.7.2]
	at org.junit.platform.engine.support.hierarchical.NodeTestTask.lambda$executeRecursively$7(NodeTestTask.java:129) ~[junit-platform-engine-1.7.2.jar:1.7.2]
	at org.junit.platform.engine.support.hierarchical.Node.around(Node.java:137) ~[junit-platform-engine-1.7.2.jar:1.7.2]
	at org.junit.platform.engine.support.hierarchical.NodeTestTask.lambda$executeRecursively$8(NodeTestTask.java:127) ~[junit-platform-engine-1.7.2.jar:1.7.2]
	at org.junit.platform.engine.support.hierarchical.ThrowableCollector.execute(ThrowableCollector.java:73) ~[junit-platform-engine-1.7.2.jar:1.7.2]
	at org.junit.platform.engine.support.hierarchical.NodeTestTask.executeRecursively(NodeTestTask.java:126) ~[junit-platform-engine-1.7.2.jar:1.7.2]
	at org.junit.platform.engine.support.hierarchical.NodeTestTask.execute(NodeTestTask.java:84) ~[junit-platform-engine-1.7.2.jar:1.7.2]
	at java.util.ArrayList.forEach(ArrayList.java:1597) ~[?:?]
	at org.junit.platform.engine.support.hierarchical.SameThreadHierarchicalTestExecutorService.invokeAll(SameThreadHierarchicalTestExecutorService.java:38) ~[junit-platform-engine-1.7.2.jar:1.7.2]
	at org.junit.platform.engine.support.hierarchical.NodeTestTask.lambda$executeRecursively$5(NodeTestTask.java:143) ~[junit-platform-engine-1.7.2.jar:1.7.2]
	at org.junit.platform.engine.support.hierarchical.ThrowableCollector.execute(ThrowableCollector.java:73) ~[junit-platform-engine-1.7.2.jar:1.7.2]
	at org.junit.platform.engine.support.hierarchical.NodeTestTask.lambda$executeRecursively$7(NodeTestTask.java:129) ~[junit-platform-engine-1.7.2.jar:1.7.2]
	at org.junit.platform.engine.support.hierarchical.Node.around(Node.java:137) ~[junit-platform-engine-1.7.2.jar:1.7.2]
	at org.junit.platform.engine.support.hierarchical.NodeTestTask.lambda$executeRecursively$8(NodeTestTask.java:127) ~[junit-platform-engine-1.7.2.jar:1.7.2]
	at org.junit.platform.engine.support.hierarchical.ThrowableCollector.execute(ThrowableCollector.java:73) [junit-platform-engine-1.7.2.jar:1.7.2]
	at org.junit.platform.engine.support.hierarchical.NodeTestTask.executeRecursively(NodeTestTask.java:126) [junit-platform-engine-1.7.2.jar:1.7.2]
	at org.junit.platform.engine.support.hierarchical.NodeTestTask.execute(NodeTestTask.java:84) [junit-platform-engine-1.7.2.jar:1.7.2]
	at org.junit.platform.engine.support.hierarchical.SameThreadHierarchicalTestExecutorService.submit(SameThreadHierarchicalTestExecutorService.java:32) [junit-platform-engine-1.7.2.jar:1.7.2]
	at org.junit.platform.engine.support.hierarchical.HierarchicalTestExecutor.execute(HierarchicalTestExecutor.java:57) [junit-platform-engine-1.7.2.jar:1.7.2]
	at org.junit.platform.engine.support.hierarchical.HierarchicalTestEngine.execute(HierarchicalTestEngine.java:51) [junit-platform-engine-1.7.2.jar:1.7.2]
	at org.junit.platform.launcher.core.DefaultLauncher.execute(DefaultLauncher.java:170) [junit-platform-launcher-1.2.0.jar:1.2.0]
	at org.junit.platform.launcher.core.DefaultLauncher.execute(DefaultLauncher.java:154) [junit-platform-launcher-1.2.0.jar:1.2.0]
	at org.junit.platform.launcher.core.DefaultLauncher.execute(DefaultLauncher.java:90) [junit-platform-launcher-1.2.0.jar:1.2.0]
	at org.junit.platform.surefire.provider.JUnitPlatformProvider.invokeAllTests(JUnitPlatformProvider.java:132) [junit-platform-surefire-provider-1.2.0.jar:1.2.0]
	at org.junit.platform.surefire.provider.JUnitPlatformProvider.invoke(JUnitPlatformProvider.java:111) [junit-platform-surefire-provider-1.2.0.jar:1.2.0]
	at org.apache.maven.surefire.booter.ForkedBooter.invokeProviderInSameClassLoader(ForkedBooter.java:379) [surefire-booter-2.21.0.jar:2.21.0]
	at org.apache.maven.surefire.booter.ForkedBooter.runSuitesInProcess(ForkedBooter.java:340) [surefire-booter-2.21.0.jar:2.21.0]
	at org.apache.maven.surefire.booter.ForkedBooter.execute(ForkedBooter.java:125) [surefire-booter-2.21.0.jar:2.21.0]
	at org.apache.maven.surefire.booter.ForkedBooter.main(ForkedBooter.java:413) [surefire-booter-2.21.0.jar:2.21.0]
Caused by: com.mysql.cj.exceptions.CJCommunicationsException: Communications link failure

The last packet sent successfully to the server was 0 milliseconds ago. The driver has not received any packets from the server.
	at jdk.internal.reflect.DirectConstructorHandleAccessor.newInstance(DirectConstructorHandleAccessor.java:62) ~[?:?]
	at java.lang.reflect.Constructor.newInstanceWithCaller(Constructor.java:501) ~[?:?]
	at java.lang.reflect.Constructor.newInstance(Constructor.java:485) ~[?:?]
	at com.mysql.cj.exceptions.ExceptionFactory.createException(ExceptionFactory.java:61) ~[mysql-connector-java-8.0.17.jar:8.0.17]
	at com.mysql.cj.exceptions.ExceptionFactory.createException(ExceptionFactory.java:105) ~[mysql-connector-java-8.0.17.jar:8.0.17]
	at com.mysql.cj.exceptions.ExceptionFactory.createException(ExceptionFactory.java:151) ~[mysql-connector-java-8.0.17.jar:8.0.17]
	at com.mysql.cj.exceptions.ExceptionFactory.createCommunicationsException(ExceptionFactory.java:167) ~[mysql-connector-java-8.0.17.jar:8.0.17]
	at com.mysql.cj.protocol.a.NativeSocketConnection.connect(NativeSocketConnection.java:91) ~[mysql-connector-java-8.0.17.jar:8.0.17]
	at com.mysql.cj.NativeSession.connect(NativeSession.java:150) ~[mysql-connector-java-8.0.17.jar:8.0.17]
	at com.mysql.cj.jdbc.ConnectionImpl.connectOneTryOnly(ConnectionImpl.java:947) ~[mysql-connector-java-8.0.17.jar:8.0.17]
	at com.mysql.cj.jdbc.ConnectionImpl.createNewIO(ConnectionImpl.java:817) ~[mysql-connector-java-8.0.17.jar:8.0.17]
	... 69 more
Caused by: java.net.ConnectException: Connection refused: connect
	at sun.nio.ch.Net.connect0(Native Method) ~[?:?]
	at sun.nio.ch.Net.connect(Net.java:589) ~[?:?]
	at sun.nio.ch.Net.connect(Net.java:578) ~[?:?]
	at sun.nio.ch.NioSocketImpl.connect(NioSocketImpl.java:583) ~[?:?]
	at java.net.SocksSocketImpl.connect(SocksSocketImpl.java:327) ~[?:?]
	at java.net.Socket.connect(Socket.java:760) ~[?:?]
	at com.mysql.cj.protocol.StandardSocketFactory.connect(StandardSocketFactory.java:155) ~[mysql-connector-java-8.0.17.jar:8.0.17]
	at com.mysql.cj.protocol.a.NativeSocketConnection.connect(NativeSocketConnection.java:65) ~[mysql-connector-java-8.0.17.jar:8.0.17]
	at com.mysql.cj.NativeSession.connect(NativeSession.java:150) ~[mysql-connector-java-8.0.17.jar:8.0.17]
	at com.mysql.cj.jdbc.ConnectionImpl.connectOneTryOnly(ConnectionImpl.java:947) ~[mysql-connector-java-8.0.17.jar:8.0.17]
	at com.mysql.cj.jdbc.ConnectionImpl.createNewIO(ConnectionImpl.java:817) ~[mysql-connector-java-8.0.17.jar:8.0.17]
	... 69 more
2025-02-10 23:02:37 [main] INFO : Create DB connection
2025-02-10 23:02:37 [main] ERROR: Erreur lors de la récupération du ticket pour le véhicule: ABCDEF
com.mysql.cj.jdbc.exceptions.CommunicationsException: Communications link failure

The last packet sent successfully to the server was 0 milliseconds ago. The driver has not received any packets from the server.
	at com.mysql.cj.jdbc.exceptions.SQLError.createCommunicationsException(SQLError.java:174) ~[mysql-connector-java-8.0.17.jar:8.0.17]
	at com.mysql.cj.jdbc.exceptions.SQLExceptionsMapping.translateException(SQLExceptionsMapping.java:64) ~[mysql-connector-java-8.0.17.jar:8.0.17]
	at com.mysql.cj.jdbc.ConnectionImpl.createNewIO(ConnectionImpl.java:827) ~[mysql-connector-java-8.0.17.jar:8.0.17]
	at com.mysql.cj.jdbc.ConnectionImpl.<init>(ConnectionImpl.java:447) ~[mysql-connector-java-8.0.17.jar:8.0.17]
	at com.mysql.cj.jdbc.ConnectionImpl.getInstance(ConnectionImpl.java:237) ~[mysql-connector-java-8.0.17.jar:8.0.17]
	at com.mysql.cj.jdbc.NonRegisteringDriver.connect(NonRegisteringDriver.java:199) ~[mysql-connector-java-8.0.17.jar:8.0.17]
	at java.sql.DriverManager.getConnection(DriverManager.java:682) ~[java.sql:?]
	at java.sql.DriverManager.getConnection(DriverManager.java:230) ~[java.sql:?]
	at com.parkit.parkingsystem.integration.config.DataBaseTestConfig.getConnection(DataBaseTestConfig.java:28) ~[test-classes/:?]
	at com.parkit.parkingsystem.dao.TicketDAO.getTicket(TicketDAO.java:90) ~[classes/:?]
	at com.parkit.parkingsystem.integration.ParkingDataBaseIT.testParkingLotExit(ParkingDataBaseIT.java:106) ~[test-classes/:?]
	at jdk.internal.reflect.DirectMethodHandleAccessor.invoke(DirectMethodHandleAccessor.java:103) ~[?:?]
	at java.lang.reflect.Method.invoke(Method.java:580) ~[?:?]
	at org.junit.platform.commons.util.ReflectionUtils.invokeMethod(ReflectionUtils.java:688) ~[junit-platform-commons-1.7.2.jar:1.7.2]
	at org.junit.jupiter.engine.execution.MethodInvocation.proceed(MethodInvocation.java:60) ~[junit-jupiter-engine-5.7.2.jar:5.7.2]
	at org.junit.jupiter.engine.execution.InvocationInterceptorChain$ValidatingInvocation.proceed(InvocationInterceptorChain.java:131) ~[junit-jupiter-engine-5.7.2.jar:5.7.2]
	at org.junit.jupiter.engine.extension.TimeoutExtension.intercept(TimeoutExtension.java:149) ~[junit-jupiter-engine-5.7.2.jar:5.7.2]
	at org.junit.jupiter.engine.extension.TimeoutExtension.interceptTestableMethod(TimeoutExtension.java:140) ~[junit-jupiter-engine-5.7.2.jar:5.7.2]
	at org.junit.jupiter.engine.extension.TimeoutExtension.interceptTestMethod(TimeoutExtension.java:84) ~[junit-jupiter-engine-5.7.2.jar:5.7.2]
	at org.junit.jupiter.engine.execution.ExecutableInvoker$ReflectiveInterceptorCall.lambda$ofVoidMethod$0(ExecutableInvoker.java:115) ~[junit-jupiter-engine-5.7.2.jar:5.7.2]
	at org.junit.jupiter.engine.execution.ExecutableInvoker.lambda$invoke$0(ExecutableInvoker.java:105) ~[junit-jupiter-engine-5.7.2.jar:5.7.2]
	at org.junit.jupiter.engine.execution.InvocationInterceptorChain$InterceptedInvocation.proceed(InvocationInterceptorChain.java:106) ~[junit-jupiter-engine-5.7.2.jar:5.7.2]
	at org.junit.jupiter.engine.execution.InvocationInterceptorChain.proceed(InvocationInterceptorChain.java:64) ~[junit-jupiter-engine-5.7.2.jar:5.7.2]
	at org.junit.jupiter.engine.execution.InvocationInterceptorChain.chainAndInvoke(InvocationInterceptorChain.java:45) ~[junit-jupiter-engine-5.7.2.jar:5.7.2]
	at org.junit.jupiter.engine.execution.InvocationInterceptorChain.invoke(InvocationInterceptorChain.java:37) ~[junit-jupiter-engine-5.7.2.jar:5.7.2]
	at org.junit.jupiter.engine.execution.ExecutableInvoker.invoke(ExecutableInvoker.java:104) ~[junit-jupiter-engine-5.7.2.jar:5.7.2]
	at org.junit.jupiter.engine.execution.ExecutableInvoker.invoke(ExecutableInvoker.java:98) ~[junit-jupiter-engine-5.7.2.jar:5.7.2]
	at org.junit.jupiter.engine.descriptor.TestMethodTestDescriptor.lambda$invokeTestMethod$6(TestMethodTestDescriptor.java:210) ~[junit-jupiter-engine-5.7.2.jar:5.7.2]
	at org.junit.platform.engine.support.hierarchical.ThrowableCollector.execute(ThrowableCollector.java:73) ~[junit-platform-engine-1.7.2.jar:1.7.2]
	at org.junit.jupiter.engine.descriptor.TestMethodTestDescriptor.invokeTestMethod(TestMethodTestDescriptor.java:206) ~[junit-jupiter-engine-5.7.2.jar:5.7.2]
	at org.junit.jupiter.engine.descriptor.TestMethodTestDescriptor.execute(TestMethodTestDescriptor.java:131) ~[junit-jupiter-engine-5.7.2.jar:5.7.2]
	at org.junit.jupiter.engine.descriptor.TestMethodTestDescriptor.execute(TestMethodTestDescriptor.java:65) ~[junit-jupiter-engine-5.7.2.jar:5.7.2]
	at org.junit.platform.engine.support.hierarchical.NodeTestTask.lambda$executeRecursively$5(NodeTestTask.java:139) ~[junit-platform-engine-1.7.2.jar:1.7.2]
	at org.junit.platform.engine.support.hierarchical.ThrowableCollector.execute(ThrowableCollector.java:73) ~[junit-platform-engine-1.7.2.jar:1.7.2]
	at org.junit.platform.engine.support.hierarchical.NodeTestTask.lambda$executeRecursively$7(NodeTestTask.java:129) ~[junit-platform-engine-1.7.2.jar:1.7.2]
	at org.junit.platform.engine.support.hierarchical.Node.around(Node.java:137) ~[junit-platform-engine-1.7.2.jar:1.7.2]
	at org.junit.platform.engine.support.hierarchical.NodeTestTask.lambda$executeRecursively$8(NodeTestTask.java:127) ~[junit-platform-engine-1.7.2.jar:1.7.2]
	at org.junit.platform.engine.support.hierarchical.ThrowableCollector.execute(ThrowableCollector.java:73) ~[junit-platform-engine-1.7.2.jar:1.7.2]
	at org.junit.platform.engine.support.hierarchical.NodeTestTask.executeRecursively(NodeTestTask.java:126) ~[junit-platform-engine-1.7.2.jar:1.7.2]
	at org.junit.platform.engine.support.hierarchical.NodeTestTask.execute(NodeTestTask.java:84) ~[junit-platform-engine-1.7.2.jar:1.7.2]
	at java.util.ArrayList.forEach(ArrayList.java:1597) ~[?:?]
	at org.junit.platform.engine.support.hierarchical.SameThreadHierarchicalTestExecutorService.invokeAll(SameThreadHierarchicalTestExecutorService.java:38) ~[junit-platform-engine-1.7.2.jar:1.7.2]
	at org.junit.platform.engine.support.hierarchical.NodeTestTask.lambda$executeRecursively$5(NodeTestTask.java:143) ~[junit-platform-engine-1.7.2.jar:1.7.2]
	at org.junit.platform.engine.support.hierarchical.ThrowableCollector.execute(ThrowableCollector.java:73) ~[junit-platform-engine-1.7.2.jar:1.7.2]
	at org.junit.platform.engine.support.hierarchical.NodeTestTask.lambda$executeRecursively$7(NodeTestTask.java:129) ~[junit-platform-engine-1.7.2.jar:1.7.2]
	at org.junit.platform.engine.support.hierarchical.Node.around(Node.java:137) ~[junit-platform-engine-1.7.2.jar:1.7.2]
	at org.junit.platform.engine.support.hierarchical.NodeTestTask.lambda$executeRecursively$8(NodeTestTask.java:127) ~[junit-platform-engine-1.7.2.jar:1.7.2]
	at org.junit.platform.engine.support.hierarchical.ThrowableCollector.execute(ThrowableCollector.java:73) ~[junit-platform-engine-1.7.2.jar:1.7.2]
	at org.junit.platform.engine.support.hierarchical.NodeTestTask.executeRecursively(NodeTestTask.java:126) ~[junit-platform-engine-1.7.2.jar:1.7.2]
	at org.junit.platform.engine.support.hierarchical.NodeTestTask.execute(NodeTestTask.java:84) ~[junit-platform-engine-1.7.2.jar:1.7.2]
	at java.util.ArrayList.forEach(ArrayList.java:1597) ~[?:?]
	at org.junit.platform.engine.support.hierarchical.SameThreadHierarchicalTestExecutorService.invokeAll(SameThreadHierarchicalTestExecutorService.java:38) ~[junit-platform-engine-1.7.2.jar:1.7.2]
	at org.junit.platform.engine.support.hierarchical.NodeTestTask.lambda$executeRecursively$5(NodeTestTask.java:143) ~[junit-platform-engine-1.7.2.jar:1.7.2]
	at org.junit.platform.engine.support.hierarchical.ThrowableCollector.execute(ThrowableCollector.java:73) ~[junit-platform-engine-1.7.2.jar:1.7.2]
	at org.junit.platform.engine.support.hierarchical.NodeTestTask.lambda$executeRecursively$7(NodeTestTask.java:129) ~[junit-platform-engine-1.7.2.jar:1.7.2]
	at org.junit.platform.engine.support.hierarchical.Node.around(Node.java:137) ~[junit-platform-engine-1.7.2.jar:1.7.2]
	at org.junit.platform.engine.support.hierarchical.NodeTestTask.lambda$executeRecursively$8(NodeTestTask.java:127) ~[junit-platform-engine-1.7.2.jar:1.7.2]
	at org.junit.platform.engine.support.hierarchical.ThrowableCollector.execute(ThrowableCollector.java:73) [junit-platform-engine-1.7.2.jar:1.7.2]
	at org.junit.platform.engine.support.hierarchical.NodeTestTask.executeRecursively(NodeTestTask.java:126) [junit-platform-engine-1.7.2.jar:1.7.2]
	at org.junit.platform.engine.support.hierarchical.NodeTestTask.execute(NodeTestTask.java:84) [junit-platform-engine-1.7.2.jar:1.7.2]
	at org.junit.platform.engine.support.hierarchical.SameThreadHierarchicalTestExecutorService.submit(SameThreadHierarchicalTestExecutorService.java:32) [junit-platform-engine-1.7.2.jar:1.7.2]
	at org.junit.platform.engine.support.hierarchical.HierarchicalTestExecutor.execute(HierarchicalTestExecutor.java:57) [junit-platform-engine-1.7.2.jar:1.7.2]
	at org.junit.platform.engine.support.hierarchical.HierarchicalTestEngine.execute(HierarchicalTestEngine.java:51) [junit-platform-engine-1.7.2.jar:1.7.2]
	at org.junit.platform.launcher.core.DefaultLauncher.execute(DefaultLauncher.java:170) [junit-platform-launcher-1.2.0.jar:1.2.0]
	at org.junit.platform.launcher.core.DefaultLauncher.execute(DefaultLauncher.java:154) [junit-platform-launcher-1.2.0.jar:1.2.0]
	at org.junit.platform.launcher.core.DefaultLauncher.execute(DefaultLauncher.java:90) [junit-platform-launcher-1.2.0.jar:1.2.0]
	at org.junit.platform.surefire.provider.JUnitPlatformProvider.invokeAllTests(JUnitPlatformProvider.java:132) [junit-platform-surefire-provider-1.2.0.jar:1.2.0]
	at org.junit.platform.surefire.provider.JUnitPlatformProvider.invoke(JUnitPlatformProvider.java:111) [junit-platform-surefire-provider-1.2.0.jar:1.2.0]
	at org.apache.maven.surefire.booter.ForkedBooter.invokeProviderInSameClassLoader(ForkedBooter.java:379) [surefire-booter-2.21.0.jar:2.21.0]
	at org.apache.maven.surefire.booter.ForkedBooter.runSuitesInProcess(ForkedBooter.java:340) [surefire-booter-2.21.0.jar:2.21.0]
	at org.apache.maven.surefire.booter.ForkedBooter.execute(ForkedBooter.java:125) [surefire-booter-2.21.0.jar:2.21.0]
	at org.apache.maven.surefire.booter.ForkedBooter.main(ForkedBooter.java:413) [surefire-booter-2.21.0.jar:2.21.0]
Caused by: com.mysql.cj.exceptions.CJCommunicationsException: Communications link failure

The last packet sent successfully to the server was 0 milliseconds ago. The driver has not received any packets from the server.
	at jdk.internal.reflect.DirectConstructorHandleAccessor.newInstance(DirectConstructorHandleAccessor.java:62) ~[?:?]
	at java.lang.reflect.Constructor.newInstanceWithCaller(Constructor.java:501) ~[?:?]
	at java.lang.reflect.Constructor.newInstance(Constructor.java:485) ~[?:?]
	at com.mysql.cj.exceptions.ExceptionFactory.createException(ExceptionFactory.java:61) ~[mysql-connector-java-8.0.17.jar:8.0.17]
	at com.mysql.cj.exceptions.ExceptionFactory.createException(ExceptionFactory.java:105) ~[mysql-connector-java-8.0.17.jar:8.0.17]
	at com.mysql.cj.exceptions.ExceptionFactory.createException(ExceptionFactory.java:151) ~[mysql-connector-java-8.0.17.jar:8.0.17]
	at com.mysql.cj.exceptions.ExceptionFactory.createCommunicationsException(ExceptionFactory.java:167) ~[mysql-connector-java-8.0.17.jar:8.0.17]
	at com.mysql.cj.protocol.a.NativeSocketConnection.connect(NativeSocketConnection.java:91) ~[mysql-connector-java-8.0.17.jar:8.0.17]
	at com.mysql.cj.NativeSession.connect(NativeSession.java:150) ~[mysql-connector-java-8.0.17.jar:8.0.17]
	at com.mysql.cj.jdbc.ConnectionImpl.connectOneTryOnly(ConnectionImpl.java:947) ~[mysql-connector-java-8.0.17.jar:8.0.17]
	at com.mysql.cj.jdbc.ConnectionImpl.createNewIO(ConnectionImpl.java:817) ~[mysql-connector-java-8.0.17.jar:8.0.17]
	... 69 more
Caused by: java.net.ConnectException: Connection refused: connect
	at sun.nio.ch.Net.connect0(Native Method) ~[?:?]
	at sun.nio.ch.Net.connect(Net.java:589) ~[?:?]
	at sun.nio.ch.Net.connect(Net.java:578) ~[?:?]
	at sun.nio.ch.NioSocketImpl.connect(NioSocketImpl.java:583) ~[?:?]
	at java.net.SocksSocketImpl.connect(SocksSocketImpl.java:327) ~[?:?]
	at java.net.Socket.connect(Socket.java:760) ~[?:?]
	at com.mysql.cj.protocol.StandardSocketFactory.connect(StandardSocketFactory.java:155) ~[mysql-connector-java-8.0.17.jar:8.0.17]
	at com.mysql.cj.protocol.a.NativeSocketConnection.connect(NativeSocketConnection.java:65) ~[mysql-connector-java-8.0.17.jar:8.0.17]
	at com.mysql.cj.NativeSession.connect(NativeSession.java:150) ~[mysql-connector-java-8.0.17.jar:8.0.17]
	at com.mysql.cj.jdbc.ConnectionImpl.connectOneTryOnly(ConnectionImpl.java:947) ~[mysql-connector-java-8.0.17.jar:8.0.17]
	at com.mysql.cj.jdbc.ConnectionImpl.createNewIO(ConnectionImpl.java:817) ~[mysql-connector-java-8.0.17.jar:8.0.17]
	... 69 more
2025-02-10 23:02:37 [main] INFO : Create DB connection
2025-02-10 23:02:37 [main] ERROR: Erreur lors de l'insertion du ticket
com.mysql.cj.jdbc.exceptions.CommunicationsException: Communications link failure

The last packet sent successfully to the server was 0 milliseconds ago. The driver has not received any packets from the server.
	at com.mysql.cj.jdbc.exceptions.SQLError.createCommunicationsException(SQLError.java:174) ~[mysql-connector-java-8.0.17.jar:8.0.17]
	at com.mysql.cj.jdbc.exceptions.SQLExceptionsMapping.translateException(SQLExceptionsMapping.java:64) ~[mysql-connector-java-8.0.17.jar:8.0.17]
	at com.mysql.cj.jdbc.ConnectionImpl.createNewIO(ConnectionImpl.java:827) ~[mysql-connector-java-8.0.17.jar:8.0.17]
	at com.mysql.cj.jdbc.ConnectionImpl.<init>(ConnectionImpl.java:447) ~[mysql-connector-java-8.0.17.jar:8.0.17]
	at com.mysql.cj.jdbc.ConnectionImpl.getInstance(ConnectionImpl.java:237) ~[mysql-connector-java-8.0.17.jar:8.0.17]
	at com.mysql.cj.jdbc.NonRegisteringDriver.connect(NonRegisteringDriver.java:199) ~[mysql-connector-java-8.0.17.jar:8.0.17]
	at java.sql.DriverManager.getConnection(DriverManager.java:682) ~[java.sql:?]
	at java.sql.DriverManager.getConnection(DriverManager.java:230) ~[java.sql:?]
	at com.parkit.parkingsystem.integration.config.DataBaseTestConfig.getConnection(DataBaseTestConfig.java:28) ~[test-classes/:?]
	at com.parkit.parkingsystem.dao.TicketDAO.saveTicket(TicketDAO.java:60) ~[classes/:?]
	at com.parkit.parkingsystem.integration.ParkingDataBaseIT.setUp(ParkingDataBaseIT.java:69) ~[test-classes/:?]
	at jdk.internal.reflect.DirectMethodHandleAccessor.invoke(DirectMethodHandleAccessor.java:103) ~[?:?]
	at java.lang.reflect.Method.invoke(Method.java:580) ~[?:?]
	at org.junit.platform.commons.util.ReflectionUtils.invokeMethod(ReflectionUtils.java:688) ~[junit-platform-commons-1.7.2.jar:1.7.2]
	at org.junit.jupiter.engine.execution.MethodInvocation.proceed(MethodInvocation.java:60) ~[junit-jupiter-engine-5.7.2.jar:5.7.2]
	at org.junit.jupiter.engine.execution.InvocationInterceptorChain$ValidatingInvocation.proceed(InvocationInterceptorChain.java:131) ~[junit-jupiter-engine-5.7.2.jar:5.7.2]
	at org.junit.jupiter.engine.extension.TimeoutExtension.intercept(TimeoutExtension.java:149) ~[junit-jupiter-engine-5.7.2.jar:5.7.2]
	at org.junit.jupiter.engine.extension.TimeoutExtension.interceptLifecycleMethod(TimeoutExtension.java:126) ~[junit-jupiter-engine-5.7.2.jar:5.7.2]
	at org.junit.jupiter.engine.extension.TimeoutExtension.interceptBeforeEachMethod(TimeoutExtension.java:76) ~[junit-jupiter-engine-5.7.2.jar:5.7.2]
	at org.junit.jupiter.engine.execution.ExecutableInvoker$ReflectiveInterceptorCall.lambda$ofVoidMethod$0(ExecutableInvoker.java:115) ~[junit-jupiter-engine-5.7.2.jar:5.7.2]
	at org.junit.jupiter.engine.execution.ExecutableInvoker.lambda$invoke$0(ExecutableInvoker.java:105) ~[junit-jupiter-engine-5.7.2.jar:5.7.2]
	at org.junit.jupiter.engine.execution.InvocationInterceptorChain$InterceptedInvocation.proceed(InvocationInterceptorChain.java:106) ~[junit-jupiter-engine-5.7.2.jar:5.7.2]
	at org.junit.jupiter.engine.execution.InvocationInterceptorChain.proceed(InvocationInterceptorChain.java:64) ~[junit-jupiter-engine-5.7.2.jar:5.7.2]
	at org.junit.jupiter.engine.execution.InvocationInterceptorChain.chainAndInvoke(InvocationInterceptorChain.java:45) ~[junit-jupiter-engine-5.7.2.jar:5.7.2]
	at org.junit.jupiter.engine.execution.InvocationInterceptorChain.invoke(InvocationInterceptorChain.java:37) ~[junit-jupiter-engine-5.7.2.jar:5.7.2]
	at org.junit.jupiter.engine.execution.ExecutableInvoker.invoke(ExecutableInvoker.java:104) ~[junit-jupiter-engine-5.7.2.jar:5.7.2]
	at org.junit.jupiter.engine.execution.ExecutableInvoker.invoke(ExecutableInvoker.java:98) ~[junit-jupiter-engine-5.7.2.jar:5.7.2]
	at org.junit.jupiter.engine.descriptor.ClassBasedTestDescriptor.invokeMethodInExtensionContext(ClassBasedTestDescriptor.java:490) ~[junit-jupiter-engine-5.7.2.jar:5.7.2]
	at org.junit.jupiter.engine.descriptor.ClassBasedTestDescriptor.lambda$synthesizeBeforeEachMethodAdapter$19(ClassBasedTestDescriptor.java:475) ~[junit-jupiter-engine-5.7.2.jar:5.7.2]
	at org.junit.jupiter.engine.descriptor.TestMethodTestDescriptor.lambda$invokeBeforeEachMethods$2(TestMethodTestDescriptor.java:167) ~[junit-jupiter-engine-5.7.2.jar:5.7.2]
	at org.junit.jupiter.engine.descriptor.TestMethodTestDescriptor.lambda$invokeBeforeMethodsOrCallbacksUntilExceptionOccurs$5(TestMethodTestDescriptor.java:195) ~[junit-jupiter-engine-5.7.2.jar:5.7.2]
	at org.junit.platform.engine.support.hierarchical.ThrowableCollector.execute(ThrowableCollector.java:73) ~[junit-platform-engine-1.7.2.jar:1.7.2]
	at org.junit.jupiter.engine.descriptor.TestMethodTestDescriptor.invokeBeforeMethodsOrCallbacksUntilExceptionOccurs(TestMethodTestDescriptor.java:195) ~[junit-jupiter-engine-5.7.2.jar:5.7.2]
	at org.junit.jupiter.engine.descriptor.TestMethodTestDescriptor.invokeBeforeEachMethods(TestMethodTestDescriptor.java:164) ~[junit-jupiter-engine-5.7.2.jar:5.7.2]
	at org.junit.jupiter.engine.descriptor.TestMethodTestDescriptor.execute(TestMethodTestDescriptor.java:127) ~[junit-jupiter-engine-5.7.2.jar:5.7.2]
	at org.junit.jupiter.engine.descriptor.TestMethodTestDescriptor.execute(TestMethodTestDescriptor.java:65) ~[junit-jupiter-engine-5.7.2.jar:5.7.2]
	at org.junit.platform.engine.support.hierarchical.NodeTestTask.lambda$executeRecursively$5(NodeTestTask.java:139) ~[junit-platform-engine-1.7.2.jar:1.7.2]
	at org.junit.platform.engine.support.hierarchical.ThrowableCollector.execute(ThrowableCollector.java:73) ~[junit-platform-engine-1.7.2.jar:1.7.2]
	at org.junit.platform.engine.support.hierarchical.NodeTestTask.lambda$executeRecursively$7(NodeTestTask.java:129) ~[junit-platform-engine-1.7.2.jar:1.7.2]
	at org.junit.platform.engine.support.hierarchical.Node.around(Node.java:137) ~[junit-platform-engine-1.7.2.jar:1.7.2]
	at org.junit.platform.engine.support.hierarchical.NodeTestTask.lambda$executeRecursively$8(NodeTestTask.java:127) ~[junit-platform-engine-1.7.2.jar:1.7.2]
	at org.junit.platform.engine.support.hierarchical.ThrowableCollector.execute(ThrowableCollector.java:73) ~[junit-platform-engine-1.7.2.jar:1.7.2]
	at org.junit.platform.engine.support.hierarchical.NodeTestTask.executeRecursively(NodeTestTask.java:126) ~[junit-platform-engine-1.7.2.jar:1.7.2]
	at org.junit.platform.engine.support.hierarchical.NodeTestTask.execute(NodeTestTask.java:84) ~[junit-platform-engine-1.7.2.jar:1.7.2]
	at java.util.ArrayList.forEach(ArrayList.java:1597) ~[?:?]
	at org.junit.platform.engine.support.hierarchical.SameThreadHierarchicalTestExecutorService.invokeAll(SameThreadHierarchicalTestExecutorService.java:38) ~[junit-platform-engine-1.7.2.jar:1.7.2]
	at org.junit.platform.engine.support.hierarchical.NodeTestTask.lambda$executeRecursively$5(NodeTestTask.java:143) ~[junit-platform-engine-1.7.2.jar:1.7.2]
	at org.junit.platform.engine.support.hierarchical.ThrowableCollector.execute(ThrowableCollector.java:73) ~[junit-platform-engine-1.7.2.jar:1.7.2]
	at org.junit.platform.engine.support.hierarchical.NodeTestTask.lambda$executeRecursively$7(NodeTestTask.java:129) ~[junit-platform-engine-1.7.2.jar:1.7.2]
	at org.junit.platform.engine.support.hierarchical.Node.around(Node.java:137) ~[junit-platform-engine-1.7.2.jar:1.7.2]
	at org.junit.platform.engine.support.hierarchical.NodeTestTask.lambda$executeRecursively$8(NodeTestTask.java:127) ~[junit-platform-engine-1.7.2.jar:1.7.2]
	at org.junit.platform.engine.support.hierarchical.ThrowableCollector.execute(ThrowableCollector.java:73) ~[junit-platform-engine-1.7.2.jar:1.7.2]
	at org.junit.platform.engine.support.hierarchical.NodeTestTask.executeRecursively(NodeTestTask.java:126) ~[junit-platform-engine-1.7.2.jar:1.7.2]
	at org.junit.platform.engine.support.hierarchical.NodeTestTask.execute(NodeTestTask.java:84) ~[junit-platform-engine-1.7.2.jar:1.7.2]
	at java.util.ArrayList.forEach(ArrayList.java:1597) ~[?:?]
	at org.junit.platform.engine.support.hierarchical.SameThreadHierarchicalTestExecutorService.invokeAll(SameThreadHierarchicalTestExecutorService.java:38) ~[junit-platform-engine-1.7.2.jar:1.7.2]
	at org.junit.platform.engine.support.hierarchical.NodeTestTask.lambda$executeRecursively$5(NodeTestTask.java:143) ~[junit-platform-engine-1.7.2.jar:1.7.2]
	at org.junit.platform.engine.support.hierarchical.ThrowableCollector.execute(ThrowableCollector.java:73) ~[junit-platform-engine-1.7.2.jar:1.7.2]
	at org.junit.platform.engine.support.hierarchical.NodeTestTask.lambda$executeRecursively$7(NodeTestTask.java:129) ~[junit-platform-engine-1.7.2.jar:1.7.2]
	at org.junit.platform.engine.support.hierarchical.Node.around(Node.java:137) ~[junit-platform-engine-1.7.2.jar:1.7.2]
	at org.junit.platform.engine.support.hierarchical.NodeTestTask.lambda$executeRecursively$8(NodeTestTask.java:127) ~[junit-platform-engine-1.7.2.jar:1.7.2]
	at org.junit.platform.engine.support.hierarchical.ThrowableCollector.execute(ThrowableCollector.java:73) [junit-platform-engine-1.7.2.jar:1.7.2]
	at org.junit.platform.engine.support.hierarchical.NodeTestTask.executeRecursively(NodeTestTask.java:126) [junit-platform-engine-1.7.2.jar:1.7.2]
	at org.junit.platform.engine.support.hierarchical.NodeTestTask.execute(NodeTestTask.java:84) [junit-platform-engine-1.7.2.jar:1.7.2]
	at org.junit.platform.engine.support.hierarchical.SameThreadHierarchicalTestExecutorService.submit(SameThreadHierarchicalTestExecutorService.java:32) [junit-platform-engine-1.7.2.jar:1.7.2]
	at org.junit.platform.engine.support.hierarchical.HierarchicalTestExecutor.execute(HierarchicalTestExecutor.java:57) [junit-platform-engine-1.7.2.jar:1.7.2]
	at org.junit.platform.engine.support.hierarchical.HierarchicalTestEngine.execute(HierarchicalTestEngine.java:51) [junit-platform-engine-1.7.2.jar:1.7.2]
	at org.junit.platform.launcher.core.DefaultLauncher.execute(DefaultLauncher.java:170) [junit-platform-launcher-1.2.0.jar:1.2.0]
	at org.junit.platform.launcher.core.DefaultLauncher.execute(DefaultLauncher.java:154) [junit-platform-launcher-1.2.0.jar:1.2.0]
	at org.junit.platform.launcher.core.DefaultLauncher.execute(DefaultLauncher.java:90) [junit-platform-launcher-1.2.0.jar:1.2.0]
	at org.junit.platform.surefire.provider.JUnitPlatformProvider.invokeAllTests(JUnitPlatformProvider.java:132) [junit-platform-surefire-provider-1.2.0.jar:1.2.0]
	at org.junit.platform.surefire.provider.JUnitPlatformProvider.invoke(JUnitPlatformProvider.java:111) [junit-platform-surefire-provider-1.2.0.jar:1.2.0]
	at org.apache.maven.surefire.booter.ForkedBooter.invokeProviderInSameClassLoader(ForkedBooter.java:379) [surefire-booter-2.21.0.jar:2.21.0]
	at org.apache.maven.surefire.booter.ForkedBooter.runSuitesInProcess(ForkedBooter.java:340) [surefire-booter-2.21.0.jar:2.21.0]
	at org.apache.maven.surefire.booter.ForkedBooter.execute(ForkedBooter.java:125) [surefire-booter-2.21.0.jar:2.21.0]
	at org.apache.maven.surefire.booter.ForkedBooter.main(ForkedBooter.java:413) [surefire-booter-2.21.0.jar:2.21.0]
Caused by: com.mysql.cj.exceptions.CJCommunicationsException: Communications link failure

The last packet sent successfully to the server was 0 milliseconds ago. The driver has not received any packets from the server.
	at jdk.internal.reflect.DirectConstructorHandleAccessor.newInstance(DirectConstructorHandleAccessor.java:62) ~[?:?]
	at java.lang.reflect.Constructor.newInstanceWithCaller(Constructor.java:501) ~[?:?]
	at java.lang.reflect.Constructor.newInstance(Constructor.java:485) ~[?:?]
	at com.mysql.cj.exceptions.ExceptionFactory.createException(ExceptionFactory.java:61) ~[mysql-connector-java-8.0.17.jar:8.0.17]
	at com.mysql.cj.exceptions.ExceptionFactory.createException(ExceptionFactory.java:105) ~[mysql-connector-java-8.0.17.jar:8.0.17]
	at com.mysql.cj.exceptions.ExceptionFactory.createException(ExceptionFactory.java:151) ~[mysql-connector-java-8.0.17.jar:8.0.17]
	at com.mysql.cj.exceptions.ExceptionFactory.createCommunicationsException(ExceptionFactory.java:167) ~[mysql-connector-java-8.0.17.jar:8.0.17]
	at com.mysql.cj.protocol.a.NativeSocketConnection.connect(NativeSocketConnection.java:91) ~[mysql-connector-java-8.0.17.jar:8.0.17]
	at com.mysql.cj.NativeSession.connect(NativeSession.java:150) ~[mysql-connector-java-8.0.17.jar:8.0.17]
	at com.mysql.cj.jdbc.ConnectionImpl.connectOneTryOnly(ConnectionImpl.java:947) ~[mysql-connector-java-8.0.17.jar:8.0.17]
	at com.mysql.cj.jdbc.ConnectionImpl.createNewIO(ConnectionImpl.java:817) ~[mysql-connector-java-8.0.17.jar:8.0.17]
	... 73 more
Caused by: java.net.ConnectException: Connection refused: connect
	at sun.nio.ch.Net.connect0(Native Method) ~[?:?]
	at sun.nio.ch.Net.connect(Net.java:589) ~[?:?]
	at sun.nio.ch.Net.connect(Net.java:578) ~[?:?]
	at sun.nio.ch.NioSocketImpl.connect(NioSocketImpl.java:583) ~[?:?]
	at java.net.SocksSocketImpl.connect(SocksSocketImpl.java:327) ~[?:?]
	at java.net.Socket.connect(Socket.java:760) ~[?:?]
	at com.mysql.cj.protocol.StandardSocketFactory.connect(StandardSocketFactory.java:155) ~[mysql-connector-java-8.0.17.jar:8.0.17]
	at com.mysql.cj.protocol.a.NativeSocketConnection.connect(NativeSocketConnection.java:65) ~[mysql-connector-java-8.0.17.jar:8.0.17]
	at com.mysql.cj.NativeSession.connect(NativeSession.java:150) ~[mysql-connector-java-8.0.17.jar:8.0.17]
	at com.mysql.cj.jdbc.ConnectionImpl.connectOneTryOnly(ConnectionImpl.java:947) ~[mysql-connector-java-8.0.17.jar:8.0.17]
	at com.mysql.cj.jdbc.ConnectionImpl.createNewIO(ConnectionImpl.java:817) ~[mysql-connector-java-8.0.17.jar:8.0.17]
	... 73 more
2025-02-10 23:02:37 [main] INFO : Create DB connection
2025-02-10 23:02:37 [main] ERROR: Error fetching next available slot
com.mysql.cj.jdbc.exceptions.CommunicationsException: Communications link failure

The last packet sent successfully to the server was 0 milliseconds ago. The driver has not received any packets from the server.
	at com.mysql.cj.jdbc.exceptions.SQLError.createCommunicationsException(SQLError.java:174) ~[mysql-connector-java-8.0.17.jar:8.0.17]
	at com.mysql.cj.jdbc.exceptions.SQLExceptionsMapping.translateException(SQLExceptionsMapping.java:64) ~[mysql-connector-java-8.0.17.jar:8.0.17]
	at com.mysql.cj.jdbc.ConnectionImpl.createNewIO(ConnectionImpl.java:827) ~[mysql-connector-java-8.0.17.jar:8.0.17]
	at com.mysql.cj.jdbc.ConnectionImpl.<init>(ConnectionImpl.java:447) ~[mysql-connector-java-8.0.17.jar:8.0.17]
	at com.mysql.cj.jdbc.ConnectionImpl.getInstance(ConnectionImpl.java:237) ~[mysql-connector-java-8.0.17.jar:8.0.17]
	at com.mysql.cj.jdbc.NonRegisteringDriver.connect(NonRegisteringDriver.java:199) ~[mysql-connector-java-8.0.17.jar:8.0.17]
	at java.sql.DriverManager.getConnection(DriverManager.java:682) ~[java.sql:?]
	at java.sql.DriverManager.getConnection(DriverManager.java:230) ~[java.sql:?]
	at com.parkit.parkingsystem.integration.config.DataBaseTestConfig.getConnection(DataBaseTestConfig.java:28) ~[test-classes/:?]
	at com.parkit.parkingsystem.dao.ParkingSpotDAO.getNextAvailableSlot(ParkingSpotDAO.java:30) ~[classes/:?]
	at com.parkit.parkingsystem.dao.ParkingSpotDAO.getNextParkingSpot(ParkingSpotDAO.java:45) ~[classes/:?]
	at com.parkit.parkingsystem.integration.ParkingDataBaseIT.testParkingACar(ParkingDataBaseIT.java:80) ~[test-classes/:?]
	at jdk.internal.reflect.DirectMethodHandleAccessor.invoke(DirectMethodHandleAccessor.java:103) ~[?:?]
	at java.lang.reflect.Method.invoke(Method.java:580) ~[?:?]
	at org.junit.platform.commons.util.ReflectionUtils.invokeMethod(ReflectionUtils.java:688) ~[junit-platform-commons-1.7.2.jar:1.7.2]
	at org.junit.jupiter.engine.execution.MethodInvocation.proceed(MethodInvocation.java:60) ~[junit-jupiter-engine-5.7.2.jar:5.7.2]
	at org.junit.jupiter.engine.execution.InvocationInterceptorChain$ValidatingInvocation.proceed(InvocationInterceptorChain.java:131) ~[junit-jupiter-engine-5.7.2.jar:5.7.2]
	at org.junit.jupiter.engine.extension.TimeoutExtension.intercept(TimeoutExtension.java:149) ~[junit-jupiter-engine-5.7.2.jar:5.7.2]
	at org.junit.jupiter.engine.extension.TimeoutExtension.interceptTestableMethod(TimeoutExtension.java:140) ~[junit-jupiter-engine-5.7.2.jar:5.7.2]
	at org.junit.jupiter.engine.extension.TimeoutExtension.interceptTestMethod(TimeoutExtension.java:84) ~[junit-jupiter-engine-5.7.2.jar:5.7.2]
	at org.junit.jupiter.engine.execution.ExecutableInvoker$ReflectiveInterceptorCall.lambda$ofVoidMethod$0(ExecutableInvoker.java:115) ~[junit-jupiter-engine-5.7.2.jar:5.7.2]
	at org.junit.jupiter.engine.execution.ExecutableInvoker.lambda$invoke$0(ExecutableInvoker.java:105) ~[junit-jupiter-engine-5.7.2.jar:5.7.2]
	at org.junit.jupiter.engine.execution.InvocationInterceptorChain$InterceptedInvocation.proceed(InvocationInterceptorChain.java:106) ~[junit-jupiter-engine-5.7.2.jar:5.7.2]
	at org.junit.jupiter.engine.execution.InvocationInterceptorChain.proceed(InvocationInterceptorChain.java:64) ~[junit-jupiter-engine-5.7.2.jar:5.7.2]
	at org.junit.jupiter.engine.execution.InvocationInterceptorChain.chainAndInvoke(InvocationInterceptorChain.java:45) ~[junit-jupiter-engine-5.7.2.jar:5.7.2]
	at org.junit.jupiter.engine.execution.InvocationInterceptorChain.invoke(InvocationInterceptorChain.java:37) ~[junit-jupiter-engine-5.7.2.jar:5.7.2]
	at org.junit.jupiter.engine.execution.ExecutableInvoker.invoke(ExecutableInvoker.java:104) ~[junit-jupiter-engine-5.7.2.jar:5.7.2]
	at org.junit.jupiter.engine.execution.ExecutableInvoker.invoke(ExecutableInvoker.java:98) ~[junit-jupiter-engine-5.7.2.jar:5.7.2]
	at org.junit.jupiter.engine.descriptor.TestMethodTestDescriptor.lambda$invokeTestMethod$6(TestMethodTestDescriptor.java:210) ~[junit-jupiter-engine-5.7.2.jar:5.7.2]
	at org.junit.platform.engine.support.hierarchical.ThrowableCollector.execute(ThrowableCollector.java:73) ~[junit-platform-engine-1.7.2.jar:1.7.2]
	at org.junit.jupiter.engine.descriptor.TestMethodTestDescriptor.invokeTestMethod(TestMethodTestDescriptor.java:206) ~[junit-jupiter-engine-5.7.2.jar:5.7.2]
	at org.junit.jupiter.engine.descriptor.TestMethodTestDescriptor.execute(TestMethodTestDescriptor.java:131) ~[junit-jupiter-engine-5.7.2.jar:5.7.2]
	at org.junit.jupiter.engine.descriptor.TestMethodTestDescriptor.execute(TestMethodTestDescriptor.java:65) ~[junit-jupiter-engine-5.7.2.jar:5.7.2]
	at org.junit.platform.engine.support.hierarchical.NodeTestTask.lambda$executeRecursively$5(NodeTestTask.java:139) ~[junit-platform-engine-1.7.2.jar:1.7.2]
	at org.junit.platform.engine.support.hierarchical.ThrowableCollector.execute(ThrowableCollector.java:73) ~[junit-platform-engine-1.7.2.jar:1.7.2]
	at org.junit.platform.engine.support.hierarchical.NodeTestTask.lambda$executeRecursively$7(NodeTestTask.java:129) ~[junit-platform-engine-1.7.2.jar:1.7.2]
	at org.junit.platform.engine.support.hierarchical.Node.around(Node.java:137) ~[junit-platform-engine-1.7.2.jar:1.7.2]
	at org.junit.platform.engine.support.hierarchical.NodeTestTask.lambda$executeRecursively$8(NodeTestTask.java:127) ~[junit-platform-engine-1.7.2.jar:1.7.2]
	at org.junit.platform.engine.support.hierarchical.ThrowableCollector.execute(ThrowableCollector.java:73) ~[junit-platform-engine-1.7.2.jar:1.7.2]
	at org.junit.platform.engine.support.hierarchical.NodeTestTask.executeRecursively(NodeTestTask.java:126) ~[junit-platform-engine-1.7.2.jar:1.7.2]
	at org.junit.platform.engine.support.hierarchical.NodeTestTask.execute(NodeTestTask.java:84) ~[junit-platform-engine-1.7.2.jar:1.7.2]
	at java.util.ArrayList.forEach(ArrayList.java:1597) ~[?:?]
	at org.junit.platform.engine.support.hierarchical.SameThreadHierarchicalTestExecutorService.invokeAll(SameThreadHierarchicalTestExecutorService.java:38) ~[junit-platform-engine-1.7.2.jar:1.7.2]
	at org.junit.platform.engine.support.hierarchical.NodeTestTask.lambda$executeRecursively$5(NodeTestTask.java:143) ~[junit-platform-engine-1.7.2.jar:1.7.2]
	at org.junit.platform.engine.support.hierarchical.ThrowableCollector.execute(ThrowableCollector.java:73) ~[junit-platform-engine-1.7.2.jar:1.7.2]
	at org.junit.platform.engine.support.hierarchical.NodeTestTask.lambda$executeRecursively$7(NodeTestTask.java:129) ~[junit-platform-engine-1.7.2.jar:1.7.2]
	at org.junit.platform.engine.support.hierarchical.Node.around(Node.java:137) ~[junit-platform-engine-1.7.2.jar:1.7.2]
	at org.junit.platform.engine.support.hierarchical.NodeTestTask.lambda$executeRecursively$8(NodeTestTask.java:127) ~[junit-platform-engine-1.7.2.jar:1.7.2]
	at org.junit.platform.engine.support.hierarchical.ThrowableCollector.execute(ThrowableCollector.java:73) ~[junit-platform-engine-1.7.2.jar:1.7.2]
	at org.junit.platform.engine.support.hierarchical.NodeTestTask.executeRecursively(NodeTestTask.java:126) ~[junit-platform-engine-1.7.2.jar:1.7.2]
	at org.junit.platform.engine.support.hierarchical.NodeTestTask.execute(NodeTestTask.java:84) ~[junit-platform-engine-1.7.2.jar:1.7.2]
	at java.util.ArrayList.forEach(ArrayList.java:1597) ~[?:?]
	at org.junit.platform.engine.support.hierarchical.SameThreadHierarchicalTestExecutorService.invokeAll(SameThreadHierarchicalTestExecutorService.java:38) ~[junit-platform-engine-1.7.2.jar:1.7.2]
	at org.junit.platform.engine.support.hierarchical.NodeTestTask.lambda$executeRecursively$5(NodeTestTask.java:143) ~[junit-platform-engine-1.7.2.jar:1.7.2]
	at org.junit.platform.engine.support.hierarchical.ThrowableCollector.execute(ThrowableCollector.java:73) ~[junit-platform-engine-1.7.2.jar:1.7.2]
	at org.junit.platform.engine.support.hierarchical.NodeTestTask.lambda$executeRecursively$7(NodeTestTask.java:129) ~[junit-platform-engine-1.7.2.jar:1.7.2]
	at org.junit.platform.engine.support.hierarchical.Node.around(Node.java:137) ~[junit-platform-engine-1.7.2.jar:1.7.2]
	at org.junit.platform.engine.support.hierarchical.NodeTestTask.lambda$executeRecursively$8(NodeTestTask.java:127) ~[junit-platform-engine-1.7.2.jar:1.7.2]
	at org.junit.platform.engine.support.hierarchical.ThrowableCollector.execute(ThrowableCollector.java:73) [junit-platform-engine-1.7.2.jar:1.7.2]
	at org.junit.platform.engine.support.hierarchical.NodeTestTask.executeRecursively(NodeTestTask.java:126) [junit-platform-engine-1.7.2.jar:1.7.2]
	at org.junit.platform.engine.support.hierarchical.NodeTestTask.execute(NodeTestTask.java:84) [junit-platform-engine-1.7.2.jar:1.7.2]
	at org.junit.platform.engine.support.hierarchical.SameThreadHierarchicalTestExecutorService.submit(SameThreadHierarchicalTestExecutorService.java:32) [junit-platform-engine-1.7.2.jar:1.7.2]
	at org.junit.platform.engine.support.hierarchical.HierarchicalTestExecutor.execute(HierarchicalTestExecutor.java:57) [junit-platform-engine-1.7.2.jar:1.7.2]
	at org.junit.platform.engine.support.hierarchical.HierarchicalTestEngine.execute(HierarchicalTestEngine.java:51) [junit-platform-engine-1.7.2.jar:1.7.2]
	at org.junit.platform.launcher.core.DefaultLauncher.execute(DefaultLauncher.java:170) [junit-platform-launcher-1.2.0.jar:1.2.0]
	at org.junit.platform.launcher.core.DefaultLauncher.execute(DefaultLauncher.java:154) [junit-platform-launcher-1.2.0.jar:1.2.0]
	at org.junit.platform.launcher.core.DefaultLauncher.execute(DefaultLauncher.java:90) [junit-platform-launcher-1.2.0.jar:1.2.0]
	at org.junit.platform.surefire.provider.JUnitPlatformProvider.invokeAllTests(JUnitPlatformProvider.java:132) [junit-platform-surefire-provider-1.2.0.jar:1.2.0]
	at org.junit.platform.surefire.provider.JUnitPlatformProvider.invoke(JUnitPlatformProvider.java:111) [junit-platform-surefire-provider-1.2.0.jar:1.2.0]
	at org.apache.maven.surefire.booter.ForkedBooter.invokeProviderInSameClassLoader(ForkedBooter.java:379) [surefire-booter-2.21.0.jar:2.21.0]
	at org.apache.maven.surefire.booter.ForkedBooter.runSuitesInProcess(ForkedBooter.java:340) [surefire-booter-2.21.0.jar:2.21.0]
	at org.apache.maven.surefire.booter.ForkedBooter.execute(ForkedBooter.java:125) [surefire-booter-2.21.0.jar:2.21.0]
	at org.apache.maven.surefire.booter.ForkedBooter.main(ForkedBooter.java:413) [surefire-booter-2.21.0.jar:2.21.0]
Caused by: com.mysql.cj.exceptions.CJCommunicationsException: Communications link failure

The last packet sent successfully to the server was 0 milliseconds ago. The driver has not received any packets from the server.
	at jdk.internal.reflect.DirectConstructorHandleAccessor.newInstance(DirectConstructorHandleAccessor.java:62) ~[?:?]
	at java.lang.reflect.Constructor.newInstanceWithCaller(Constructor.java:501) ~[?:?]
	at java.lang.reflect.Constructor.newInstance(Constructor.java:485) ~[?:?]
	at com.mysql.cj.exceptions.ExceptionFactory.createException(ExceptionFactory.java:61) ~[mysql-connector-java-8.0.17.jar:8.0.17]
	at com.mysql.cj.exceptions.ExceptionFactory.createException(ExceptionFactory.java:105) ~[mysql-connector-java-8.0.17.jar:8.0.17]
	at com.mysql.cj.exceptions.ExceptionFactory.createException(ExceptionFactory.java:151) ~[mysql-connector-java-8.0.17.jar:8.0.17]
	at com.mysql.cj.exceptions.ExceptionFactory.createCommunicationsException(ExceptionFactory.java:167) ~[mysql-connector-java-8.0.17.jar:8.0.17]
	at com.mysql.cj.protocol.a.NativeSocketConnection.connect(NativeSocketConnection.java:91) ~[mysql-connector-java-8.0.17.jar:8.0.17]
	at com.mysql.cj.NativeSession.connect(NativeSession.java:150) ~[mysql-connector-java-8.0.17.jar:8.0.17]
	at com.mysql.cj.jdbc.ConnectionImpl.connectOneTryOnly(ConnectionImpl.java:947) ~[mysql-connector-java-8.0.17.jar:8.0.17]
	at com.mysql.cj.jdbc.ConnectionImpl.createNewIO(ConnectionImpl.java:817) ~[mysql-connector-java-8.0.17.jar:8.0.17]
	... 70 more
Caused by: java.net.ConnectException: Connection refused: connect
	at sun.nio.ch.Net.connect0(Native Method) ~[?:?]
	at sun.nio.ch.Net.connect(Net.java:589) ~[?:?]
	at sun.nio.ch.Net.connect(Net.java:578) ~[?:?]
	at sun.nio.ch.NioSocketImpl.connect(NioSocketImpl.java:583) ~[?:?]
	at java.net.SocksSocketImpl.connect(SocksSocketImpl.java:327) ~[?:?]
	at java.net.Socket.connect(Socket.java:760) ~[?:?]
	at com.mysql.cj.protocol.StandardSocketFactory.connect(StandardSocketFactory.java:155) ~[mysql-connector-java-8.0.17.jar:8.0.17]
	at com.mysql.cj.protocol.a.NativeSocketConnection.connect(NativeSocketConnection.java:65) ~[mysql-connector-java-8.0.17.jar:8.0.17]
	at com.mysql.cj.NativeSession.connect(NativeSession.java:150) ~[mysql-connector-java-8.0.17.jar:8.0.17]
	at com.mysql.cj.jdbc.ConnectionImpl.connectOneTryOnly(ConnectionImpl.java:947) ~[mysql-connector-java-8.0.17.jar:8.0.17]
	at com.mysql.cj.jdbc.ConnectionImpl.createNewIO(ConnectionImpl.java:817) ~[mysql-connector-java-8.0.17.jar:8.0.17]
	... 70 more
